[version: 1.2.29, 2025-11-28T07:05:57.112Z, pid: 6851] > /home/peaches/anaconda3/bin/python -m dvc --version - INITIALIZED
[version: 1.2.29, 2025-11-28T07:05:57.125Z, pid: 6851] > /home/peaches/anaconda3/bin/python -m dvc --version - FAILED with code 1 (17ms)
/home/peaches/anaconda3/bin/python: No module named dvc

[version: 1.2.29, 2025-11-28T07:05:57.131Z, pid: 0] > dvc --version - INITIALIZED
[version: 1.2.29, 2025-11-28T07:05:57.136Z, pid: 0] > dvc --version - FAILED (10ms)
Command failed with ENOENT: dvc --version
spawn dvc ENOENT
[version: 1.2.29, 2025-11-28T07:06:02.143Z, pid: 6913] > /home/peaches/anaconda3/bin/python -m dvc --version - INITIALIZED
[version: 1.2.29, 2025-11-28T07:06:02.153Z, pid: 6913] > /home/peaches/anaconda3/bin/python -m dvc --version - FAILED with code 1 (15ms)
/home/peaches/anaconda3/bin/python: No module named dvc

[version: 1.2.29, 2025-11-28T07:06:02.158Z, pid: 0] > dvc --version - INITIALIZED
[version: 1.2.29, 2025-11-28T07:06:02.159Z, pid: 0] > dvc --version - FAILED (6ms)
Command failed with ENOENT: dvc --version
spawn dvc ENOENT
[version: 1.2.29, 2025-11-28T07:06:07.166Z, pid: 6918] > /home/peaches/anaconda3/bin/python -m dvc --version - INITIALIZED
[version: 1.2.29, 2025-11-28T07:06:07.175Z, pid: 6918] > /home/peaches/anaconda3/bin/python -m dvc --version - FAILED with code 1 (15ms)
/home/peaches/anaconda3/bin/python: No module named dvc

[version: 1.2.29, 2025-11-28T07:06:07.180Z, pid: 0] > dvc --version - INITIALIZED
[version: 1.2.29, 2025-11-28T07:06:07.181Z, pid: 0] > dvc --version - FAILED (5ms)
Command failed with ENOENT: dvc --version
spawn dvc ENOENT
[version: 1.2.29, 2025-11-28T07:06:12.186Z, pid: 6920] > /home/peaches/anaconda3/bin/python -m dvc --version - INITIALIZED
[version: 1.2.29, 2025-11-28T07:06:12.195Z, pid: 6920] > /home/peaches/anaconda3/bin/python -m dvc --version - FAILED with code 1 (13ms)
/home/peaches/anaconda3/bin/python: No module named dvc

[version: 1.2.29, 2025-11-28T07:06:12.200Z, pid: 0] > dvc --version - INITIALIZED
[version: 1.2.29, 2025-11-28T07:06:12.201Z, pid: 0] > dvc --version - FAILED (5ms)
Command failed with ENOENT: dvc --version
spawn dvc ENOENT
[version: 1.2.29, 2025-11-28T07:06:17.207Z, pid: 6922] > /home/peaches/anaconda3/bin/python -m dvc --version - INITIALIZED
[version: 1.2.29, 2025-11-28T07:06:17.217Z, pid: 6922] > /home/peaches/anaconda3/bin/python -m dvc --version - FAILED with code 1 (15ms)
/home/peaches/anaconda3/bin/python: No module named dvc

[version: 1.2.29, 2025-11-28T07:06:17.222Z, pid: 0] > dvc --version - INITIALIZED
[version: 1.2.29, 2025-11-28T07:06:17.223Z, pid: 0] > dvc --version - FAILED (6ms)
Command failed with ENOENT: dvc --version
spawn dvc ENOENT
[version: 1.2.29, 2025-11-28T07:06:22.229Z, pid: 6924] > /home/peaches/anaconda3/bin/python -m dvc --version - INITIALIZED
[version: 1.2.29, 2025-11-28T07:06:22.238Z, pid: 6924] > /home/peaches/anaconda3/bin/python -m dvc --version - FAILED with code 1 (14ms)
/home/peaches/anaconda3/bin/python: No module named dvc

[version: 1.2.29, 2025-11-28T07:06:22.244Z, pid: 0] > dvc --version - INITIALIZED
[version: 1.2.29, 2025-11-28T07:06:22.244Z, pid: 0] > dvc --version - FAILED (5ms)
Command failed with ENOENT: dvc --version
spawn dvc ENOENT
[version: 1.2.29, 2025-11-28T07:06:27.250Z, pid: 6928] > /home/peaches/anaconda3/bin/python -m dvc --version - INITIALIZED
[version: 1.2.29, 2025-11-28T07:06:27.260Z, pid: 6928] > /home/peaches/anaconda3/bin/python -m dvc --version - FAILED with code 1 (15ms)
/home/peaches/anaconda3/bin/python: No module named dvc

[version: 1.2.29, 2025-11-28T07:06:27.265Z, pid: 0] > dvc --version - INITIALIZED
[version: 1.2.29, 2025-11-28T07:06:27.266Z, pid: 0] > dvc --version - FAILED (6ms)
Command failed with ENOENT: dvc --version
spawn dvc ENOENT
[version: 1.2.29, 2025-11-28T07:06:32.272Z, pid: 6933] > /home/peaches/anaconda3/bin/python -m dvc --version - INITIALIZED
[version: 1.2.29, 2025-11-28T07:06:32.282Z, pid: 6933] > /home/peaches/anaconda3/bin/python -m dvc --version - FAILED with code 1 (15ms)
/home/peaches/anaconda3/bin/python: No module named dvc

[version: 1.2.29, 2025-11-28T07:06:32.287Z, pid: 0] > dvc --version - INITIALIZED
[version: 1.2.29, 2025-11-28T07:06:32.288Z, pid: 0] > dvc --version - FAILED (6ms)
Command failed with ENOENT: dvc --version
spawn dvc ENOENT
[version: 1.2.29, 2025-11-28T07:06:37.294Z, pid: 7002] > /home/peaches/anaconda3/bin/python -m dvc --version - INITIALIZED
[version: 1.2.29, 2025-11-28T07:06:37.305Z, pid: 7002] > /home/peaches/anaconda3/bin/python -m dvc --version - FAILED with code 1 (17ms)
/home/peaches/anaconda3/bin/python: No module named dvc

[version: 1.2.29, 2025-11-28T07:06:37.310Z, pid: 0] > dvc --version - INITIALIZED
[version: 1.2.29, 2025-11-28T07:06:37.311Z, pid: 0] > dvc --version - FAILED (6ms)
Command failed with ENOENT: dvc --version
spawn dvc ENOENT
[version: 1.2.29, 2025-11-28T07:06:42.316Z, pid: 7014] > /home/peaches/anaconda3/bin/python -m dvc --version - INITIALIZED
[version: 1.2.29, 2025-11-28T07:06:42.325Z, pid: 7014] > /home/peaches/anaconda3/bin/python -m dvc --version - FAILED with code 1 (14ms)
/home/peaches/anaconda3/bin/python: No module named dvc

[version: 1.2.29, 2025-11-28T07:06:42.330Z, pid: 0] > dvc --version - INITIALIZED
[version: 1.2.29, 2025-11-28T07:06:42.331Z, pid: 0] > dvc --version - FAILED (5ms)
Command failed with ENOENT: dvc --version
spawn dvc ENOENT
[version: 1.2.29, 2025-11-28T07:06:47.338Z, pid: 7017] > /home/peaches/anaconda3/bin/python -m dvc --version - INITIALIZED
[version: 1.2.29, 2025-11-28T07:06:47.347Z, pid: 7017] > /home/peaches/anaconda3/bin/python -m dvc --version - FAILED with code 1 (15ms)
/home/peaches/anaconda3/bin/python: No module named dvc

[version: 1.2.29, 2025-11-28T07:06:47.353Z, pid: 0] > dvc --version - INITIALIZED
[version: 1.2.29, 2025-11-28T07:06:47.354Z, pid: 0] > dvc --version - FAILED (6ms)
Command failed with ENOENT: dvc --version
spawn dvc ENOENT
[version: 1.2.29, 2025-11-28T07:06:52.361Z, pid: 7037] > /home/peaches/anaconda3/bin/python -m dvc --version - INITIALIZED
[version: 1.2.29, 2025-11-28T07:06:52.371Z, pid: 7037] > /home/peaches/anaconda3/bin/python -m dvc --version - FAILED with code 1 (16ms)
/home/peaches/anaconda3/bin/python: No module named dvc

[version: 1.2.29, 2025-11-28T07:06:52.377Z, pid: 0] > dvc --version - INITIALIZED
[version: 1.2.29, 2025-11-28T07:06:52.378Z, pid: 0] > dvc --version - FAILED (7ms)
Command failed with ENOENT: dvc --version
spawn dvc ENOENT
[version: 1.2.29, 2025-11-28T07:06:57.384Z, pid: 7072] > /home/peaches/anaconda3/bin/python -m dvc --version - INITIALIZED
[version: 1.2.29, 2025-11-28T07:06:57.394Z, pid: 7072] > /home/peaches/anaconda3/bin/python -m dvc --version - FAILED with code 1 (15ms)
/home/peaches/anaconda3/bin/python: No module named dvc

[version: 1.2.29, 2025-11-28T07:06:57.399Z, pid: 0] > dvc --version - INITIALIZED
[version: 1.2.29, 2025-11-28T07:06:57.400Z, pid: 0] > dvc --version - FAILED (5ms)
Command failed with ENOENT: dvc --version
spawn dvc ENOENT
[version: 1.2.29, 2025-11-28T07:07:02.406Z, pid: 7146] > /home/peaches/anaconda3/bin/python -m dvc --version - INITIALIZED
[version: 1.2.29, 2025-11-28T07:07:02.415Z, pid: 7146] > /home/peaches/anaconda3/bin/python -m dvc --version - FAILED with code 1 (15ms)
/home/peaches/anaconda3/bin/python: No module named dvc

[version: 1.2.29, 2025-11-28T07:07:02.420Z, pid: 0] > dvc --version - INITIALIZED
[version: 1.2.29, 2025-11-28T07:07:02.420Z, pid: 0] > dvc --version - FAILED (5ms)
Command failed with ENOENT: dvc --version
spawn dvc ENOENT
[version: 1.2.29, 2025-11-28T07:07:07.426Z, pid: 7153] > /home/peaches/anaconda3/bin/python -m dvc --version - INITIALIZED
[version: 1.2.29, 2025-11-28T07:07:07.435Z, pid: 7153] > /home/peaches/anaconda3/bin/python -m dvc --version - FAILED with code 1 (14ms)
/home/peaches/anaconda3/bin/python: No module named dvc

[version: 1.2.29, 2025-11-28T07:07:07.440Z, pid: 0] > dvc --version - INITIALIZED
[version: 1.2.29, 2025-11-28T07:07:07.441Z, pid: 0] > dvc --version - FAILED (5ms)
Command failed with ENOENT: dvc --version
spawn dvc ENOENT
[version: 1.2.29, 2025-11-28T07:07:12.445Z, pid: 7155] > /home/peaches/anaconda3/bin/python -m dvc --version - INITIALIZED
[version: 1.2.29, 2025-11-28T07:07:12.455Z, pid: 7155] > /home/peaches/anaconda3/bin/python -m dvc --version - FAILED with code 1 (14ms)
/home/peaches/anaconda3/bin/python: No module named dvc

[version: 1.2.29, 2025-11-28T07:07:12.459Z, pid: 0] > dvc --version - INITIALIZED
[version: 1.2.29, 2025-11-28T07:07:12.460Z, pid: 0] > dvc --version - FAILED (5ms)
Command failed with ENOENT: dvc --version
spawn dvc ENOENT
[version: 1.2.29, 2025-11-28T07:07:17.465Z, pid: 7158] > /home/peaches/anaconda3/bin/python -m dvc --version - INITIALIZED
[version: 1.2.29, 2025-11-28T07:07:17.474Z, pid: 7158] > /home/peaches/anaconda3/bin/python -m dvc --version - FAILED with code 1 (13ms)
/home/peaches/anaconda3/bin/python: No module named dvc

[version: 1.2.29, 2025-11-28T07:07:17.478Z, pid: 0] > dvc --version - INITIALIZED
[version: 1.2.29, 2025-11-28T07:07:17.479Z, pid: 0] > dvc --version - FAILED (5ms)
Command failed with ENOENT: dvc --version
spawn dvc ENOENT
[version: 1.2.29, 2025-11-28T07:07:22.484Z, pid: 7162] > /home/peaches/anaconda3/bin/python -m dvc --version - INITIALIZED
[version: 1.2.29, 2025-11-28T07:07:22.493Z, pid: 7162] > /home/peaches/anaconda3/bin/python -m dvc --version - FAILED with code 1 (14ms)
/home/peaches/anaconda3/bin/python: No module named dvc

[version: 1.2.29, 2025-11-28T07:07:22.498Z, pid: 0] > dvc --version - INITIALIZED
[version: 1.2.29, 2025-11-28T07:07:22.499Z, pid: 0] > dvc --version - FAILED (5ms)
Command failed with ENOENT: dvc --version
spawn dvc ENOENT
[version: 1.2.29, 2025-11-28T07:07:27.504Z, pid: 7166] > /home/peaches/anaconda3/bin/python -m dvc --version - INITIALIZED
[version: 1.2.29, 2025-11-28T07:07:27.516Z, pid: 7166] > /home/peaches/anaconda3/bin/python -m dvc --version - FAILED with code 1 (17ms)
/home/peaches/anaconda3/bin/python: No module named dvc

[version: 1.2.29, 2025-11-28T07:07:27.523Z, pid: 0] > dvc --version - INITIALIZED
[version: 1.2.29, 2025-11-28T07:07:27.524Z, pid: 0] > dvc --version - FAILED (7ms)
Command failed with ENOENT: dvc --version
spawn dvc ENOENT
[version: 1.2.29, 2025-11-28T07:07:32.532Z, pid: 7172] > /home/peaches/anaconda3/bin/python -m dvc --version - INITIALIZED
[version: 1.2.29, 2025-11-28T07:07:32.540Z, pid: 7172] > /home/peaches/anaconda3/bin/python -m dvc --version - FAILED with code 1 (15ms)
/home/peaches/anaconda3/bin/python: No module named dvc

[version: 1.2.29, 2025-11-28T07:07:32.545Z, pid: 0] > dvc --version - INITIALIZED
[version: 1.2.29, 2025-11-28T07:07:32.546Z, pid: 0] > dvc --version - FAILED (4ms)
Command failed with ENOENT: dvc --version
spawn dvc ENOENT
[version: 1.2.29, 2025-11-28T07:07:37.553Z, pid: 7174] > /home/peaches/anaconda3/bin/python -m dvc --version - INITIALIZED
[version: 1.2.29, 2025-11-28T07:07:37.561Z, pid: 7174] > /home/peaches/anaconda3/bin/python -m dvc --version - FAILED with code 1 (15ms)
/home/peaches/anaconda3/bin/python: No module named dvc

[version: 1.2.29, 2025-11-28T07:07:37.566Z, pid: 0] > dvc --version - INITIALIZED
[version: 1.2.29, 2025-11-28T07:07:37.567Z, pid: 0] > dvc --version - FAILED (5ms)
Command failed with ENOENT: dvc --version
spawn dvc ENOENT
[version: 1.2.29, 2025-11-28T07:07:42.571Z, pid: 7188] > /home/peaches/anaconda3/bin/python -m dvc --version - INITIALIZED
[version: 1.2.29, 2025-11-28T07:07:42.580Z, pid: 7188] > /home/peaches/anaconda3/bin/python -m dvc --version - FAILED with code 1 (14ms)
/home/peaches/anaconda3/bin/python: No module named dvc

[version: 1.2.29, 2025-11-28T07:07:42.585Z, pid: 0] > dvc --version - INITIALIZED
[version: 1.2.29, 2025-11-28T07:07:42.585Z, pid: 0] > dvc --version - FAILED (5ms)
Command failed with ENOENT: dvc --version
spawn dvc ENOENT
[version: 1.2.29, 2025-11-28T07:07:47.591Z, pid: 7190] > /home/peaches/anaconda3/bin/python -m dvc --version - INITIALIZED
[version: 1.2.29, 2025-11-28T07:07:47.600Z, pid: 7190] > /home/peaches/anaconda3/bin/python -m dvc --version - FAILED with code 1 (14ms)
/home/peaches/anaconda3/bin/python: No module named dvc

[version: 1.2.29, 2025-11-28T07:07:47.606Z, pid: 0] > dvc --version - INITIALIZED
[version: 1.2.29, 2025-11-28T07:07:47.607Z, pid: 0] > dvc --version - FAILED (7ms)
Command failed with ENOENT: dvc --version
spawn dvc ENOENT
[version: 1.2.29, 2025-11-28T07:07:52.612Z, pid: 7194] > /home/peaches/anaconda3/bin/python -m dvc --version - INITIALIZED
[version: 1.2.29, 2025-11-28T07:07:52.624Z, pid: 7194] > /home/peaches/anaconda3/bin/python -m dvc --version - FAILED with code 1 (16ms)
/home/peaches/anaconda3/bin/python: No module named dvc

[version: 1.2.29, 2025-11-28T07:07:52.629Z, pid: 0] > dvc --version - INITIALIZED
[version: 1.2.29, 2025-11-28T07:07:52.630Z, pid: 0] > dvc --version - FAILED (6ms)
Command failed with ENOENT: dvc --version
spawn dvc ENOENT
[version: 1.2.29, 2025-11-28T07:07:57.635Z, pid: 7201] > /home/peaches/anaconda3/bin/python -m dvc --version - INITIALIZED
[version: 1.2.29, 2025-11-28T07:07:57.645Z, pid: 7201] > /home/peaches/anaconda3/bin/python -m dvc --version - FAILED with code 1 (15ms)
/home/peaches/anaconda3/bin/python: No module named dvc

[version: 1.2.29, 2025-11-28T07:07:57.650Z, pid: 0] > dvc --version - INITIALIZED
[version: 1.2.29, 2025-11-28T07:07:57.651Z, pid: 0] > dvc --version - FAILED (6ms)
Command failed with ENOENT: dvc --version
spawn dvc ENOENT
[version: 1.2.29, 2025-11-28T07:08:02.656Z, pid: 7203] > /home/peaches/anaconda3/bin/python -m dvc --version - INITIALIZED
[version: 1.2.29, 2025-11-28T07:08:02.665Z, pid: 7203] > /home/peaches/anaconda3/bin/python -m dvc --version - FAILED with code 1 (14ms)
/home/peaches/anaconda3/bin/python: No module named dvc

[version: 1.2.29, 2025-11-28T07:08:02.670Z, pid: 0] > dvc --version - INITIALIZED
[version: 1.2.29, 2025-11-28T07:08:02.671Z, pid: 0] > dvc --version - FAILED (5ms)
Command failed with ENOENT: dvc --version
spawn dvc ENOENT
[version: 1.2.29, 2025-11-28T07:08:07.677Z, pid: 7205] > /home/peaches/anaconda3/bin/python -m dvc --version - INITIALIZED
[version: 1.2.29, 2025-11-28T07:08:07.686Z, pid: 7205] > /home/peaches/anaconda3/bin/python -m dvc --version - FAILED with code 1 (14ms)
/home/peaches/anaconda3/bin/python: No module named dvc

[version: 1.2.29, 2025-11-28T07:08:07.690Z, pid: 0] > dvc --version - INITIALIZED
[version: 1.2.29, 2025-11-28T07:08:07.691Z, pid: 0] > dvc --version - FAILED (5ms)
Command failed with ENOENT: dvc --version
spawn dvc ENOENT
[version: 1.2.29, 2025-11-28T07:08:12.698Z, pid: 7207] > /home/peaches/anaconda3/bin/python -m dvc --version - INITIALIZED
[version: 1.2.29, 2025-11-28T07:08:12.707Z, pid: 7207] > /home/peaches/anaconda3/bin/python -m dvc --version - FAILED with code 1 (15ms)
/home/peaches/anaconda3/bin/python: No module named dvc

[version: 1.2.29, 2025-11-28T07:08:12.712Z, pid: 0] > dvc --version - INITIALIZED
[version: 1.2.29, 2025-11-28T07:08:12.713Z, pid: 0] > dvc --version - FAILED (5ms)
Command failed with ENOENT: dvc --version
spawn dvc ENOENT
[version: 1.2.29, 2025-11-28T07:08:17.719Z, pid: 7217] > /home/peaches/anaconda3/bin/python -m dvc --version - INITIALIZED
[version: 1.2.29, 2025-11-28T07:08:17.728Z, pid: 7217] > /home/peaches/anaconda3/bin/python -m dvc --version - FAILED with code 1 (14ms)
/home/peaches/anaconda3/bin/python: No module named dvc

[version: 1.2.29, 2025-11-28T07:08:17.732Z, pid: 0] > dvc --version - INITIALIZED
[version: 1.2.29, 2025-11-28T07:08:17.733Z, pid: 0] > dvc --version - FAILED (5ms)
Command failed with ENOENT: dvc --version
spawn dvc ENOENT
[version: 1.2.29, 2025-11-28T07:08:22.737Z, pid: 7219] > /home/peaches/anaconda3/bin/python -m dvc --version - INITIALIZED
[version: 1.2.29, 2025-11-28T07:08:22.749Z, pid: 7219] > /home/peaches/anaconda3/bin/python -m dvc --version - FAILED with code 1 (17ms)
/home/peaches/anaconda3/bin/python: No module named dvc

[version: 1.2.29, 2025-11-28T07:08:22.755Z, pid: 0] > dvc --version - INITIALIZED
[version: 1.2.29, 2025-11-28T07:08:22.756Z, pid: 0] > dvc --version - FAILED (5ms)
Command failed with ENOENT: dvc --version
spawn dvc ENOENT
[version: 1.2.29, 2025-11-28T07:08:27.761Z, pid: 7221] > /home/peaches/anaconda3/bin/python -m dvc --version - INITIALIZED
[version: 1.2.29, 2025-11-28T07:08:27.770Z, pid: 7221] > /home/peaches/anaconda3/bin/python -m dvc --version - FAILED with code 1 (14ms)
/home/peaches/anaconda3/bin/python: No module named dvc

[version: 1.2.29, 2025-11-28T07:08:27.775Z, pid: 0] > dvc --version - INITIALIZED
[version: 1.2.29, 2025-11-28T07:08:27.776Z, pid: 0] > dvc --version - FAILED (5ms)
Command failed with ENOENT: dvc --version
spawn dvc ENOENT
[version: 1.2.29, 2025-11-28T07:08:32.782Z, pid: 7223] > /home/peaches/anaconda3/bin/python -m dvc --version - INITIALIZED
[version: 1.2.29, 2025-11-28T07:08:32.791Z, pid: 7223] > /home/peaches/anaconda3/bin/python -m dvc --version - FAILED with code 1 (14ms)
/home/peaches/anaconda3/bin/python: No module named dvc

[version: 1.2.29, 2025-11-28T07:08:32.796Z, pid: 0] > dvc --version - INITIALIZED
[version: 1.2.29, 2025-11-28T07:08:32.797Z, pid: 0] > dvc --version - FAILED (5ms)
Command failed with ENOENT: dvc --version
spawn dvc ENOENT
[version: 1.2.29, 2025-11-28T07:08:37.802Z, pid: 7225] > /home/peaches/anaconda3/bin/python -m dvc --version - INITIALIZED
[version: 1.2.29, 2025-11-28T07:08:37.811Z, pid: 7225] > /home/peaches/anaconda3/bin/python -m dvc --version - FAILED with code 1 (13ms)
/home/peaches/anaconda3/bin/python: No module named dvc

[version: 1.2.29, 2025-11-28T07:08:37.816Z, pid: 0] > dvc --version - INITIALIZED
[version: 1.2.29, 2025-11-28T07:08:37.817Z, pid: 0] > dvc --version - FAILED (5ms)
Command failed with ENOENT: dvc --version
spawn dvc ENOENT
[version: 1.2.29, 2025-11-28T07:08:42.823Z, pid: 7227] > /home/peaches/anaconda3/bin/python -m dvc --version - INITIALIZED
[version: 1.2.29, 2025-11-28T07:08:42.833Z, pid: 7227] > /home/peaches/anaconda3/bin/python -m dvc --version - FAILED with code 1 (16ms)
/home/peaches/anaconda3/bin/python: No module named dvc

[version: 1.2.29, 2025-11-28T07:08:42.839Z, pid: 0] > dvc --version - INITIALIZED
[version: 1.2.29, 2025-11-28T07:08:42.840Z, pid: 0] > dvc --version - FAILED (7ms)
Command failed with ENOENT: dvc --version
spawn dvc ENOENT
[version: 1.2.29, 2025-11-28T07:08:47.844Z, pid: 7229] > /home/peaches/anaconda3/bin/python -m dvc --version - INITIALIZED
[version: 1.2.29, 2025-11-28T07:08:47.854Z, pid: 7229] > /home/peaches/anaconda3/bin/python -m dvc --version - FAILED with code 1 (15ms)
/home/peaches/anaconda3/bin/python: No module named dvc

[version: 1.2.29, 2025-11-28T07:08:47.858Z, pid: 0] > dvc --version - INITIALIZED
[version: 1.2.29, 2025-11-28T07:08:47.859Z, pid: 0] > dvc --version - FAILED (5ms)
Command failed with ENOENT: dvc --version
spawn dvc ENOENT
[version: 1.2.29, 2025-11-28T07:08:52.865Z, pid: 7247] > /home/peaches/anaconda3/bin/python -m dvc --version - INITIALIZED
[version: 1.2.29, 2025-11-28T07:08:52.875Z, pid: 7247] > /home/peaches/anaconda3/bin/python -m dvc --version - FAILED with code 1 (15ms)
/home/peaches/anaconda3/bin/python: No module named dvc

[version: 1.2.29, 2025-11-28T07:08:52.879Z, pid: 0] > dvc --version - INITIALIZED
[version: 1.2.29, 2025-11-28T07:08:52.880Z, pid: 0] > dvc --version - FAILED (5ms)
Command failed with ENOENT: dvc --version
spawn dvc ENOENT
[version: 1.2.29, 2025-11-28T07:08:57.885Z, pid: 7251] > /home/peaches/anaconda3/bin/python -m dvc --version - INITIALIZED
[version: 1.2.29, 2025-11-28T07:08:57.894Z, pid: 7251] > /home/peaches/anaconda3/bin/python -m dvc --version - FAILED with code 1 (14ms)
/home/peaches/anaconda3/bin/python: No module named dvc

[version: 1.2.29, 2025-11-28T07:08:57.899Z, pid: 0] > dvc --version - INITIALIZED
[version: 1.2.29, 2025-11-28T07:08:57.900Z, pid: 0] > dvc --version - FAILED (5ms)
Command failed with ENOENT: dvc --version
spawn dvc ENOENT
[version: 1.2.29, 2025-11-28T07:09:02.904Z, pid: 7260] > /home/peaches/anaconda3/bin/python -m dvc --version - INITIALIZED
[version: 1.2.29, 2025-11-28T07:09:02.914Z, pid: 7260] > /home/peaches/anaconda3/bin/python -m dvc --version - FAILED with code 1 (14ms)
/home/peaches/anaconda3/bin/python: No module named dvc

[version: 1.2.29, 2025-11-28T07:09:02.919Z, pid: 0] > dvc --version - INITIALIZED
[version: 1.2.29, 2025-11-28T07:09:02.920Z, pid: 0] > dvc --version - FAILED (6ms)
Command failed with ENOENT: dvc --version
spawn dvc ENOENT
[version: 1.2.29, 2025-11-28T07:09:07.925Z, pid: 7273] > /home/peaches/anaconda3/bin/python -m dvc --version - INITIALIZED
[version: 1.2.29, 2025-11-28T07:09:07.934Z, pid: 7273] > /home/peaches/anaconda3/bin/python -m dvc --version - FAILED with code 1 (14ms)
/home/peaches/anaconda3/bin/python: No module named dvc

[version: 1.2.29, 2025-11-28T07:09:07.939Z, pid: 0] > dvc --version - INITIALIZED
[version: 1.2.29, 2025-11-28T07:09:07.939Z, pid: 0] > dvc --version - FAILED (4ms)
Command failed with ENOENT: dvc --version
spawn dvc ENOENT
[version: 1.2.29, 2025-11-28T07:09:12.946Z, pid: 7276] > /home/peaches/anaconda3/bin/python -m dvc --version - INITIALIZED
[version: 1.2.29, 2025-11-28T07:09:12.957Z, pid: 7276] > /home/peaches/anaconda3/bin/python -m dvc --version - FAILED with code 1 (16ms)
/home/peaches/anaconda3/bin/python: No module named dvc

[version: 1.2.29, 2025-11-28T07:09:12.963Z, pid: 0] > dvc --version - INITIALIZED
[version: 1.2.29, 2025-11-28T07:09:12.964Z, pid: 0] > dvc --version - FAILED (7ms)
Command failed with ENOENT: dvc --version
spawn dvc ENOENT
[version: 1.2.29, 2025-11-28T07:09:17.970Z, pid: 7278] > /home/peaches/anaconda3/bin/python -m dvc --version - INITIALIZED
[version: 1.2.29, 2025-11-28T07:09:17.980Z, pid: 7278] > /home/peaches/anaconda3/bin/python -m dvc --version - FAILED with code 1 (15ms)
/home/peaches/anaconda3/bin/python: No module named dvc

[version: 1.2.29, 2025-11-28T07:09:17.986Z, pid: 0] > dvc --version - INITIALIZED
[version: 1.2.29, 2025-11-28T07:09:17.987Z, pid: 0] > dvc --version - FAILED (5ms)
Command failed with ENOENT: dvc --version
spawn dvc ENOENT
[version: 1.2.29, 2025-11-28T07:09:22.991Z, pid: 7282] > /home/peaches/anaconda3/bin/python -m dvc --version - INITIALIZED
[version: 1.2.29, 2025-11-28T07:09:23.001Z, pid: 7282] > /home/peaches/anaconda3/bin/python -m dvc --version - FAILED with code 1 (14ms)
/home/peaches/anaconda3/bin/python: No module named dvc

[version: 1.2.29, 2025-11-28T07:09:23.006Z, pid: 0] > dvc --version - INITIALIZED
[version: 1.2.29, 2025-11-28T07:09:23.007Z, pid: 0] > dvc --version - FAILED (5ms)
Command failed with ENOENT: dvc --version
spawn dvc ENOENT
[version: 1.2.29, 2025-11-28T07:09:28.014Z, pid: 7288] > /home/peaches/anaconda3/bin/python -m dvc --version - INITIALIZED
[version: 1.2.29, 2025-11-28T07:09:28.023Z, pid: 7288] > /home/peaches/anaconda3/bin/python -m dvc --version - FAILED with code 1 (15ms)
/home/peaches/anaconda3/bin/python: No module named dvc

[version: 1.2.29, 2025-11-28T07:09:28.027Z, pid: 0] > dvc --version - INITIALIZED
[version: 1.2.29, 2025-11-28T07:09:28.028Z, pid: 0] > dvc --version - FAILED (5ms)
Command failed with ENOENT: dvc --version
spawn dvc ENOENT
[version: 1.2.29, 2025-11-28T07:09:33.036Z, pid: 7294] > /home/peaches/anaconda3/bin/python -m dvc --version - INITIALIZED
[version: 1.2.29, 2025-11-28T07:09:33.047Z, pid: 7294] > /home/peaches/anaconda3/bin/python -m dvc --version - FAILED with code 1 (18ms)
/home/peaches/anaconda3/bin/python: No module named dvc

[version: 1.2.29, 2025-11-28T07:09:33.054Z, pid: 0] > dvc --version - INITIALIZED
[version: 1.2.29, 2025-11-28T07:09:33.054Z, pid: 0] > dvc --version - FAILED (7ms)
Command failed with ENOENT: dvc --version
spawn dvc ENOENT
[version: 1.2.29, 2025-11-28T07:09:38.060Z, pid: 7296] > /home/peaches/anaconda3/bin/python -m dvc --version - INITIALIZED
[version: 1.2.29, 2025-11-28T07:09:38.070Z, pid: 7296] > /home/peaches/anaconda3/bin/python -m dvc --version - FAILED with code 1 (15ms)
/home/peaches/anaconda3/bin/python: No module named dvc

[version: 1.2.29, 2025-11-28T07:09:38.075Z, pid: 0] > dvc --version - INITIALIZED
[version: 1.2.29, 2025-11-28T07:09:38.075Z, pid: 0] > dvc --version - FAILED (5ms)
Command failed with ENOENT: dvc --version
spawn dvc ENOENT
[version: 1.2.29, 2025-11-28T07:09:43.083Z, pid: 7298] > /home/peaches/anaconda3/bin/python -m dvc --version - INITIALIZED
[version: 1.2.29, 2025-11-28T07:09:43.092Z, pid: 7298] > /home/peaches/anaconda3/bin/python -m dvc --version - FAILED with code 1 (16ms)
/home/peaches/anaconda3/bin/python: No module named dvc

[version: 1.2.29, 2025-11-28T07:09:43.097Z, pid: 0] > dvc --version - INITIALIZED
[version: 1.2.29, 2025-11-28T07:09:43.098Z, pid: 0] > dvc --version - FAILED (5ms)
Command failed with ENOENT: dvc --version
spawn dvc ENOENT
[version: 1.2.29, 2025-11-28T07:09:48.104Z, pid: 7300] > /home/peaches/anaconda3/bin/python -m dvc --version - INITIALIZED
[version: 1.2.29, 2025-11-28T07:09:48.114Z, pid: 7300] > /home/peaches/anaconda3/bin/python -m dvc --version - FAILED with code 1 (14ms)
/home/peaches/anaconda3/bin/python: No module named dvc

[version: 1.2.29, 2025-11-28T07:09:48.119Z, pid: 0] > dvc --version - INITIALIZED
[version: 1.2.29, 2025-11-28T07:09:48.119Z, pid: 0] > dvc --version - FAILED (5ms)
Command failed with ENOENT: dvc --version
spawn dvc ENOENT
[version: 1.2.29, 2025-11-28T07:09:53.125Z, pid: 7312] > /home/peaches/anaconda3/bin/python -m dvc --version - INITIALIZED
[version: 1.2.29, 2025-11-28T07:09:53.134Z, pid: 7312] > /home/peaches/anaconda3/bin/python -m dvc --version - FAILED with code 1 (14ms)
/home/peaches/anaconda3/bin/python: No module named dvc

[version: 1.2.29, 2025-11-28T07:09:53.138Z, pid: 0] > dvc --version - INITIALIZED
[version: 1.2.29, 2025-11-28T07:09:53.139Z, pid: 0] > dvc --version - FAILED (5ms)
Command failed with ENOENT: dvc --version
spawn dvc ENOENT
[version: 1.2.29, 2025-11-28T07:09:58.144Z, pid: 7317] > /home/peaches/anaconda3/bin/python -m dvc --version - INITIALIZED
[version: 1.2.29, 2025-11-28T07:09:58.153Z, pid: 7317] > /home/peaches/anaconda3/bin/python -m dvc --version - FAILED with code 1 (14ms)
/home/peaches/anaconda3/bin/python: No module named dvc

[version: 1.2.29, 2025-11-28T07:09:58.158Z, pid: 0] > dvc --version - INITIALIZED
[version: 1.2.29, 2025-11-28T07:09:58.159Z, pid: 0] > dvc --version - FAILED (5ms)
Command failed with ENOENT: dvc --version
spawn dvc ENOENT
[version: 1.2.29, 2025-11-28T07:10:03.163Z, pid: 7319] > /home/peaches/anaconda3/bin/python -m dvc --version - INITIALIZED
[version: 1.2.29, 2025-11-28T07:10:03.175Z, pid: 7319] > /home/peaches/anaconda3/bin/python -m dvc --version - FAILED with code 1 (17ms)
/home/peaches/anaconda3/bin/python: No module named dvc

[version: 1.2.29, 2025-11-28T07:10:03.180Z, pid: 0] > dvc --version - INITIALIZED
[version: 1.2.29, 2025-11-28T07:10:03.181Z, pid: 0] > dvc --version - FAILED (5ms)
Command failed with ENOENT: dvc --version
spawn dvc ENOENT
[version: 1.2.29, 2025-11-28T07:10:08.187Z, pid: 7325] > /home/peaches/anaconda3/bin/python -m dvc --version - INITIALIZED
[version: 1.2.29, 2025-11-28T07:10:08.198Z, pid: 7325] > /home/peaches/anaconda3/bin/python -m dvc --version - FAILED with code 1 (16ms)
/home/peaches/anaconda3/bin/python: No module named dvc

[version: 1.2.29, 2025-11-28T07:10:08.203Z, pid: 0] > dvc --version - INITIALIZED
[version: 1.2.29, 2025-11-28T07:10:08.204Z, pid: 0] > dvc --version - FAILED (6ms)
Command failed with ENOENT: dvc --version
spawn dvc ENOENT
[version: 1.2.29, 2025-11-28T07:10:13.211Z, pid: 7331] > /home/peaches/anaconda3/bin/python -m dvc --version - INITIALIZED
[version: 1.2.29, 2025-11-28T07:10:13.220Z, pid: 7331] > /home/peaches/anaconda3/bin/python -m dvc --version - FAILED with code 1 (16ms)
/home/peaches/anaconda3/bin/python: No module named dvc

[version: 1.2.29, 2025-11-28T07:10:13.224Z, pid: 0] > dvc --version - INITIALIZED
[version: 1.2.29, 2025-11-28T07:10:13.224Z, pid: 0] > dvc --version - FAILED (4ms)
Command failed with ENOENT: dvc --version
spawn dvc ENOENT
[version: 1.2.29, 2025-11-28T07:10:18.230Z, pid: 7333] > /home/peaches/anaconda3/bin/python -m dvc --version - INITIALIZED
[version: 1.2.29, 2025-11-28T07:10:18.239Z, pid: 7333] > /home/peaches/anaconda3/bin/python -m dvc --version - FAILED with code 1 (15ms)
/home/peaches/anaconda3/bin/python: No module named dvc

[version: 1.2.29, 2025-11-28T07:10:18.243Z, pid: 0] > dvc --version - INITIALIZED
[version: 1.2.29, 2025-11-28T07:10:18.244Z, pid: 0] > dvc --version - FAILED (5ms)
Command failed with ENOENT: dvc --version
spawn dvc ENOENT
[version: 1.2.29, 2025-11-28T07:10:23.249Z, pid: 7335] > /home/peaches/anaconda3/bin/python -m dvc --version - INITIALIZED
[version: 1.2.29, 2025-11-28T07:10:23.258Z, pid: 7335] > /home/peaches/anaconda3/bin/python -m dvc --version - FAILED with code 1 (14ms)
/home/peaches/anaconda3/bin/python: No module named dvc

[version: 1.2.29, 2025-11-28T07:10:23.262Z, pid: 0] > dvc --version - INITIALIZED
[version: 1.2.29, 2025-11-28T07:10:23.263Z, pid: 0] > dvc --version - FAILED (5ms)
Command failed with ENOENT: dvc --version
spawn dvc ENOENT
[version: 1.2.29, 2025-11-28T07:10:28.268Z, pid: 7340] > /home/peaches/anaconda3/bin/python -m dvc --version - INITIALIZED
[version: 1.2.29, 2025-11-28T07:10:28.277Z, pid: 7340] > /home/peaches/anaconda3/bin/python -m dvc --version - FAILED with code 1 (14ms)
/home/peaches/anaconda3/bin/python: No module named dvc

[version: 1.2.29, 2025-11-28T07:10:28.282Z, pid: 0] > dvc --version - INITIALIZED
[version: 1.2.29, 2025-11-28T07:10:28.282Z, pid: 0] > dvc --version - FAILED (5ms)
Command failed with ENOENT: dvc --version
spawn dvc ENOENT
[version: 1.2.29, 2025-11-28T07:10:33.287Z, pid: 7342] > /home/peaches/anaconda3/bin/python -m dvc --version - INITIALIZED
[version: 1.2.29, 2025-11-28T07:10:33.297Z, pid: 7342] > /home/peaches/anaconda3/bin/python -m dvc --version - FAILED with code 1 (14ms)
/home/peaches/anaconda3/bin/python: No module named dvc

[version: 1.2.29, 2025-11-28T07:10:33.303Z, pid: 0] > dvc --version - INITIALIZED
[version: 1.2.29, 2025-11-28T07:10:33.303Z, pid: 0] > dvc --version - FAILED (5ms)
Command failed with ENOENT: dvc --version
spawn dvc ENOENT
[version: 1.2.29, 2025-11-28T07:10:38.309Z, pid: 7344] > /home/peaches/anaconda3/bin/python -m dvc --version - INITIALIZED
[version: 1.2.29, 2025-11-28T07:10:38.319Z, pid: 7344] > /home/peaches/anaconda3/bin/python -m dvc --version - FAILED with code 1 (15ms)
/home/peaches/anaconda3/bin/python: No module named dvc

[version: 1.2.29, 2025-11-28T07:10:38.325Z, pid: 0] > dvc --version - INITIALIZED
[version: 1.2.29, 2025-11-28T07:10:38.326Z, pid: 0] > dvc --version - FAILED (6ms)
Command failed with ENOENT: dvc --version
spawn dvc ENOENT
[version: 1.2.29, 2025-11-28T07:10:43.331Z, pid: 7347] > /home/peaches/anaconda3/bin/python -m dvc --version - INITIALIZED
[version: 1.2.29, 2025-11-28T07:10:43.340Z, pid: 7347] > /home/peaches/anaconda3/bin/python -m dvc --version - FAILED with code 1 (14ms)
/home/peaches/anaconda3/bin/python: No module named dvc

[version: 1.2.29, 2025-11-28T07:10:43.345Z, pid: 0] > dvc --version - INITIALIZED
[version: 1.2.29, 2025-11-28T07:10:43.346Z, pid: 0] > dvc --version - FAILED (4ms)
Command failed with ENOENT: dvc --version
spawn dvc ENOENT
[version: 1.2.29, 2025-11-28T07:10:48.351Z, pid: 7349] > /home/peaches/anaconda3/bin/python -m dvc --version - INITIALIZED
[version: 1.2.29, 2025-11-28T07:10:48.360Z, pid: 7349] > /home/peaches/anaconda3/bin/python -m dvc --version - FAILED with code 1 (14ms)
/home/peaches/anaconda3/bin/python: No module named dvc

[version: 1.2.29, 2025-11-28T07:10:48.365Z, pid: 0] > dvc --version - INITIALIZED
[version: 1.2.29, 2025-11-28T07:10:48.366Z, pid: 0] > dvc --version - FAILED (5ms)
Command failed with ENOENT: dvc --version
spawn dvc ENOENT
[version: 1.2.29, 2025-11-28T07:10:53.371Z, pid: 7351] > /home/peaches/anaconda3/bin/python -m dvc --version - INITIALIZED
[version: 1.2.29, 2025-11-28T07:10:53.381Z, pid: 7351] > /home/peaches/anaconda3/bin/python -m dvc --version - FAILED with code 1 (14ms)
/home/peaches/anaconda3/bin/python: No module named dvc

[version: 1.2.29, 2025-11-28T07:10:53.385Z, pid: 0] > dvc --version - INITIALIZED
[version: 1.2.29, 2025-11-28T07:10:53.386Z, pid: 0] > dvc --version - FAILED (5ms)
Command failed with ENOENT: dvc --version
spawn dvc ENOENT
[version: 1.2.29, 2025-11-28T07:10:58.390Z, pid: 7355] > /home/peaches/anaconda3/bin/python -m dvc --version - INITIALIZED
[version: 1.2.29, 2025-11-28T07:10:58.399Z, pid: 7355] > /home/peaches/anaconda3/bin/python -m dvc --version - FAILED with code 1 (14ms)
/home/peaches/anaconda3/bin/python: No module named dvc

[version: 1.2.29, 2025-11-28T07:10:58.404Z, pid: 0] > dvc --version - INITIALIZED
[version: 1.2.29, 2025-11-28T07:10:58.404Z, pid: 0] > dvc --version - FAILED (4ms)
Command failed with ENOENT: dvc --version
spawn dvc ENOENT
[version: 1.2.29, 2025-11-28T07:11:03.410Z, pid: 7358] > /home/peaches/anaconda3/bin/python -m dvc --version - INITIALIZED
[version: 1.2.29, 2025-11-28T07:11:03.420Z, pid: 7358] > /home/peaches/anaconda3/bin/python -m dvc --version - FAILED with code 1 (15ms)
/home/peaches/anaconda3/bin/python: No module named dvc

[version: 1.2.29, 2025-11-28T07:11:03.424Z, pid: 0] > dvc --version - INITIALIZED
[version: 1.2.29, 2025-11-28T07:11:03.425Z, pid: 0] > dvc --version - FAILED (5ms)
Command failed with ENOENT: dvc --version
spawn dvc ENOENT
[version: 1.2.29, 2025-11-28T07:11:08.431Z, pid: 7364] > /home/peaches/anaconda3/bin/python -m dvc --version - INITIALIZED
[version: 1.2.29, 2025-11-28T07:11:08.441Z, pid: 7364] > /home/peaches/anaconda3/bin/python -m dvc --version - FAILED with code 1 (15ms)
/home/peaches/anaconda3/bin/python: No module named dvc

[version: 1.2.29, 2025-11-28T07:11:08.446Z, pid: 0] > dvc --version - INITIALIZED
[version: 1.2.29, 2025-11-28T07:11:08.446Z, pid: 0] > dvc --version - FAILED (5ms)
Command failed with ENOENT: dvc --version
spawn dvc ENOENT
[version: 1.2.29, 2025-11-28T07:11:13.453Z, pid: 7370] > /home/peaches/anaconda3/bin/python -m dvc --version - INITIALIZED
[version: 1.2.29, 2025-11-28T07:11:13.463Z, pid: 7370] > /home/peaches/anaconda3/bin/python -m dvc --version - FAILED with code 1 (16ms)
/home/peaches/anaconda3/bin/python: No module named dvc

[version: 1.2.29, 2025-11-28T07:11:13.468Z, pid: 0] > dvc --version - INITIALIZED
[version: 1.2.29, 2025-11-28T07:11:13.468Z, pid: 0] > dvc --version - FAILED (5ms)
Command failed with ENOENT: dvc --version
spawn dvc ENOENT
[version: 1.2.29, 2025-11-28T07:11:18.474Z, pid: 7372] > /home/peaches/anaconda3/bin/python -m dvc --version - INITIALIZED
[version: 1.2.29, 2025-11-28T07:11:18.482Z, pid: 7372] > /home/peaches/anaconda3/bin/python -m dvc --version - FAILED with code 1 (13ms)
/home/peaches/anaconda3/bin/python: No module named dvc

[version: 1.2.29, 2025-11-28T07:11:18.487Z, pid: 0] > dvc --version - INITIALIZED
[version: 1.2.29, 2025-11-28T07:11:18.488Z, pid: 0] > dvc --version - FAILED (5ms)
Command failed with ENOENT: dvc --version
spawn dvc ENOENT
[version: 1.2.29, 2025-11-28T07:11:23.494Z, pid: 7381] > /home/peaches/anaconda3/bin/python -m dvc --version - INITIALIZED
[version: 1.2.29, 2025-11-28T07:11:23.503Z, pid: 7381] > /home/peaches/anaconda3/bin/python -m dvc --version - FAILED with code 1 (14ms)
/home/peaches/anaconda3/bin/python: No module named dvc

[version: 1.2.29, 2025-11-28T07:11:23.508Z, pid: 0] > dvc --version - INITIALIZED
[version: 1.2.29, 2025-11-28T07:11:23.508Z, pid: 0] > dvc --version - FAILED (4ms)
Command failed with ENOENT: dvc --version
spawn dvc ENOENT
[version: 1.2.29, 2025-11-28T07:11:28.514Z, pid: 7384] > /home/peaches/anaconda3/bin/python -m dvc --version - INITIALIZED
[version: 1.2.29, 2025-11-28T07:11:28.523Z, pid: 7384] > /home/peaches/anaconda3/bin/python -m dvc --version - FAILED with code 1 (14ms)
/home/peaches/anaconda3/bin/python: No module named dvc

[version: 1.2.29, 2025-11-28T07:11:28.528Z, pid: 0] > dvc --version - INITIALIZED
[version: 1.2.29, 2025-11-28T07:11:28.529Z, pid: 0] > dvc --version - FAILED (5ms)
Command failed with ENOENT: dvc --version
spawn dvc ENOENT
[version: 1.2.29, 2025-11-28T07:11:33.536Z, pid: 7386] > /home/peaches/anaconda3/bin/python -m dvc --version - INITIALIZED
[version: 1.2.29, 2025-11-28T07:11:33.545Z, pid: 7386] > /home/peaches/anaconda3/bin/python -m dvc --version - FAILED with code 1 (15ms)
/home/peaches/anaconda3/bin/python: No module named dvc

[version: 1.2.29, 2025-11-28T07:11:33.550Z, pid: 0] > dvc --version - INITIALIZED
[version: 1.2.29, 2025-11-28T07:11:33.551Z, pid: 0] > dvc --version - FAILED (5ms)
Command failed with ENOENT: dvc --version
spawn dvc ENOENT
[version: 1.2.29, 2025-11-28T07:11:38.556Z, pid: 7388] > /home/peaches/anaconda3/bin/python -m dvc --version - INITIALIZED
[version: 1.2.29, 2025-11-28T07:11:38.565Z, pid: 7388] > /home/peaches/anaconda3/bin/python -m dvc --version - FAILED with code 1 (13ms)
/home/peaches/anaconda3/bin/python: No module named dvc

[version: 1.2.29, 2025-11-28T07:11:38.570Z, pid: 0] > dvc --version - INITIALIZED
[version: 1.2.29, 2025-11-28T07:11:38.571Z, pid: 0] > dvc --version - FAILED (5ms)
Command failed with ENOENT: dvc --version
spawn dvc ENOENT
[version: 1.2.29, 2025-11-28T07:11:43.575Z, pid: 7390] > /home/peaches/anaconda3/bin/python -m dvc --version - INITIALIZED
[version: 1.2.29, 2025-11-28T07:11:43.586Z, pid: 7390] > /home/peaches/anaconda3/bin/python -m dvc --version - FAILED with code 1 (15ms)
/home/peaches/anaconda3/bin/python: No module named dvc

[version: 1.2.29, 2025-11-28T07:11:43.590Z, pid: 0] > dvc --version - INITIALIZED
[version: 1.2.29, 2025-11-28T07:11:43.591Z, pid: 0] > dvc --version - FAILED (5ms)
Command failed with ENOENT: dvc --version
spawn dvc ENOENT
[version: 1.2.29, 2025-11-28T07:11:48.598Z, pid: 7398] > /home/peaches/anaconda3/bin/python -m dvc --version - INITIALIZED
[version: 1.2.29, 2025-11-28T07:11:48.607Z, pid: 7398] > /home/peaches/anaconda3/bin/python -m dvc --version - FAILED with code 1 (15ms)
/home/peaches/anaconda3/bin/python: No module named dvc

[version: 1.2.29, 2025-11-28T07:11:48.612Z, pid: 0] > dvc --version - INITIALIZED
[version: 1.2.29, 2025-11-28T07:11:48.613Z, pid: 0] > dvc --version - FAILED (5ms)
Command failed with ENOENT: dvc --version
spawn dvc ENOENT
[version: 1.2.29, 2025-11-28T07:11:53.619Z, pid: 7401] > /home/peaches/anaconda3/bin/python -m dvc --version - INITIALIZED
[version: 1.2.29, 2025-11-28T07:11:53.629Z, pid: 7401] > /home/peaches/anaconda3/bin/python -m dvc --version - FAILED with code 1 (16ms)
/home/peaches/anaconda3/bin/python: No module named dvc

[version: 1.2.29, 2025-11-28T07:11:53.635Z, pid: 0] > dvc --version - INITIALIZED
[version: 1.2.29, 2025-11-28T07:11:53.635Z, pid: 0] > dvc --version - FAILED (5ms)
Command failed with ENOENT: dvc --version
spawn dvc ENOENT
[version: 1.2.29, 2025-11-28T07:11:58.641Z, pid: 7412] > /home/peaches/anaconda3/bin/python -m dvc --version - INITIALIZED
[version: 1.2.29, 2025-11-28T07:11:58.651Z, pid: 7412] > /home/peaches/anaconda3/bin/python -m dvc --version - FAILED with code 1 (15ms)
/home/peaches/anaconda3/bin/python: No module named dvc

[version: 1.2.29, 2025-11-28T07:11:58.656Z, pid: 0] > dvc --version - INITIALIZED
[version: 1.2.29, 2025-11-28T07:11:58.656Z, pid: 0] > dvc --version - FAILED (5ms)
Command failed with ENOENT: dvc --version
spawn dvc ENOENT
[version: 1.2.29, 2025-11-28T07:12:03.662Z, pid: 7422] > /home/peaches/anaconda3/bin/python -m dvc --version - INITIALIZED
[version: 1.2.29, 2025-11-28T07:12:03.671Z, pid: 7422] > /home/peaches/anaconda3/bin/python -m dvc --version - FAILED with code 1 (14ms)
/home/peaches/anaconda3/bin/python: No module named dvc

[version: 1.2.29, 2025-11-28T07:12:03.676Z, pid: 0] > dvc --version - INITIALIZED
[version: 1.2.29, 2025-11-28T07:12:03.677Z, pid: 0] > dvc --version - FAILED (5ms)
Command failed with ENOENT: dvc --version
spawn dvc ENOENT
[version: 1.2.29, 2025-11-28T07:12:08.685Z, pid: 7424] > /home/peaches/anaconda3/bin/python -m dvc --version - INITIALIZED
[version: 1.2.29, 2025-11-28T07:12:08.694Z, pid: 7424] > /home/peaches/anaconda3/bin/python -m dvc --version - FAILED with code 1 (17ms)
/home/peaches/anaconda3/bin/python: No module named dvc

[version: 1.2.29, 2025-11-28T07:12:08.699Z, pid: 0] > dvc --version - INITIALIZED
[version: 1.2.29, 2025-11-28T07:12:08.700Z, pid: 0] > dvc --version - FAILED (5ms)
Command failed with ENOENT: dvc --version
spawn dvc ENOENT
[version: 1.2.29, 2025-11-28T07:12:13.706Z, pid: 7429] > /home/peaches/anaconda3/bin/python -m dvc --version - INITIALIZED
[version: 1.2.29, 2025-11-28T07:12:13.717Z, pid: 7429] > /home/peaches/anaconda3/bin/python -m dvc --version - FAILED with code 1 (16ms)
/home/peaches/anaconda3/bin/python: No module named dvc

[version: 1.2.29, 2025-11-28T07:12:13.722Z, pid: 0] > dvc --version - INITIALIZED
[version: 1.2.29, 2025-11-28T07:12:13.722Z, pid: 0] > dvc --version - FAILED (5ms)
Command failed with ENOENT: dvc --version
spawn dvc ENOENT
[version: 1.2.29, 2025-11-28T07:12:18.727Z, pid: 7453] > /home/peaches/anaconda3/bin/python -m dvc --version - INITIALIZED
[version: 1.2.29, 2025-11-28T07:12:18.737Z, pid: 7453] > /home/peaches/anaconda3/bin/python -m dvc --version - FAILED with code 1 (15ms)
/home/peaches/anaconda3/bin/python: No module named dvc

[version: 1.2.29, 2025-11-28T07:12:18.742Z, pid: 0] > dvc --version - INITIALIZED
[version: 1.2.29, 2025-11-28T07:12:18.743Z, pid: 0] > dvc --version - FAILED (5ms)
Command failed with ENOENT: dvc --version
spawn dvc ENOENT
[version: 1.2.29, 2025-11-28T07:12:23.749Z, pid: 7461] > /home/peaches/anaconda3/bin/python -m dvc --version - INITIALIZED
[version: 1.2.29, 2025-11-28T07:12:23.758Z, pid: 7461] > /home/peaches/anaconda3/bin/python -m dvc --version - FAILED with code 1 (14ms)
/home/peaches/anaconda3/bin/python: No module named dvc

[version: 1.2.29, 2025-11-28T07:12:23.763Z, pid: 0] > dvc --version - INITIALIZED
[version: 1.2.29, 2025-11-28T07:12:23.764Z, pid: 0] > dvc --version - FAILED (5ms)
Command failed with ENOENT: dvc --version
spawn dvc ENOENT
[version: 1.2.29, 2025-11-28T07:12:28.770Z, pid: 7465] > /home/peaches/anaconda3/bin/python -m dvc --version - INITIALIZED
[version: 1.2.29, 2025-11-28T07:12:28.779Z, pid: 7465] > /home/peaches/anaconda3/bin/python -m dvc --version - FAILED with code 1 (14ms)
/home/peaches/anaconda3/bin/python: No module named dvc

[version: 1.2.29, 2025-11-28T07:12:28.784Z, pid: 0] > dvc --version - INITIALIZED
[version: 1.2.29, 2025-11-28T07:12:28.784Z, pid: 0] > dvc --version - FAILED (4ms)
Command failed with ENOENT: dvc --version
spawn dvc ENOENT
[version: 1.2.29, 2025-11-28T07:12:33.789Z, pid: 7480] > /home/peaches/anaconda3/bin/python -m dvc --version - INITIALIZED
[version: 1.2.29, 2025-11-28T07:12:33.798Z, pid: 7480] > /home/peaches/anaconda3/bin/python -m dvc --version - FAILED with code 1 (13ms)
/home/peaches/anaconda3/bin/python: No module named dvc

[version: 1.2.29, 2025-11-28T07:12:33.803Z, pid: 0] > dvc --version - INITIALIZED
[version: 1.2.29, 2025-11-28T07:12:33.804Z, pid: 0] > dvc --version - FAILED (4ms)
Command failed with ENOENT: dvc --version
spawn dvc ENOENT
[version: 1.2.29, 2025-11-28T07:12:38.809Z, pid: 7509] > /home/peaches/anaconda3/bin/python -m dvc --version - INITIALIZED
[version: 1.2.29, 2025-11-28T07:12:38.819Z, pid: 7509] > /home/peaches/anaconda3/bin/python -m dvc --version - FAILED with code 1 (15ms)
/home/peaches/anaconda3/bin/python: No module named dvc

[version: 1.2.29, 2025-11-28T07:12:38.824Z, pid: 0] > dvc --version - INITIALIZED
[version: 1.2.29, 2025-11-28T07:12:38.825Z, pid: 0] > dvc --version - FAILED (6ms)
Command failed with ENOENT: dvc --version
spawn dvc ENOENT
[version: 1.2.29, 2025-11-28T07:12:43.830Z, pid: 7511] > /home/peaches/anaconda3/bin/python -m dvc --version - INITIALIZED
[version: 1.2.29, 2025-11-28T07:12:43.839Z, pid: 7511] > /home/peaches/anaconda3/bin/python -m dvc --version - FAILED with code 1 (14ms)
/home/peaches/anaconda3/bin/python: No module named dvc

[version: 1.2.29, 2025-11-28T07:12:43.844Z, pid: 0] > dvc --version - INITIALIZED
[version: 1.2.29, 2025-11-28T07:12:43.844Z, pid: 0] > dvc --version - FAILED (5ms)
Command failed with ENOENT: dvc --version
spawn dvc ENOENT
[version: 1.2.29, 2025-11-28T07:12:48.850Z, pid: 7519] > /home/peaches/anaconda3/bin/python -m dvc --version - INITIALIZED
[version: 1.2.29, 2025-11-28T07:12:48.860Z, pid: 7519] > /home/peaches/anaconda3/bin/python -m dvc --version - FAILED with code 1 (15ms)
/home/peaches/anaconda3/bin/python: No module named dvc

[version: 1.2.29, 2025-11-28T07:12:48.866Z, pid: 0] > dvc --version - INITIALIZED
[version: 1.2.29, 2025-11-28T07:12:48.867Z, pid: 0] > dvc --version - FAILED (6ms)
Command failed with ENOENT: dvc --version
spawn dvc ENOENT
[version: 1.2.29, 2025-11-28T07:12:53.872Z, pid: 7521] > /home/peaches/anaconda3/bin/python -m dvc --version - INITIALIZED
[version: 1.2.29, 2025-11-28T07:12:53.881Z, pid: 7521] > /home/peaches/anaconda3/bin/python -m dvc --version - FAILED with code 1 (14ms)
/home/peaches/anaconda3/bin/python: No module named dvc

[version: 1.2.29, 2025-11-28T07:12:53.885Z, pid: 0] > dvc --version - INITIALIZED
[version: 1.2.29, 2025-11-28T07:12:53.886Z, pid: 0] > dvc --version - FAILED (5ms)
Command failed with ENOENT: dvc --version
spawn dvc ENOENT
[version: 1.2.29, 2025-11-28T07:12:58.892Z, pid: 7527] > /home/peaches/anaconda3/bin/python -m dvc --version - INITIALIZED
[version: 1.2.29, 2025-11-28T07:12:58.902Z, pid: 7527] > /home/peaches/anaconda3/bin/python -m dvc --version - FAILED with code 1 (16ms)
/home/peaches/anaconda3/bin/python: No module named dvc

[version: 1.2.29, 2025-11-28T07:12:58.907Z, pid: 0] > dvc --version - INITIALIZED
[version: 1.2.29, 2025-11-28T07:12:58.908Z, pid: 0] > dvc --version - FAILED (6ms)
Command failed with ENOENT: dvc --version
spawn dvc ENOENT
[version: 1.2.29, 2025-11-28T07:13:03.914Z, pid: 7543] > /home/peaches/anaconda3/bin/python -m dvc --version - INITIALIZED
[version: 1.2.29, 2025-11-28T07:13:03.925Z, pid: 7543] > /home/peaches/anaconda3/bin/python -m dvc --version - FAILED with code 1 (15ms)
/home/peaches/anaconda3/bin/python: No module named dvc

[version: 1.2.29, 2025-11-28T07:13:03.930Z, pid: 0] > dvc --version - INITIALIZED
[version: 1.2.29, 2025-11-28T07:13:03.931Z, pid: 0] > dvc --version - FAILED (6ms)
Command failed with ENOENT: dvc --version
spawn dvc ENOENT
[version: 1.2.29, 2025-11-28T07:13:08.936Z, pid: 7565] > /home/peaches/anaconda3/bin/python -m dvc --version - INITIALIZED
[version: 1.2.29, 2025-11-28T07:13:08.946Z, pid: 7565] > /home/peaches/anaconda3/bin/python -m dvc --version - FAILED with code 1 (15ms)
/home/peaches/anaconda3/bin/python: No module named dvc

[version: 1.2.29, 2025-11-28T07:13:08.951Z, pid: 0] > dvc --version - INITIALIZED
[version: 1.2.29, 2025-11-28T07:13:08.951Z, pid: 0] > dvc --version - FAILED (5ms)
Command failed with ENOENT: dvc --version
spawn dvc ENOENT
[version: 1.2.29, 2025-11-28T07:13:13.956Z, pid: 7577] > /home/peaches/anaconda3/bin/python -m dvc --version - INITIALIZED
[version: 1.2.29, 2025-11-28T07:13:13.966Z, pid: 7577] > /home/peaches/anaconda3/bin/python -m dvc --version - FAILED with code 1 (14ms)
/home/peaches/anaconda3/bin/python: No module named dvc

[version: 1.2.29, 2025-11-28T07:13:13.970Z, pid: 0] > dvc --version - INITIALIZED
[version: 1.2.29, 2025-11-28T07:13:13.971Z, pid: 0] > dvc --version - FAILED (5ms)
Command failed with ENOENT: dvc --version
spawn dvc ENOENT
[version: 1.2.29, 2025-11-28T07:13:18.976Z, pid: 7607] > /home/peaches/anaconda3/bin/python -m dvc --version - INITIALIZED
[version: 1.2.29, 2025-11-28T07:13:18.986Z, pid: 7607] > /home/peaches/anaconda3/bin/python -m dvc --version - FAILED with code 1 (14ms)
/home/peaches/anaconda3/bin/python: No module named dvc

[version: 1.2.29, 2025-11-28T07:13:18.990Z, pid: 0] > dvc --version - INITIALIZED
[version: 1.2.29, 2025-11-28T07:13:18.991Z, pid: 0] > dvc --version - FAILED (5ms)
Command failed with ENOENT: dvc --version
spawn dvc ENOENT
[version: 1.2.29, 2025-11-28T07:13:23.997Z, pid: 7622] > /home/peaches/anaconda3/bin/python -m dvc --version - INITIALIZED
[version: 1.2.29, 2025-11-28T07:13:24.007Z, pid: 7622] > /home/peaches/anaconda3/bin/python -m dvc --version - FAILED with code 1 (15ms)
/home/peaches/anaconda3/bin/python: No module named dvc

[version: 1.2.29, 2025-11-28T07:13:24.012Z, pid: 0] > dvc --version - INITIALIZED
[version: 1.2.29, 2025-11-28T07:13:24.013Z, pid: 0] > dvc --version - FAILED (6ms)
Command failed with ENOENT: dvc --version
spawn dvc ENOENT
[version: 1.2.29, 2025-11-28T07:13:29.019Z, pid: 7632] > /home/peaches/anaconda3/bin/python -m dvc --version - INITIALIZED
[version: 1.2.29, 2025-11-28T07:13:29.029Z, pid: 7632] > /home/peaches/anaconda3/bin/python -m dvc --version - FAILED with code 1 (16ms)
/home/peaches/anaconda3/bin/python: No module named dvc

[version: 1.2.29, 2025-11-28T07:13:29.033Z, pid: 0] > dvc --version - INITIALIZED
[version: 1.2.29, 2025-11-28T07:13:29.034Z, pid: 0] > dvc --version - FAILED (5ms)
Command failed with ENOENT: dvc --version
spawn dvc ENOENT
[version: 1.2.29, 2025-11-28T07:13:34.038Z, pid: 7638] > /home/peaches/anaconda3/bin/python -m dvc --version - INITIALIZED
[version: 1.2.29, 2025-11-28T07:13:34.048Z, pid: 7638] > /home/peaches/anaconda3/bin/python -m dvc --version - FAILED with code 1 (14ms)
/home/peaches/anaconda3/bin/python: No module named dvc

[version: 1.2.29, 2025-11-28T07:13:34.053Z, pid: 0] > dvc --version - INITIALIZED
[version: 1.2.29, 2025-11-28T07:13:34.054Z, pid: 0] > dvc --version - FAILED (6ms)
Command failed with ENOENT: dvc --version
spawn dvc ENOENT
[version: 1.2.29, 2025-11-28T07:13:39.059Z, pid: 7650] > /home/peaches/anaconda3/bin/python -m dvc --version - INITIALIZED
[version: 1.2.29, 2025-11-28T07:13:39.068Z, pid: 7650] > /home/peaches/anaconda3/bin/python -m dvc --version - FAILED with code 1 (14ms)
/home/peaches/anaconda3/bin/python: No module named dvc

[version: 1.2.29, 2025-11-28T07:13:39.073Z, pid: 0] > dvc --version - INITIALIZED
[version: 1.2.29, 2025-11-28T07:13:39.073Z, pid: 0] > dvc --version - FAILED (4ms)
Command failed with ENOENT: dvc --version
spawn dvc ENOENT
[version: 1.2.29, 2025-11-28T07:13:44.080Z, pid: 7652] > /home/peaches/anaconda3/bin/python -m dvc --version - INITIALIZED
[version: 1.2.29, 2025-11-28T07:13:44.089Z, pid: 7652] > /home/peaches/anaconda3/bin/python -m dvc --version - FAILED with code 1 (15ms)
/home/peaches/anaconda3/bin/python: No module named dvc

[version: 1.2.29, 2025-11-28T07:13:44.094Z, pid: 0] > dvc --version - INITIALIZED
[version: 1.2.29, 2025-11-28T07:13:44.095Z, pid: 0] > dvc --version - FAILED (6ms)
Command failed with ENOENT: dvc --version
spawn dvc ENOENT
[version: 1.2.29, 2025-11-28T07:13:49.099Z, pid: 7654] > /home/peaches/anaconda3/bin/python -m dvc --version - INITIALIZED
[version: 1.2.29, 2025-11-28T07:13:49.109Z, pid: 7654] > /home/peaches/anaconda3/bin/python -m dvc --version - FAILED with code 1 (14ms)
/home/peaches/anaconda3/bin/python: No module named dvc

[version: 1.2.29, 2025-11-28T07:13:49.113Z, pid: 0] > dvc --version - INITIALIZED
[version: 1.2.29, 2025-11-28T07:13:49.114Z, pid: 0] > dvc --version - FAILED (5ms)
Command failed with ENOENT: dvc --version
spawn dvc ENOENT
[version: 1.2.29, 2025-11-28T07:13:54.119Z, pid: 7656] > /home/peaches/anaconda3/bin/python -m dvc --version - INITIALIZED
[version: 1.2.29, 2025-11-28T07:13:54.128Z, pid: 7656] > /home/peaches/anaconda3/bin/python -m dvc --version - FAILED with code 1 (13ms)
/home/peaches/anaconda3/bin/python: No module named dvc

[version: 1.2.29, 2025-11-28T07:13:54.133Z, pid: 0] > dvc --version - INITIALIZED
[version: 1.2.29, 2025-11-28T07:13:54.134Z, pid: 0] > dvc --version - FAILED (6ms)
Command failed with ENOENT: dvc --version
spawn dvc ENOENT
[version: 1.2.29, 2025-11-28T07:13:59.140Z, pid: 7661] > /home/peaches/anaconda3/bin/python -m dvc --version - INITIALIZED
[version: 1.2.29, 2025-11-28T07:13:59.149Z, pid: 7661] > /home/peaches/anaconda3/bin/python -m dvc --version - FAILED with code 1 (15ms)
/home/peaches/anaconda3/bin/python: No module named dvc

[version: 1.2.29, 2025-11-28T07:13:59.153Z, pid: 0] > dvc --version - INITIALIZED
[version: 1.2.29, 2025-11-28T07:13:59.154Z, pid: 0] > dvc --version - FAILED (5ms)
Command failed with ENOENT: dvc --version
spawn dvc ENOENT
[version: 1.2.29, 2025-11-28T07:14:04.161Z, pid: 7663] > /home/peaches/anaconda3/bin/python -m dvc --version - INITIALIZED
[version: 1.2.29, 2025-11-28T07:14:04.170Z, pid: 7663] > /home/peaches/anaconda3/bin/python -m dvc --version - FAILED with code 1 (15ms)
/home/peaches/anaconda3/bin/python: No module named dvc

[version: 1.2.29, 2025-11-28T07:14:04.175Z, pid: 0] > dvc --version - INITIALIZED
[version: 1.2.29, 2025-11-28T07:14:04.176Z, pid: 0] > dvc --version - FAILED (6ms)
Command failed with ENOENT: dvc --version
spawn dvc ENOENT
[version: 1.2.29, 2025-11-28T07:14:09.181Z, pid: 7665] > /home/peaches/anaconda3/bin/python -m dvc --version - INITIALIZED
[version: 1.2.29, 2025-11-28T07:14:09.191Z, pid: 7665] > /home/peaches/anaconda3/bin/python -m dvc --version - FAILED with code 1 (15ms)
/home/peaches/anaconda3/bin/python: No module named dvc

[version: 1.2.29, 2025-11-28T07:14:09.196Z, pid: 0] > dvc --version - INITIALIZED
[version: 1.2.29, 2025-11-28T07:14:09.197Z, pid: 0] > dvc --version - FAILED (6ms)
Command failed with ENOENT: dvc --version
spawn dvc ENOENT
[version: 1.2.29, 2025-11-28T07:14:14.203Z, pid: 7668] > /home/peaches/anaconda3/bin/python -m dvc --version - INITIALIZED
[version: 1.2.29, 2025-11-28T07:14:14.212Z, pid: 7668] > /home/peaches/anaconda3/bin/python -m dvc --version - FAILED with code 1 (14ms)
/home/peaches/anaconda3/bin/python: No module named dvc

[version: 1.2.29, 2025-11-28T07:14:14.217Z, pid: 0] > dvc --version - INITIALIZED
[version: 1.2.29, 2025-11-28T07:14:14.218Z, pid: 0] > dvc --version - FAILED (5ms)
Command failed with ENOENT: dvc --version
spawn dvc ENOENT
[version: 1.2.29, 2025-11-28T07:14:19.224Z, pid: 7670] > /home/peaches/anaconda3/bin/python -m dvc --version - INITIALIZED
[version: 1.2.29, 2025-11-28T07:14:19.233Z, pid: 7670] > /home/peaches/anaconda3/bin/python -m dvc --version - FAILED with code 1 (15ms)
/home/peaches/anaconda3/bin/python: No module named dvc

[version: 1.2.29, 2025-11-28T07:14:19.238Z, pid: 0] > dvc --version - INITIALIZED
[version: 1.2.29, 2025-11-28T07:14:19.239Z, pid: 0] > dvc --version - FAILED (6ms)
Command failed with ENOENT: dvc --version
spawn dvc ENOENT
[version: 1.2.29, 2025-11-28T07:14:24.245Z, pid: 7698] > /home/peaches/anaconda3/bin/python -m dvc --version - INITIALIZED
[version: 1.2.29, 2025-11-28T07:14:24.254Z, pid: 7698] > /home/peaches/anaconda3/bin/python -m dvc --version - FAILED with code 1 (14ms)
/home/peaches/anaconda3/bin/python: No module named dvc

[version: 1.2.29, 2025-11-28T07:14:24.259Z, pid: 0] > dvc --version - INITIALIZED
[version: 1.2.29, 2025-11-28T07:14:24.260Z, pid: 0] > dvc --version - FAILED (6ms)
Command failed with ENOENT: dvc --version
spawn dvc ENOENT
[version: 1.2.29, 2025-11-28T07:14:29.265Z, pid: 7701] > /home/peaches/anaconda3/bin/python -m dvc --version - INITIALIZED
[version: 1.2.29, 2025-11-28T07:14:29.275Z, pid: 7701] > /home/peaches/anaconda3/bin/python -m dvc --version - FAILED with code 1 (15ms)
/home/peaches/anaconda3/bin/python: No module named dvc

[version: 1.2.29, 2025-11-28T07:14:29.280Z, pid: 0] > dvc --version - INITIALIZED
[version: 1.2.29, 2025-11-28T07:14:29.281Z, pid: 0] > dvc --version - FAILED (6ms)
Command failed with ENOENT: dvc --version
spawn dvc ENOENT
[version: 1.2.29, 2025-11-28T07:14:34.287Z, pid: 7709] > /home/peaches/anaconda3/bin/python -m dvc --version - INITIALIZED
[version: 1.2.29, 2025-11-28T07:14:34.296Z, pid: 7709] > /home/peaches/anaconda3/bin/python -m dvc --version - FAILED with code 1 (14ms)
/home/peaches/anaconda3/bin/python: No module named dvc

[version: 1.2.29, 2025-11-28T07:14:34.300Z, pid: 0] > dvc --version - INITIALIZED
[version: 1.2.29, 2025-11-28T07:14:34.301Z, pid: 0] > dvc --version - FAILED (5ms)
Command failed with ENOENT: dvc --version
spawn dvc ENOENT
[version: 1.2.29, 2025-11-28T07:14:39.307Z, pid: 7711] > /home/peaches/anaconda3/bin/python -m dvc --version - INITIALIZED
[version: 1.2.29, 2025-11-28T07:14:39.319Z, pid: 7711] > /home/peaches/anaconda3/bin/python -m dvc --version - FAILED with code 1 (17ms)
/home/peaches/anaconda3/bin/python: No module named dvc

[version: 1.2.29, 2025-11-28T07:14:39.324Z, pid: 0] > dvc --version - INITIALIZED
[version: 1.2.29, 2025-11-28T07:14:39.325Z, pid: 0] > dvc --version - FAILED (6ms)
Command failed with ENOENT: dvc --version
spawn dvc ENOENT
[version: 1.2.29, 2025-11-28T07:14:44.330Z, pid: 7713] > /home/peaches/anaconda3/bin/python -m dvc --version - INITIALIZED
[version: 1.2.29, 2025-11-28T07:14:44.341Z, pid: 7713] > /home/peaches/anaconda3/bin/python -m dvc --version - FAILED with code 1 (16ms)
/home/peaches/anaconda3/bin/python: No module named dvc

[version: 1.2.29, 2025-11-28T07:14:44.347Z, pid: 0] > dvc --version - INITIALIZED
[version: 1.2.29, 2025-11-28T07:14:44.348Z, pid: 0] > dvc --version - FAILED (7ms)
Command failed with ENOENT: dvc --version
spawn dvc ENOENT
[version: 1.2.29, 2025-11-28T07:14:49.352Z, pid: 7715] > /home/peaches/anaconda3/bin/python -m dvc --version - INITIALIZED
[version: 1.2.29, 2025-11-28T07:14:49.362Z, pid: 7715] > /home/peaches/anaconda3/bin/python -m dvc --version - FAILED with code 1 (15ms)
/home/peaches/anaconda3/bin/python: No module named dvc

[version: 1.2.29, 2025-11-28T07:14:49.366Z, pid: 0] > dvc --version - INITIALIZED
[version: 1.2.29, 2025-11-28T07:14:49.367Z, pid: 0] > dvc --version - FAILED (5ms)
Command failed with ENOENT: dvc --version
spawn dvc ENOENT
[version: 1.2.29, 2025-11-28T07:14:54.372Z, pid: 7717] > /home/peaches/anaconda3/bin/python -m dvc --version - INITIALIZED
[version: 1.2.29, 2025-11-28T07:14:54.380Z, pid: 7717] > /home/peaches/anaconda3/bin/python -m dvc --version - FAILED with code 1 (13ms)
/home/peaches/anaconda3/bin/python: No module named dvc

[version: 1.2.29, 2025-11-28T07:14:54.385Z, pid: 0] > dvc --version - INITIALIZED
[version: 1.2.29, 2025-11-28T07:14:54.386Z, pid: 0] > dvc --version - FAILED (5ms)
Command failed with ENOENT: dvc --version
spawn dvc ENOENT
[version: 1.2.29, 2025-11-28T07:14:59.391Z, pid: 7721] > /home/peaches/anaconda3/bin/python -m dvc --version - INITIALIZED
[version: 1.2.29, 2025-11-28T07:14:59.400Z, pid: 7721] > /home/peaches/anaconda3/bin/python -m dvc --version - FAILED with code 1 (14ms)
/home/peaches/anaconda3/bin/python: No module named dvc

[version: 1.2.29, 2025-11-28T07:14:59.405Z, pid: 0] > dvc --version - INITIALIZED
[version: 1.2.29, 2025-11-28T07:14:59.405Z, pid: 0] > dvc --version - FAILED (5ms)
Command failed with ENOENT: dvc --version
spawn dvc ENOENT
[version: 1.2.29, 2025-11-28T07:15:04.410Z, pid: 7723] > /home/peaches/anaconda3/bin/python -m dvc --version - INITIALIZED
[version: 1.2.29, 2025-11-28T07:15:04.420Z, pid: 7723] > /home/peaches/anaconda3/bin/python -m dvc --version - FAILED with code 1 (14ms)
/home/peaches/anaconda3/bin/python: No module named dvc

[version: 1.2.29, 2025-11-28T07:15:04.425Z, pid: 0] > dvc --version - INITIALIZED
[version: 1.2.29, 2025-11-28T07:15:04.425Z, pid: 0] > dvc --version - FAILED (5ms)
Command failed with ENOENT: dvc --version
spawn dvc ENOENT
[version: 1.2.29, 2025-11-28T07:15:09.430Z, pid: 7725] > /home/peaches/anaconda3/bin/python -m dvc --version - INITIALIZED
[version: 1.2.29, 2025-11-28T07:15:09.440Z, pid: 7725] > /home/peaches/anaconda3/bin/python -m dvc --version - FAILED with code 1 (15ms)
/home/peaches/anaconda3/bin/python: No module named dvc

[version: 1.2.29, 2025-11-28T07:15:09.445Z, pid: 0] > dvc --version - INITIALIZED
[version: 1.2.29, 2025-11-28T07:15:09.446Z, pid: 0] > dvc --version - FAILED (5ms)
Command failed with ENOENT: dvc --version
spawn dvc ENOENT
[version: 1.2.29, 2025-11-28T07:15:14.454Z, pid: 7728] > /home/peaches/anaconda3/bin/python -m dvc --version - INITIALIZED
[version: 1.2.29, 2025-11-28T07:15:14.464Z, pid: 7728] > /home/peaches/anaconda3/bin/python -m dvc --version - FAILED with code 1 (17ms)
/home/peaches/anaconda3/bin/python: No module named dvc

[version: 1.2.29, 2025-11-28T07:15:14.468Z, pid: 0] > dvc --version - INITIALIZED
[version: 1.2.29, 2025-11-28T07:15:14.469Z, pid: 0] > dvc --version - FAILED (5ms)
Command failed with ENOENT: dvc --version
spawn dvc ENOENT
[version: 1.2.29, 2025-11-28T07:15:19.475Z, pid: 7730] > /home/peaches/anaconda3/bin/python -m dvc --version - INITIALIZED
[version: 1.2.29, 2025-11-28T07:15:19.484Z, pid: 7730] > /home/peaches/anaconda3/bin/python -m dvc --version - FAILED with code 1 (14ms)
/home/peaches/anaconda3/bin/python: No module named dvc

[version: 1.2.29, 2025-11-28T07:15:19.489Z, pid: 0] > dvc --version - INITIALIZED
[version: 1.2.29, 2025-11-28T07:15:19.489Z, pid: 0] > dvc --version - FAILED (5ms)
Command failed with ENOENT: dvc --version
spawn dvc ENOENT
[version: 1.2.29, 2025-11-28T07:15:24.497Z, pid: 7732] > /home/peaches/anaconda3/bin/python -m dvc --version - INITIALIZED
[version: 1.2.29, 2025-11-28T07:15:24.506Z, pid: 7732] > /home/peaches/anaconda3/bin/python -m dvc --version - FAILED with code 1 (16ms)
/home/peaches/anaconda3/bin/python: No module named dvc

[version: 1.2.29, 2025-11-28T07:15:24.511Z, pid: 0] > dvc --version - INITIALIZED
[version: 1.2.29, 2025-11-28T07:15:24.511Z, pid: 0] > dvc --version - FAILED (5ms)
Command failed with ENOENT: dvc --version
spawn dvc ENOENT
[version: 1.2.29, 2025-11-28T07:15:29.517Z, pid: 7734] > /home/peaches/anaconda3/bin/python -m dvc --version - INITIALIZED
[version: 1.2.29, 2025-11-28T07:15:29.527Z, pid: 7734] > /home/peaches/anaconda3/bin/python -m dvc --version - FAILED with code 1 (14ms)
/home/peaches/anaconda3/bin/python: No module named dvc

[version: 1.2.29, 2025-11-28T07:15:29.531Z, pid: 0] > dvc --version - INITIALIZED
[version: 1.2.29, 2025-11-28T07:15:29.532Z, pid: 0] > dvc --version - FAILED (4ms)
Command failed with ENOENT: dvc --version
spawn dvc ENOENT
[version: 1.2.29, 2025-11-28T07:15:34.536Z, pid: 7736] > /home/peaches/anaconda3/bin/python -m dvc --version - INITIALIZED
[version: 1.2.29, 2025-11-28T07:15:34.546Z, pid: 7736] > /home/peaches/anaconda3/bin/python -m dvc --version - FAILED with code 1 (13ms)
/home/peaches/anaconda3/bin/python: No module named dvc

[version: 1.2.29, 2025-11-28T07:15:34.550Z, pid: 0] > dvc --version - INITIALIZED
[version: 1.2.29, 2025-11-28T07:15:34.551Z, pid: 0] > dvc --version - FAILED (5ms)
Command failed with ENOENT: dvc --version
spawn dvc ENOENT
[version: 1.2.29, 2025-11-28T07:15:39.555Z, pid: 7738] > /home/peaches/anaconda3/bin/python -m dvc --version - INITIALIZED
[version: 1.2.29, 2025-11-28T07:15:39.565Z, pid: 7738] > /home/peaches/anaconda3/bin/python -m dvc --version - FAILED with code 1 (14ms)
/home/peaches/anaconda3/bin/python: No module named dvc

[version: 1.2.29, 2025-11-28T07:15:39.569Z, pid: 0] > dvc --version - INITIALIZED
[version: 1.2.29, 2025-11-28T07:15:39.570Z, pid: 0] > dvc --version - FAILED (5ms)
Command failed with ENOENT: dvc --version
spawn dvc ENOENT
[version: 1.2.29, 2025-11-28T07:15:44.575Z, pid: 7740] > /home/peaches/anaconda3/bin/python -m dvc --version - INITIALIZED
[version: 1.2.29, 2025-11-28T07:15:44.585Z, pid: 7740] > /home/peaches/anaconda3/bin/python -m dvc --version - FAILED with code 1 (15ms)
/home/peaches/anaconda3/bin/python: No module named dvc

[version: 1.2.29, 2025-11-28T07:15:44.590Z, pid: 0] > dvc --version - INITIALIZED
[version: 1.2.29, 2025-11-28T07:15:44.591Z, pid: 0] > dvc --version - FAILED (6ms)
Command failed with ENOENT: dvc --version
spawn dvc ENOENT
[version: 1.2.29, 2025-11-28T07:15:49.596Z, pid: 7756] > /home/peaches/anaconda3/bin/python -m dvc --version - INITIALIZED
[version: 1.2.29, 2025-11-28T07:15:49.605Z, pid: 7756] > /home/peaches/anaconda3/bin/python -m dvc --version - FAILED with code 1 (14ms)
/home/peaches/anaconda3/bin/python: No module named dvc

[version: 1.2.29, 2025-11-28T07:15:49.609Z, pid: 0] > dvc --version - INITIALIZED
[version: 1.2.29, 2025-11-28T07:15:49.610Z, pid: 0] > dvc --version - FAILED (5ms)
Command failed with ENOENT: dvc --version
spawn dvc ENOENT
[version: 1.2.29, 2025-11-28T07:15:54.615Z, pid: 7759] > /home/peaches/anaconda3/bin/python -m dvc --version - INITIALIZED
[version: 1.2.29, 2025-11-28T07:15:54.624Z, pid: 7759] > /home/peaches/anaconda3/bin/python -m dvc --version - FAILED with code 1 (13ms)
/home/peaches/anaconda3/bin/python: No module named dvc

[version: 1.2.29, 2025-11-28T07:15:54.628Z, pid: 0] > dvc --version - INITIALIZED
[version: 1.2.29, 2025-11-28T07:15:54.629Z, pid: 0] > dvc --version - FAILED (5ms)
Command failed with ENOENT: dvc --version
spawn dvc ENOENT
[version: 1.2.29, 2025-11-28T07:15:59.635Z, pid: 7763] > /home/peaches/anaconda3/bin/python -m dvc --version - INITIALIZED
[version: 1.2.29, 2025-11-28T07:15:59.645Z, pid: 7763] > /home/peaches/anaconda3/bin/python -m dvc --version - FAILED with code 1 (15ms)
/home/peaches/anaconda3/bin/python: No module named dvc

[version: 1.2.29, 2025-11-28T07:15:59.651Z, pid: 0] > dvc --version - INITIALIZED
[version: 1.2.29, 2025-11-28T07:15:59.652Z, pid: 0] > dvc --version - FAILED (7ms)
Command failed with ENOENT: dvc --version
spawn dvc ENOENT
[version: 1.2.29, 2025-11-28T07:16:04.659Z, pid: 7765] > /home/peaches/anaconda3/bin/python -m dvc --version - INITIALIZED
[version: 1.2.29, 2025-11-28T07:16:04.668Z, pid: 7765] > /home/peaches/anaconda3/bin/python -m dvc --version - FAILED with code 1 (15ms)
/home/peaches/anaconda3/bin/python: No module named dvc

[version: 1.2.29, 2025-11-28T07:16:04.673Z, pid: 0] > dvc --version - INITIALIZED
[version: 1.2.29, 2025-11-28T07:16:04.674Z, pid: 0] > dvc --version - FAILED (5ms)
Command failed with ENOENT: dvc --version
spawn dvc ENOENT
[version: 1.2.29, 2025-11-28T07:16:09.680Z, pid: 7767] > /home/peaches/anaconda3/bin/python -m dvc --version - INITIALIZED
[version: 1.2.29, 2025-11-28T07:16:09.689Z, pid: 7767] > /home/peaches/anaconda3/bin/python -m dvc --version - FAILED with code 1 (14ms)
/home/peaches/anaconda3/bin/python: No module named dvc

[version: 1.2.29, 2025-11-28T07:16:09.694Z, pid: 0] > dvc --version - INITIALIZED
[version: 1.2.29, 2025-11-28T07:16:09.694Z, pid: 0] > dvc --version - FAILED (4ms)
Command failed with ENOENT: dvc --version
spawn dvc ENOENT
[version: 1.2.29, 2025-11-28T07:16:14.700Z, pid: 7769] > /home/peaches/anaconda3/bin/python -m dvc --version - INITIALIZED
[version: 1.2.29, 2025-11-28T07:16:14.709Z, pid: 7769] > /home/peaches/anaconda3/bin/python -m dvc --version - FAILED with code 1 (15ms)
/home/peaches/anaconda3/bin/python: No module named dvc

[version: 1.2.29, 2025-11-28T07:16:14.714Z, pid: 0] > dvc --version - INITIALIZED
[version: 1.2.29, 2025-11-28T07:16:14.715Z, pid: 0] > dvc --version - FAILED (5ms)
Command failed with ENOENT: dvc --version
spawn dvc ENOENT
[version: 1.2.29, 2025-11-28T07:16:19.720Z, pid: 7771] > /home/peaches/anaconda3/bin/python -m dvc --version - INITIALIZED
[version: 1.2.29, 2025-11-28T07:16:19.729Z, pid: 7771] > /home/peaches/anaconda3/bin/python -m dvc --version - FAILED with code 1 (13ms)
/home/peaches/anaconda3/bin/python: No module named dvc

[version: 1.2.29, 2025-11-28T07:16:19.734Z, pid: 0] > dvc --version - INITIALIZED
[version: 1.2.29, 2025-11-28T07:16:19.735Z, pid: 0] > dvc --version - FAILED (5ms)
Command failed with ENOENT: dvc --version
spawn dvc ENOENT
[version: 1.2.29, 2025-11-28T07:16:24.741Z, pid: 7773] > /home/peaches/anaconda3/bin/python -m dvc --version - INITIALIZED
[version: 1.2.29, 2025-11-28T07:16:24.750Z, pid: 7773] > /home/peaches/anaconda3/bin/python -m dvc --version - FAILED with code 1 (15ms)
/home/peaches/anaconda3/bin/python: No module named dvc

[version: 1.2.29, 2025-11-28T07:16:24.755Z, pid: 0] > dvc --version - INITIALIZED
[version: 1.2.29, 2025-11-28T07:16:24.756Z, pid: 0] > dvc --version - FAILED (5ms)
Command failed with ENOENT: dvc --version
spawn dvc ENOENT
[version: 1.2.29, 2025-11-28T07:16:29.762Z, pid: 7775] > /home/peaches/anaconda3/bin/python -m dvc --version - INITIALIZED
[version: 1.2.29, 2025-11-28T07:16:29.771Z, pid: 7775] > /home/peaches/anaconda3/bin/python -m dvc --version - FAILED with code 1 (14ms)
/home/peaches/anaconda3/bin/python: No module named dvc

[version: 1.2.29, 2025-11-28T07:16:29.775Z, pid: 0] > dvc --version - INITIALIZED
[version: 1.2.29, 2025-11-28T07:16:29.776Z, pid: 0] > dvc --version - FAILED (5ms)
Command failed with ENOENT: dvc --version
spawn dvc ENOENT
[version: 1.2.29, 2025-11-28T07:16:34.782Z, pid: 7777] > /home/peaches/anaconda3/bin/python -m dvc --version - INITIALIZED
[version: 1.2.29, 2025-11-28T07:16:34.790Z, pid: 7777] > /home/peaches/anaconda3/bin/python -m dvc --version - FAILED with code 1 (13ms)
/home/peaches/anaconda3/bin/python: No module named dvc

[version: 1.2.29, 2025-11-28T07:16:34.795Z, pid: 0] > dvc --version - INITIALIZED
[version: 1.2.29, 2025-11-28T07:16:34.796Z, pid: 0] > dvc --version - FAILED (5ms)
Command failed with ENOENT: dvc --version
spawn dvc ENOENT
[version: 1.2.29, 2025-11-28T07:16:39.801Z, pid: 7779] > /home/peaches/anaconda3/bin/python -m dvc --version - INITIALIZED
[version: 1.2.29, 2025-11-28T07:16:39.810Z, pid: 7779] > /home/peaches/anaconda3/bin/python -m dvc --version - FAILED with code 1 (14ms)
/home/peaches/anaconda3/bin/python: No module named dvc

[version: 1.2.29, 2025-11-28T07:16:39.815Z, pid: 0] > dvc --version - INITIALIZED
[version: 1.2.29, 2025-11-28T07:16:39.815Z, pid: 0] > dvc --version - FAILED (4ms)
Command failed with ENOENT: dvc --version
spawn dvc ENOENT
[version: 1.2.29, 2025-11-28T07:16:44.821Z, pid: 7781] > /home/peaches/anaconda3/bin/python -m dvc --version - INITIALIZED
[version: 1.2.29, 2025-11-28T07:16:44.830Z, pid: 7781] > /home/peaches/anaconda3/bin/python -m dvc --version - FAILED with code 1 (14ms)
/home/peaches/anaconda3/bin/python: No module named dvc

[version: 1.2.29, 2025-11-28T07:16:44.834Z, pid: 0] > dvc --version - INITIALIZED
[version: 1.2.29, 2025-11-28T07:16:44.835Z, pid: 0] > dvc --version - FAILED (5ms)
Command failed with ENOENT: dvc --version
spawn dvc ENOENT
[version: 1.2.29, 2025-11-28T07:16:49.840Z, pid: 7784] > /home/peaches/anaconda3/bin/python -m dvc --version - INITIALIZED
[version: 1.2.29, 2025-11-28T07:16:49.849Z, pid: 7784] > /home/peaches/anaconda3/bin/python -m dvc --version - FAILED with code 1 (14ms)
/home/peaches/anaconda3/bin/python: No module named dvc

[version: 1.2.29, 2025-11-28T07:16:49.853Z, pid: 0] > dvc --version - INITIALIZED
[version: 1.2.29, 2025-11-28T07:16:49.854Z, pid: 0] > dvc --version - FAILED (5ms)
Command failed with ENOENT: dvc --version
spawn dvc ENOENT
[version: 1.2.29, 2025-11-28T07:16:54.860Z, pid: 7786] > /home/peaches/anaconda3/bin/python -m dvc --version - INITIALIZED
[version: 1.2.29, 2025-11-28T07:16:54.869Z, pid: 7786] > /home/peaches/anaconda3/bin/python -m dvc --version - FAILED with code 1 (15ms)
/home/peaches/anaconda3/bin/python: No module named dvc

[version: 1.2.29, 2025-11-28T07:16:54.873Z, pid: 0] > dvc --version - INITIALIZED
[version: 1.2.29, 2025-11-28T07:16:54.874Z, pid: 0] > dvc --version - FAILED (5ms)
Command failed with ENOENT: dvc --version
spawn dvc ENOENT
[version: 1.2.29, 2025-11-28T07:16:59.880Z, pid: 7790] > /home/peaches/anaconda3/bin/python -m dvc --version - INITIALIZED
[version: 1.2.29, 2025-11-28T07:16:59.888Z, pid: 7790] > /home/peaches/anaconda3/bin/python -m dvc --version - FAILED with code 1 (14ms)
/home/peaches/anaconda3/bin/python: No module named dvc

[version: 1.2.29, 2025-11-28T07:16:59.893Z, pid: 0] > dvc --version - INITIALIZED
[version: 1.2.29, 2025-11-28T07:16:59.893Z, pid: 0] > dvc --version - FAILED (4ms)
Command failed with ENOENT: dvc --version
spawn dvc ENOENT
[version: 1.2.29, 2025-11-28T07:17:04.899Z, pid: 7792] > /home/peaches/anaconda3/bin/python -m dvc --version - INITIALIZED
[version: 1.2.29, 2025-11-28T07:17:04.908Z, pid: 7792] > /home/peaches/anaconda3/bin/python -m dvc --version - FAILED with code 1 (15ms)
/home/peaches/anaconda3/bin/python: No module named dvc

[version: 1.2.29, 2025-11-28T07:17:04.912Z, pid: 0] > dvc --version - INITIALIZED
[version: 1.2.29, 2025-11-28T07:17:04.913Z, pid: 0] > dvc --version - FAILED (5ms)
Command failed with ENOENT: dvc --version
spawn dvc ENOENT
[version: 1.2.29, 2025-11-28T07:17:09.917Z, pid: 7794] > /home/peaches/anaconda3/bin/python -m dvc --version - INITIALIZED
[version: 1.2.29, 2025-11-28T07:17:09.926Z, pid: 7794] > /home/peaches/anaconda3/bin/python -m dvc --version - FAILED with code 1 (13ms)
/home/peaches/anaconda3/bin/python: No module named dvc

[version: 1.2.29, 2025-11-28T07:17:09.931Z, pid: 0] > dvc --version - INITIALIZED
[version: 1.2.29, 2025-11-28T07:17:09.931Z, pid: 0] > dvc --version - FAILED (5ms)
Command failed with ENOENT: dvc --version
spawn dvc ENOENT
[version: 1.2.29, 2025-11-28T07:17:14.937Z, pid: 7797] > /home/peaches/anaconda3/bin/python -m dvc --version - INITIALIZED
[version: 1.2.29, 2025-11-28T07:17:14.946Z, pid: 7797] > /home/peaches/anaconda3/bin/python -m dvc --version - FAILED with code 1 (14ms)
/home/peaches/anaconda3/bin/python: No module named dvc

[version: 1.2.29, 2025-11-28T07:17:14.950Z, pid: 0] > dvc --version - INITIALIZED
[version: 1.2.29, 2025-11-28T07:17:14.951Z, pid: 0] > dvc --version - FAILED (5ms)
Command failed with ENOENT: dvc --version
spawn dvc ENOENT
[version: 1.2.29, 2025-11-28T07:17:19.956Z, pid: 7800] > /home/peaches/anaconda3/bin/python -m dvc --version - INITIALIZED
[version: 1.2.29, 2025-11-28T07:17:19.965Z, pid: 7800] > /home/peaches/anaconda3/bin/python -m dvc --version - FAILED with code 1 (13ms)
/home/peaches/anaconda3/bin/python: No module named dvc

[version: 1.2.29, 2025-11-28T07:17:19.969Z, pid: 0] > dvc --version - INITIALIZED
[version: 1.2.29, 2025-11-28T07:17:19.970Z, pid: 0] > dvc --version - FAILED (5ms)
Command failed with ENOENT: dvc --version
spawn dvc ENOENT
[version: 1.2.29, 2025-11-28T07:17:24.976Z, pid: 7802] > /home/peaches/anaconda3/bin/python -m dvc --version - INITIALIZED
[version: 1.2.29, 2025-11-28T07:17:24.985Z, pid: 7802] > /home/peaches/anaconda3/bin/python -m dvc --version - FAILED with code 1 (14ms)
/home/peaches/anaconda3/bin/python: No module named dvc

[version: 1.2.29, 2025-11-28T07:17:24.989Z, pid: 0] > dvc --version - INITIALIZED
[version: 1.2.29, 2025-11-28T07:17:24.989Z, pid: 0] > dvc --version - FAILED (4ms)
Command failed with ENOENT: dvc --version
spawn dvc ENOENT
[version: 1.2.29, 2025-11-28T07:17:29.995Z, pid: 7812] > /home/peaches/anaconda3/bin/python -m dvc --version - INITIALIZED
[version: 1.2.29, 2025-11-28T07:17:30.004Z, pid: 7812] > /home/peaches/anaconda3/bin/python -m dvc --version - FAILED with code 1 (14ms)
/home/peaches/anaconda3/bin/python: No module named dvc

[version: 1.2.29, 2025-11-28T07:17:30.008Z, pid: 0] > dvc --version - INITIALIZED
[version: 1.2.29, 2025-11-28T07:17:30.009Z, pid: 0] > dvc --version - FAILED (5ms)
Command failed with ENOENT: dvc --version
spawn dvc ENOENT
[version: 1.2.29, 2025-11-28T07:17:35.014Z, pid: 7814] > /home/peaches/anaconda3/bin/python -m dvc --version - INITIALIZED
[version: 1.2.29, 2025-11-28T07:17:35.023Z, pid: 7814] > /home/peaches/anaconda3/bin/python -m dvc --version - FAILED with code 1 (13ms)
/home/peaches/anaconda3/bin/python: No module named dvc

[version: 1.2.29, 2025-11-28T07:17:35.028Z, pid: 0] > dvc --version - INITIALIZED
[version: 1.2.29, 2025-11-28T07:17:35.029Z, pid: 0] > dvc --version - FAILED (5ms)
Command failed with ENOENT: dvc --version
spawn dvc ENOENT
[version: 1.2.29, 2025-11-28T07:17:40.035Z, pid: 7816] > /home/peaches/anaconda3/bin/python -m dvc --version - INITIALIZED
[version: 1.2.29, 2025-11-28T07:17:40.044Z, pid: 7816] > /home/peaches/anaconda3/bin/python -m dvc --version - FAILED with code 1 (15ms)
/home/peaches/anaconda3/bin/python: No module named dvc

[version: 1.2.29, 2025-11-28T07:17:40.049Z, pid: 0] > dvc --version - INITIALIZED
[version: 1.2.29, 2025-11-28T07:17:40.049Z, pid: 0] > dvc --version - FAILED (4ms)
Command failed with ENOENT: dvc --version
spawn dvc ENOENT
[version: 1.2.29, 2025-11-28T07:17:45.055Z, pid: 7818] > /home/peaches/anaconda3/bin/python -m dvc --version - INITIALIZED
[version: 1.2.29, 2025-11-28T07:17:45.064Z, pid: 7818] > /home/peaches/anaconda3/bin/python -m dvc --version - FAILED with code 1 (14ms)
/home/peaches/anaconda3/bin/python: No module named dvc

[version: 1.2.29, 2025-11-28T07:17:45.069Z, pid: 0] > dvc --version - INITIALIZED
[version: 1.2.29, 2025-11-28T07:17:45.070Z, pid: 0] > dvc --version - FAILED (6ms)
Command failed with ENOENT: dvc --version
spawn dvc ENOENT
[version: 1.2.29, 2025-11-28T07:17:50.074Z, pid: 7821] > /home/peaches/anaconda3/bin/python -m dvc --version - INITIALIZED
[version: 1.2.29, 2025-11-28T07:17:50.084Z, pid: 7821] > /home/peaches/anaconda3/bin/python -m dvc --version - FAILED with code 1 (14ms)
/home/peaches/anaconda3/bin/python: No module named dvc

[version: 1.2.29, 2025-11-28T07:17:50.089Z, pid: 0] > dvc --version - INITIALIZED
[version: 1.2.29, 2025-11-28T07:17:50.090Z, pid: 0] > dvc --version - FAILED (5ms)
Command failed with ENOENT: dvc --version
spawn dvc ENOENT
[version: 1.2.29, 2025-11-28T07:17:55.094Z, pid: 7824] > /home/peaches/anaconda3/bin/python -m dvc --version - INITIALIZED
[version: 1.2.29, 2025-11-28T07:17:55.104Z, pid: 7824] > /home/peaches/anaconda3/bin/python -m dvc --version - FAILED with code 1 (14ms)
/home/peaches/anaconda3/bin/python: No module named dvc

[version: 1.2.29, 2025-11-28T07:17:55.109Z, pid: 0] > dvc --version - INITIALIZED
[version: 1.2.29, 2025-11-28T07:17:55.109Z, pid: 0] > dvc --version - FAILED (5ms)
Command failed with ENOENT: dvc --version
spawn dvc ENOENT
[version: 1.2.29, 2025-11-28T07:18:00.115Z, pid: 7828] > /home/peaches/anaconda3/bin/python -m dvc --version - INITIALIZED
[version: 1.2.29, 2025-11-28T07:18:00.124Z, pid: 7828] > /home/peaches/anaconda3/bin/python -m dvc --version - FAILED with code 1 (14ms)
/home/peaches/anaconda3/bin/python: No module named dvc

[version: 1.2.29, 2025-11-28T07:18:00.128Z, pid: 0] > dvc --version - INITIALIZED
[version: 1.2.29, 2025-11-28T07:18:00.129Z, pid: 0] > dvc --version - FAILED (5ms)
Command failed with ENOENT: dvc --version
spawn dvc ENOENT
[version: 1.2.29, 2025-11-28T07:18:05.135Z, pid: 7830] > /home/peaches/anaconda3/bin/python -m dvc --version - INITIALIZED
[version: 1.2.29, 2025-11-28T07:18:05.144Z, pid: 7830] > /home/peaches/anaconda3/bin/python -m dvc --version - FAILED with code 1 (15ms)
/home/peaches/anaconda3/bin/python: No module named dvc

[version: 1.2.29, 2025-11-28T07:18:05.148Z, pid: 0] > dvc --version - INITIALIZED
[version: 1.2.29, 2025-11-28T07:18:05.149Z, pid: 0] > dvc --version - FAILED (5ms)
Command failed with ENOENT: dvc --version
spawn dvc ENOENT
[version: 1.2.29, 2025-11-28T07:18:10.154Z, pid: 7832] > /home/peaches/anaconda3/bin/python -m dvc --version - INITIALIZED
[version: 1.2.29, 2025-11-28T07:18:10.164Z, pid: 7832] > /home/peaches/anaconda3/bin/python -m dvc --version - FAILED with code 1 (16ms)
/home/peaches/anaconda3/bin/python: No module named dvc

[version: 1.2.29, 2025-11-28T07:18:10.168Z, pid: 0] > dvc --version - INITIALIZED
[version: 1.2.29, 2025-11-28T07:18:10.169Z, pid: 0] > dvc --version - FAILED (5ms)
Command failed with ENOENT: dvc --version
spawn dvc ENOENT
[version: 1.2.29, 2025-11-28T07:18:15.173Z, pid: 7835] > /home/peaches/anaconda3/bin/python -m dvc --version - INITIALIZED
[version: 1.2.29, 2025-11-28T07:18:15.182Z, pid: 7835] > /home/peaches/anaconda3/bin/python -m dvc --version - FAILED with code 1 (13ms)
/home/peaches/anaconda3/bin/python: No module named dvc

[version: 1.2.29, 2025-11-28T07:18:15.187Z, pid: 0] > dvc --version - INITIALIZED
[version: 1.2.29, 2025-11-28T07:18:15.187Z, pid: 0] > dvc --version - FAILED (4ms)
Command failed with ENOENT: dvc --version
spawn dvc ENOENT
[version: 1.2.29, 2025-11-28T07:18:20.193Z, pid: 7837] > /home/peaches/anaconda3/bin/python -m dvc --version - INITIALIZED
[version: 1.2.29, 2025-11-28T07:18:20.202Z, pid: 7837] > /home/peaches/anaconda3/bin/python -m dvc --version - FAILED with code 1 (14ms)
/home/peaches/anaconda3/bin/python: No module named dvc

[version: 1.2.29, 2025-11-28T07:18:20.207Z, pid: 0] > dvc --version - INITIALIZED
[version: 1.2.29, 2025-11-28T07:18:20.208Z, pid: 0] > dvc --version - FAILED (5ms)
Command failed with ENOENT: dvc --version
spawn dvc ENOENT
[version: 1.2.29, 2025-11-28T07:18:25.214Z, pid: 7839] > /home/peaches/anaconda3/bin/python -m dvc --version - INITIALIZED
[version: 1.2.29, 2025-11-28T07:18:25.223Z, pid: 7839] > /home/peaches/anaconda3/bin/python -m dvc --version - FAILED with code 1 (14ms)
/home/peaches/anaconda3/bin/python: No module named dvc

[version: 1.2.29, 2025-11-28T07:18:25.227Z, pid: 0] > dvc --version - INITIALIZED
[version: 1.2.29, 2025-11-28T07:18:25.228Z, pid: 0] > dvc --version - FAILED (5ms)
Command failed with ENOENT: dvc --version
spawn dvc ENOENT
[version: 1.2.29, 2025-11-28T07:18:30.236Z, pid: 7841] > /home/peaches/anaconda3/bin/python -m dvc --version - INITIALIZED
[version: 1.2.29, 2025-11-28T07:18:30.245Z, pid: 7841] > /home/peaches/anaconda3/bin/python -m dvc --version - FAILED with code 1 (16ms)
/home/peaches/anaconda3/bin/python: No module named dvc

[version: 1.2.29, 2025-11-28T07:18:30.249Z, pid: 0] > dvc --version - INITIALIZED
[version: 1.2.29, 2025-11-28T07:18:30.250Z, pid: 0] > dvc --version - FAILED (5ms)
Command failed with ENOENT: dvc --version
spawn dvc ENOENT
[version: 1.2.29, 2025-11-28T07:18:35.257Z, pid: 7897] > /home/peaches/anaconda3/bin/python -m dvc --version - INITIALIZED
[version: 1.2.29, 2025-11-28T07:18:35.266Z, pid: 7897] > /home/peaches/anaconda3/bin/python -m dvc --version - FAILED with code 1 (16ms)
/home/peaches/anaconda3/bin/python: No module named dvc

[version: 1.2.29, 2025-11-28T07:18:35.270Z, pid: 0] > dvc --version - INITIALIZED
[version: 1.2.29, 2025-11-28T07:18:35.271Z, pid: 0] > dvc --version - FAILED (5ms)
Command failed with ENOENT: dvc --version
spawn dvc ENOENT
[version: 1.2.29, 2025-11-28T07:18:40.277Z, pid: 7917] > /home/peaches/anaconda3/bin/python -m dvc --version - INITIALIZED
[version: 1.2.29, 2025-11-28T07:18:40.286Z, pid: 7917] > /home/peaches/anaconda3/bin/python -m dvc --version - FAILED with code 1 (15ms)
/home/peaches/anaconda3/bin/python: No module named dvc

[version: 1.2.29, 2025-11-28T07:18:40.290Z, pid: 0] > dvc --version - INITIALIZED
[version: 1.2.29, 2025-11-28T07:18:40.291Z, pid: 0] > dvc --version - FAILED (5ms)
Command failed with ENOENT: dvc --version
spawn dvc ENOENT
[version: 1.2.29, 2025-11-28T07:18:45.298Z, pid: 7919] > /home/peaches/anaconda3/bin/python -m dvc --version - INITIALIZED
[version: 1.2.29, 2025-11-28T07:18:45.308Z, pid: 7919] > /home/peaches/anaconda3/bin/python -m dvc --version - FAILED with code 1 (16ms)
/home/peaches/anaconda3/bin/python: No module named dvc

[version: 1.2.29, 2025-11-28T07:18:45.312Z, pid: 0] > dvc --version - INITIALIZED
[version: 1.2.29, 2025-11-28T07:18:45.313Z, pid: 0] > dvc --version - FAILED (5ms)
Command failed with ENOENT: dvc --version
spawn dvc ENOENT
[version: 1.2.29, 2025-11-28T07:18:50.319Z, pid: 7921] > /home/peaches/anaconda3/bin/python -m dvc --version - INITIALIZED
[version: 1.2.29, 2025-11-28T07:18:50.328Z, pid: 7921] > /home/peaches/anaconda3/bin/python -m dvc --version - FAILED with code 1 (15ms)
/home/peaches/anaconda3/bin/python: No module named dvc

[version: 1.2.29, 2025-11-28T07:18:50.333Z, pid: 0] > dvc --version - INITIALIZED
[version: 1.2.29, 2025-11-28T07:18:50.334Z, pid: 0] > dvc --version - FAILED (5ms)
Command failed with ENOENT: dvc --version
spawn dvc ENOENT
[version: 1.2.29, 2025-11-28T07:18:55.339Z, pid: 7923] > /home/peaches/anaconda3/bin/python -m dvc --version - INITIALIZED
[version: 1.2.29, 2025-11-28T07:18:55.348Z, pid: 7923] > /home/peaches/anaconda3/bin/python -m dvc --version - FAILED with code 1 (14ms)
/home/peaches/anaconda3/bin/python: No module named dvc

[version: 1.2.29, 2025-11-28T07:18:55.353Z, pid: 0] > dvc --version - INITIALIZED
[version: 1.2.29, 2025-11-28T07:18:55.353Z, pid: 0] > dvc --version - FAILED (5ms)
Command failed with ENOENT: dvc --version
spawn dvc ENOENT
[version: 1.2.29, 2025-11-28T07:19:00.358Z, pid: 7927] > /home/peaches/anaconda3/bin/python -m dvc --version - INITIALIZED
[version: 1.2.29, 2025-11-28T07:19:00.367Z, pid: 7927] > /home/peaches/anaconda3/bin/python -m dvc --version - FAILED with code 1 (13ms)
/home/peaches/anaconda3/bin/python: No module named dvc

[version: 1.2.29, 2025-11-28T07:19:00.372Z, pid: 0] > dvc --version - INITIALIZED
[version: 1.2.29, 2025-11-28T07:19:00.372Z, pid: 0] > dvc --version - FAILED (4ms)
Command failed with ENOENT: dvc --version
spawn dvc ENOENT
[version: 1.2.29, 2025-11-28T07:19:05.378Z, pid: 7929] > /home/peaches/anaconda3/bin/python -m dvc --version - INITIALIZED
[version: 1.2.29, 2025-11-28T07:19:05.387Z, pid: 7929] > /home/peaches/anaconda3/bin/python -m dvc --version - FAILED with code 1 (14ms)
/home/peaches/anaconda3/bin/python: No module named dvc

[version: 1.2.29, 2025-11-28T07:19:05.392Z, pid: 0] > dvc --version - INITIALIZED
[version: 1.2.29, 2025-11-28T07:19:05.392Z, pid: 0] > dvc --version - FAILED (4ms)
Command failed with ENOENT: dvc --version
spawn dvc ENOENT
[version: 1.2.29, 2025-11-28T07:19:10.399Z, pid: 7931] > /home/peaches/anaconda3/bin/python -m dvc --version - INITIALIZED
[version: 1.2.29, 2025-11-28T07:19:10.408Z, pid: 7931] > /home/peaches/anaconda3/bin/python -m dvc --version - FAILED with code 1 (15ms)
/home/peaches/anaconda3/bin/python: No module named dvc

[version: 1.2.29, 2025-11-28T07:19:10.412Z, pid: 0] > dvc --version - INITIALIZED
[version: 1.2.29, 2025-11-28T07:19:10.413Z, pid: 0] > dvc --version - FAILED (5ms)
Command failed with ENOENT: dvc --version
spawn dvc ENOENT
[version: 1.2.29, 2025-11-28T07:19:15.418Z, pid: 7933] > /home/peaches/anaconda3/bin/python -m dvc --version - INITIALIZED
[version: 1.2.29, 2025-11-28T07:19:15.427Z, pid: 7933] > /home/peaches/anaconda3/bin/python -m dvc --version - FAILED with code 1 (13ms)
/home/peaches/anaconda3/bin/python: No module named dvc

[version: 1.2.29, 2025-11-28T07:19:15.431Z, pid: 0] > dvc --version - INITIALIZED
[version: 1.2.29, 2025-11-28T07:19:15.431Z, pid: 0] > dvc --version - FAILED (4ms)
Command failed with ENOENT: dvc --version
spawn dvc ENOENT
[version: 1.2.29, 2025-11-28T07:19:20.437Z, pid: 7935] > /home/peaches/anaconda3/bin/python -m dvc --version - INITIALIZED
[version: 1.2.29, 2025-11-28T07:19:20.446Z, pid: 7935] > /home/peaches/anaconda3/bin/python -m dvc --version - FAILED with code 1 (14ms)
/home/peaches/anaconda3/bin/python: No module named dvc

[version: 1.2.29, 2025-11-28T07:19:20.450Z, pid: 0] > dvc --version - INITIALIZED
[version: 1.2.29, 2025-11-28T07:19:20.451Z, pid: 0] > dvc --version - FAILED (4ms)
Command failed with ENOENT: dvc --version
spawn dvc ENOENT
[version: 1.2.29, 2025-11-28T07:19:25.457Z, pid: 7937] > /home/peaches/anaconda3/bin/python -m dvc --version - INITIALIZED
[version: 1.2.29, 2025-11-28T07:19:25.466Z, pid: 7937] > /home/peaches/anaconda3/bin/python -m dvc --version - FAILED with code 1 (15ms)
/home/peaches/anaconda3/bin/python: No module named dvc

[version: 1.2.29, 2025-11-28T07:19:25.470Z, pid: 0] > dvc --version - INITIALIZED
[version: 1.2.29, 2025-11-28T07:19:25.471Z, pid: 0] > dvc --version - FAILED (4ms)
Command failed with ENOENT: dvc --version
spawn dvc ENOENT
[version: 1.2.29, 2025-11-28T07:19:30.477Z, pid: 7939] > /home/peaches/anaconda3/bin/python -m dvc --version - INITIALIZED
[version: 1.2.29, 2025-11-28T07:19:30.486Z, pid: 7939] > /home/peaches/anaconda3/bin/python -m dvc --version - FAILED with code 1 (15ms)
/home/peaches/anaconda3/bin/python: No module named dvc

[version: 1.2.29, 2025-11-28T07:19:30.491Z, pid: 0] > dvc --version - INITIALIZED
[version: 1.2.29, 2025-11-28T07:19:30.492Z, pid: 0] > dvc --version - FAILED (5ms)
Command failed with ENOENT: dvc --version
spawn dvc ENOENT
[version: 1.2.29, 2025-11-28T07:19:35.498Z, pid: 7941] > /home/peaches/anaconda3/bin/python -m dvc --version - INITIALIZED
[version: 1.2.29, 2025-11-28T07:19:35.507Z, pid: 7941] > /home/peaches/anaconda3/bin/python -m dvc --version - FAILED with code 1 (15ms)
/home/peaches/anaconda3/bin/python: No module named dvc

[version: 1.2.29, 2025-11-28T07:19:35.512Z, pid: 0] > dvc --version - INITIALIZED
[version: 1.2.29, 2025-11-28T07:19:35.513Z, pid: 0] > dvc --version - FAILED (6ms)
Command failed with ENOENT: dvc --version
spawn dvc ENOENT
[version: 1.2.29, 2025-11-28T07:19:40.518Z, pid: 7943] > /home/peaches/anaconda3/bin/python -m dvc --version - INITIALIZED
[version: 1.2.29, 2025-11-28T07:19:40.527Z, pid: 7943] > /home/peaches/anaconda3/bin/python -m dvc --version - FAILED with code 1 (14ms)
/home/peaches/anaconda3/bin/python: No module named dvc

[version: 1.2.29, 2025-11-28T07:19:40.531Z, pid: 0] > dvc --version - INITIALIZED
[version: 1.2.29, 2025-11-28T07:19:40.532Z, pid: 0] > dvc --version - FAILED (5ms)
Command failed with ENOENT: dvc --version
spawn dvc ENOENT
[version: 1.2.29, 2025-11-28T07:19:45.538Z, pid: 7945] > /home/peaches/anaconda3/bin/python -m dvc --version - INITIALIZED
[version: 1.2.29, 2025-11-28T07:19:45.547Z, pid: 7945] > /home/peaches/anaconda3/bin/python -m dvc --version - FAILED with code 1 (14ms)
/home/peaches/anaconda3/bin/python: No module named dvc

[version: 1.2.29, 2025-11-28T07:19:45.551Z, pid: 0] > dvc --version - INITIALIZED
[version: 1.2.29, 2025-11-28T07:19:45.552Z, pid: 0] > dvc --version - FAILED (5ms)
Command failed with ENOENT: dvc --version
spawn dvc ENOENT
[version: 1.2.29, 2025-11-28T07:19:50.558Z, pid: 7947] > /home/peaches/anaconda3/bin/python -m dvc --version - INITIALIZED
[version: 1.2.29, 2025-11-28T07:19:50.567Z, pid: 7947] > /home/peaches/anaconda3/bin/python -m dvc --version - FAILED with code 1 (14ms)
/home/peaches/anaconda3/bin/python: No module named dvc

[version: 1.2.29, 2025-11-28T07:19:50.572Z, pid: 0] > dvc --version - INITIALIZED
[version: 1.2.29, 2025-11-28T07:19:50.572Z, pid: 0] > dvc --version - FAILED (4ms)
Command failed with ENOENT: dvc --version
spawn dvc ENOENT
[version: 1.2.29, 2025-11-28T07:19:55.578Z, pid: 7950] > /home/peaches/anaconda3/bin/python -m dvc --version - INITIALIZED
[version: 1.2.29, 2025-11-28T07:19:55.587Z, pid: 7950] > /home/peaches/anaconda3/bin/python -m dvc --version - FAILED with code 1 (14ms)
/home/peaches/anaconda3/bin/python: No module named dvc

[version: 1.2.29, 2025-11-28T07:19:55.591Z, pid: 0] > dvc --version - INITIALIZED
[version: 1.2.29, 2025-11-28T07:19:55.592Z, pid: 0] > dvc --version - FAILED (4ms)
Command failed with ENOENT: dvc --version
spawn dvc ENOENT
[version: 1.2.29, 2025-11-28T07:20:00.598Z, pid: 7954] > /home/peaches/anaconda3/bin/python -m dvc --version - INITIALIZED
[version: 1.2.29, 2025-11-28T07:20:00.607Z, pid: 7954] > /home/peaches/anaconda3/bin/python -m dvc --version - FAILED with code 1 (14ms)
/home/peaches/anaconda3/bin/python: No module named dvc

[version: 1.2.29, 2025-11-28T07:20:00.612Z, pid: 0] > dvc --version - INITIALIZED
[version: 1.2.29, 2025-11-28T07:20:00.612Z, pid: 0] > dvc --version - FAILED (4ms)
Command failed with ENOENT: dvc --version
spawn dvc ENOENT
[version: 1.2.29, 2025-11-28T07:20:05.618Z, pid: 7956] > /home/peaches/anaconda3/bin/python -m dvc --version - INITIALIZED
[version: 1.2.29, 2025-11-28T07:20:05.627Z, pid: 7956] > /home/peaches/anaconda3/bin/python -m dvc --version - FAILED with code 1 (14ms)
/home/peaches/anaconda3/bin/python: No module named dvc

[version: 1.2.29, 2025-11-28T07:20:05.631Z, pid: 0] > dvc --version - INITIALIZED
[version: 1.2.29, 2025-11-28T07:20:05.632Z, pid: 0] > dvc --version - FAILED (5ms)
Command failed with ENOENT: dvc --version
spawn dvc ENOENT
[version: 1.2.29, 2025-11-28T07:20:10.637Z, pid: 7958] > /home/peaches/anaconda3/bin/python -m dvc --version - INITIALIZED
[version: 1.2.29, 2025-11-28T07:20:10.647Z, pid: 7958] > /home/peaches/anaconda3/bin/python -m dvc --version - FAILED with code 1 (15ms)
/home/peaches/anaconda3/bin/python: No module named dvc

[version: 1.2.29, 2025-11-28T07:20:10.651Z, pid: 0] > dvc --version - INITIALIZED
[version: 1.2.29, 2025-11-28T07:20:10.652Z, pid: 0] > dvc --version - FAILED (5ms)
Command failed with ENOENT: dvc --version
spawn dvc ENOENT
[version: 1.2.29, 2025-11-28T07:20:15.657Z, pid: 7960] > /home/peaches/anaconda3/bin/python -m dvc --version - INITIALIZED
[version: 1.2.29, 2025-11-28T07:20:15.667Z, pid: 7960] > /home/peaches/anaconda3/bin/python -m dvc --version - FAILED with code 1 (15ms)
/home/peaches/anaconda3/bin/python: No module named dvc

[version: 1.2.29, 2025-11-28T07:20:15.673Z, pid: 0] > dvc --version - INITIALIZED
[version: 1.2.29, 2025-11-28T07:20:15.674Z, pid: 0] > dvc --version - FAILED (7ms)
Command failed with ENOENT: dvc --version
spawn dvc ENOENT
[version: 1.2.29, 2025-11-28T07:20:20.679Z, pid: 7962] > /home/peaches/anaconda3/bin/python -m dvc --version - INITIALIZED
[version: 1.2.29, 2025-11-28T07:20:20.689Z, pid: 7962] > /home/peaches/anaconda3/bin/python -m dvc --version - FAILED with code 1 (15ms)
/home/peaches/anaconda3/bin/python: No module named dvc

[version: 1.2.29, 2025-11-28T07:20:20.693Z, pid: 0] > dvc --version - INITIALIZED
[version: 1.2.29, 2025-11-28T07:20:20.694Z, pid: 0] > dvc --version - FAILED (5ms)
Command failed with ENOENT: dvc --version
spawn dvc ENOENT
[version: 1.2.29, 2025-11-28T07:20:25.699Z, pid: 7964] > /home/peaches/anaconda3/bin/python -m dvc --version - INITIALIZED
[version: 1.2.29, 2025-11-28T07:20:25.709Z, pid: 7964] > /home/peaches/anaconda3/bin/python -m dvc --version - FAILED with code 1 (14ms)
/home/peaches/anaconda3/bin/python: No module named dvc

[version: 1.2.29, 2025-11-28T07:20:25.714Z, pid: 0] > dvc --version - INITIALIZED
[version: 1.2.29, 2025-11-28T07:20:25.715Z, pid: 0] > dvc --version - FAILED (5ms)
Command failed with ENOENT: dvc --version
spawn dvc ENOENT
[version: 1.2.29, 2025-11-28T07:20:30.720Z, pid: 7966] > /home/peaches/anaconda3/bin/python -m dvc --version - INITIALIZED
[version: 1.2.29, 2025-11-28T07:20:30.730Z, pid: 7966] > /home/peaches/anaconda3/bin/python -m dvc --version - FAILED with code 1 (14ms)
/home/peaches/anaconda3/bin/python: No module named dvc

[version: 1.2.29, 2025-11-28T07:20:30.734Z, pid: 0] > dvc --version - INITIALIZED
[version: 1.2.29, 2025-11-28T07:20:30.735Z, pid: 0] > dvc --version - FAILED (5ms)
Command failed with ENOENT: dvc --version
spawn dvc ENOENT
[version: 1.2.29, 2025-11-28T07:20:35.740Z, pid: 7968] > /home/peaches/anaconda3/bin/python -m dvc --version - INITIALIZED
[version: 1.2.29, 2025-11-28T07:20:35.749Z, pid: 7968] > /home/peaches/anaconda3/bin/python -m dvc --version - FAILED with code 1 (14ms)
/home/peaches/anaconda3/bin/python: No module named dvc

[version: 1.2.29, 2025-11-28T07:20:35.754Z, pid: 0] > dvc --version - INITIALIZED
[version: 1.2.29, 2025-11-28T07:20:35.755Z, pid: 0] > dvc --version - FAILED (5ms)
Command failed with ENOENT: dvc --version
spawn dvc ENOENT
[version: 1.2.29, 2025-11-28T07:20:40.759Z, pid: 7970] > /home/peaches/anaconda3/bin/python -m dvc --version - INITIALIZED
[version: 1.2.29, 2025-11-28T07:20:40.768Z, pid: 7970] > /home/peaches/anaconda3/bin/python -m dvc --version - FAILED with code 1 (14ms)
/home/peaches/anaconda3/bin/python: No module named dvc

[version: 1.2.29, 2025-11-28T07:20:40.773Z, pid: 0] > dvc --version - INITIALIZED
[version: 1.2.29, 2025-11-28T07:20:40.774Z, pid: 0] > dvc --version - FAILED (4ms)
Command failed with ENOENT: dvc --version
spawn dvc ENOENT
[version: 1.2.29, 2025-11-28T07:20:45.779Z, pid: 7972] > /home/peaches/anaconda3/bin/python -m dvc --version - INITIALIZED
[version: 1.2.29, 2025-11-28T07:20:45.788Z, pid: 7972] > /home/peaches/anaconda3/bin/python -m dvc --version - FAILED with code 1 (14ms)
/home/peaches/anaconda3/bin/python: No module named dvc

[version: 1.2.29, 2025-11-28T07:20:45.793Z, pid: 0] > dvc --version - INITIALIZED
[version: 1.2.29, 2025-11-28T07:20:45.793Z, pid: 0] > dvc --version - FAILED (4ms)
Command failed with ENOENT: dvc --version
spawn dvc ENOENT
[version: 1.2.29, 2025-11-28T07:20:50.801Z, pid: 7974] > /home/peaches/anaconda3/bin/python -m dvc --version - INITIALIZED
[version: 1.2.29, 2025-11-28T07:20:50.810Z, pid: 7974] > /home/peaches/anaconda3/bin/python -m dvc --version - FAILED with code 1 (16ms)
/home/peaches/anaconda3/bin/python: No module named dvc

[version: 1.2.29, 2025-11-28T07:20:50.814Z, pid: 0] > dvc --version - INITIALIZED
[version: 1.2.29, 2025-11-28T07:20:50.815Z, pid: 0] > dvc --version - FAILED (5ms)
Command failed with ENOENT: dvc --version
spawn dvc ENOENT
[version: 1.2.29, 2025-11-28T07:20:55.820Z, pid: 7976] > /home/peaches/anaconda3/bin/python -m dvc --version - INITIALIZED
[version: 1.2.29, 2025-11-28T07:20:55.830Z, pid: 7976] > /home/peaches/anaconda3/bin/python -m dvc --version - FAILED with code 1 (15ms)
/home/peaches/anaconda3/bin/python: No module named dvc

[version: 1.2.29, 2025-11-28T07:20:55.834Z, pid: 0] > dvc --version - INITIALIZED
[version: 1.2.29, 2025-11-28T07:20:55.835Z, pid: 0] > dvc --version - FAILED (5ms)
Command failed with ENOENT: dvc --version
spawn dvc ENOENT
[version: 1.2.29, 2025-11-28T07:21:00.839Z, pid: 7980] > /home/peaches/anaconda3/bin/python -m dvc --version - INITIALIZED
[version: 1.2.29, 2025-11-28T07:21:00.848Z, pid: 7980] > /home/peaches/anaconda3/bin/python -m dvc --version - FAILED with code 1 (14ms)
/home/peaches/anaconda3/bin/python: No module named dvc

[version: 1.2.29, 2025-11-28T07:21:00.853Z, pid: 0] > dvc --version - INITIALIZED
[version: 1.2.29, 2025-11-28T07:21:00.853Z, pid: 0] > dvc --version - FAILED (5ms)
Command failed with ENOENT: dvc --version
spawn dvc ENOENT
[version: 1.2.29, 2025-11-28T07:21:05.858Z, pid: 7982] > /home/peaches/anaconda3/bin/python -m dvc --version - INITIALIZED
[version: 1.2.29, 2025-11-28T07:21:05.868Z, pid: 7982] > /home/peaches/anaconda3/bin/python -m dvc --version - FAILED with code 1 (14ms)
/home/peaches/anaconda3/bin/python: No module named dvc

[version: 1.2.29, 2025-11-28T07:21:05.872Z, pid: 0] > dvc --version - INITIALIZED
[version: 1.2.29, 2025-11-28T07:21:05.873Z, pid: 0] > dvc --version - FAILED (5ms)
Command failed with ENOENT: dvc --version
spawn dvc ENOENT
[version: 1.2.29, 2025-11-28T07:21:10.878Z, pid: 7984] > /home/peaches/anaconda3/bin/python -m dvc --version - INITIALIZED
[version: 1.2.29, 2025-11-28T07:21:10.887Z, pid: 7984] > /home/peaches/anaconda3/bin/python -m dvc --version - FAILED with code 1 (14ms)
/home/peaches/anaconda3/bin/python: No module named dvc

[version: 1.2.29, 2025-11-28T07:21:10.891Z, pid: 0] > dvc --version - INITIALIZED
[version: 1.2.29, 2025-11-28T07:21:10.891Z, pid: 0] > dvc --version - FAILED (4ms)
Command failed with ENOENT: dvc --version
spawn dvc ENOENT
[version: 1.2.29, 2025-11-28T07:21:15.897Z, pid: 7986] > /home/peaches/anaconda3/bin/python -m dvc --version - INITIALIZED
[version: 1.2.29, 2025-11-28T07:21:15.906Z, pid: 7986] > /home/peaches/anaconda3/bin/python -m dvc --version - FAILED with code 1 (15ms)
/home/peaches/anaconda3/bin/python: No module named dvc

[version: 1.2.29, 2025-11-28T07:21:15.911Z, pid: 0] > dvc --version - INITIALIZED
[version: 1.2.29, 2025-11-28T07:21:15.911Z, pid: 0] > dvc --version - FAILED (5ms)
Command failed with ENOENT: dvc --version
spawn dvc ENOENT
[version: 1.2.29, 2025-11-28T07:21:20.916Z, pid: 7988] > /home/peaches/anaconda3/bin/python -m dvc --version - INITIALIZED
[version: 1.2.29, 2025-11-28T07:21:20.925Z, pid: 7988] > /home/peaches/anaconda3/bin/python -m dvc --version - FAILED with code 1 (13ms)
/home/peaches/anaconda3/bin/python: No module named dvc

[version: 1.2.29, 2025-11-28T07:21:20.930Z, pid: 0] > dvc --version - INITIALIZED
[version: 1.2.29, 2025-11-28T07:21:20.930Z, pid: 0] > dvc --version - FAILED (4ms)
Command failed with ENOENT: dvc --version
spawn dvc ENOENT
[version: 1.2.29, 2025-11-28T07:21:25.936Z, pid: 7990] > /home/peaches/anaconda3/bin/python -m dvc --version - INITIALIZED
[version: 1.2.29, 2025-11-28T07:21:25.945Z, pid: 7990] > /home/peaches/anaconda3/bin/python -m dvc --version - FAILED with code 1 (14ms)
/home/peaches/anaconda3/bin/python: No module named dvc

[version: 1.2.29, 2025-11-28T07:21:25.949Z, pid: 0] > dvc --version - INITIALIZED
[version: 1.2.29, 2025-11-28T07:21:25.949Z, pid: 0] > dvc --version - FAILED (4ms)
Command failed with ENOENT: dvc --version
spawn dvc ENOENT
[version: 1.2.29, 2025-11-28T07:21:30.956Z, pid: 7992] > /home/peaches/anaconda3/bin/python -m dvc --version - INITIALIZED
[version: 1.2.29, 2025-11-28T07:21:30.965Z, pid: 7992] > /home/peaches/anaconda3/bin/python -m dvc --version - FAILED with code 1 (15ms)
/home/peaches/anaconda3/bin/python: No module named dvc

[version: 1.2.29, 2025-11-28T07:21:30.969Z, pid: 0] > dvc --version - INITIALIZED
[version: 1.2.29, 2025-11-28T07:21:30.970Z, pid: 0] > dvc --version - FAILED (5ms)
Command failed with ENOENT: dvc --version
spawn dvc ENOENT
[version: 1.2.29, 2025-11-28T07:21:35.976Z, pid: 7994] > /home/peaches/anaconda3/bin/python -m dvc --version - INITIALIZED
[version: 1.2.29, 2025-11-28T07:21:35.985Z, pid: 7994] > /home/peaches/anaconda3/bin/python -m dvc --version - FAILED with code 1 (14ms)
/home/peaches/anaconda3/bin/python: No module named dvc

[version: 1.2.29, 2025-11-28T07:21:35.990Z, pid: 0] > dvc --version - INITIALIZED
[version: 1.2.29, 2025-11-28T07:21:35.990Z, pid: 0] > dvc --version - FAILED (5ms)
Command failed with ENOENT: dvc --version
spawn dvc ENOENT
[version: 1.2.29, 2025-11-28T07:21:40.996Z, pid: 7996] > /home/peaches/anaconda3/bin/python -m dvc --version - INITIALIZED
[version: 1.2.29, 2025-11-28T07:21:41.005Z, pid: 7996] > /home/peaches/anaconda3/bin/python -m dvc --version - FAILED with code 1 (14ms)
/home/peaches/anaconda3/bin/python: No module named dvc

[version: 1.2.29, 2025-11-28T07:21:41.009Z, pid: 0] > dvc --version - INITIALIZED
[version: 1.2.29, 2025-11-28T07:21:41.010Z, pid: 0] > dvc --version - FAILED (5ms)
Command failed with ENOENT: dvc --version
spawn dvc ENOENT
[version: 1.2.29, 2025-11-28T07:21:46.017Z, pid: 7998] > /home/peaches/anaconda3/bin/python -m dvc --version - INITIALIZED
[version: 1.2.29, 2025-11-28T07:21:46.026Z, pid: 7998] > /home/peaches/anaconda3/bin/python -m dvc --version - FAILED with code 1 (15ms)
/home/peaches/anaconda3/bin/python: No module named dvc

[version: 1.2.29, 2025-11-28T07:21:46.031Z, pid: 0] > dvc --version - INITIALIZED
[version: 1.2.29, 2025-11-28T07:21:46.031Z, pid: 0] > dvc --version - FAILED (4ms)
Command failed with ENOENT: dvc --version
spawn dvc ENOENT
[version: 1.2.29, 2025-11-28T07:21:51.037Z, pid: 8001] > /home/peaches/anaconda3/bin/python -m dvc --version - INITIALIZED
[version: 1.2.29, 2025-11-28T07:21:51.046Z, pid: 8001] > /home/peaches/anaconda3/bin/python -m dvc --version - FAILED with code 1 (14ms)
/home/peaches/anaconda3/bin/python: No module named dvc

[version: 1.2.29, 2025-11-28T07:21:51.051Z, pid: 0] > dvc --version - INITIALIZED
[version: 1.2.29, 2025-11-28T07:21:51.052Z, pid: 0] > dvc --version - FAILED (5ms)
Command failed with ENOENT: dvc --version
spawn dvc ENOENT
[version: 1.2.29, 2025-11-28T07:21:56.058Z, pid: 8004] > /home/peaches/anaconda3/bin/python -m dvc --version - INITIALIZED
[version: 1.2.29, 2025-11-28T07:21:56.067Z, pid: 8004] > /home/peaches/anaconda3/bin/python -m dvc --version - FAILED with code 1 (14ms)
/home/peaches/anaconda3/bin/python: No module named dvc

[version: 1.2.29, 2025-11-28T07:21:56.072Z, pid: 0] > dvc --version - INITIALIZED
[version: 1.2.29, 2025-11-28T07:21:56.073Z, pid: 0] > dvc --version - FAILED (5ms)
Command failed with ENOENT: dvc --version
spawn dvc ENOENT
[version: 1.2.29, 2025-11-28T07:22:01.078Z, pid: 8008] > /home/peaches/anaconda3/bin/python -m dvc --version - INITIALIZED
[version: 1.2.29, 2025-11-28T07:22:01.087Z, pid: 8008] > /home/peaches/anaconda3/bin/python -m dvc --version - FAILED with code 1 (14ms)
/home/peaches/anaconda3/bin/python: No module named dvc

[version: 1.2.29, 2025-11-28T07:22:01.092Z, pid: 0] > dvc --version - INITIALIZED
[version: 1.2.29, 2025-11-28T07:22:01.092Z, pid: 0] > dvc --version - FAILED (5ms)
Command failed with ENOENT: dvc --version
spawn dvc ENOENT
[version: 1.2.29, 2025-11-28T07:22:06.098Z, pid: 8010] > /home/peaches/anaconda3/bin/python -m dvc --version - INITIALIZED
[version: 1.2.29, 2025-11-28T07:22:06.107Z, pid: 8010] > /home/peaches/anaconda3/bin/python -m dvc --version - FAILED with code 1 (15ms)
/home/peaches/anaconda3/bin/python: No module named dvc

[version: 1.2.29, 2025-11-28T07:22:06.111Z, pid: 0] > dvc --version - INITIALIZED
[version: 1.2.29, 2025-11-28T07:22:06.112Z, pid: 0] > dvc --version - FAILED (5ms)
Command failed with ENOENT: dvc --version
spawn dvc ENOENT
[version: 1.2.29, 2025-11-28T07:22:11.118Z, pid: 8012] > /home/peaches/anaconda3/bin/python -m dvc --version - INITIALIZED
[version: 1.2.29, 2025-11-28T07:22:11.127Z, pid: 8012] > /home/peaches/anaconda3/bin/python -m dvc --version - FAILED with code 1 (15ms)
/home/peaches/anaconda3/bin/python: No module named dvc

[version: 1.2.29, 2025-11-28T07:22:11.131Z, pid: 0] > dvc --version - INITIALIZED
[version: 1.2.29, 2025-11-28T07:22:11.132Z, pid: 0] > dvc --version - FAILED (5ms)
Command failed with ENOENT: dvc --version
spawn dvc ENOENT
[version: 1.2.29, 2025-11-28T07:22:16.138Z, pid: 8014] > /home/peaches/anaconda3/bin/python -m dvc --version - INITIALIZED
[version: 1.2.29, 2025-11-28T07:22:16.147Z, pid: 8014] > /home/peaches/anaconda3/bin/python -m dvc --version - FAILED with code 1 (14ms)
/home/peaches/anaconda3/bin/python: No module named dvc

[version: 1.2.29, 2025-11-28T07:22:16.151Z, pid: 0] > dvc --version - INITIALIZED
[version: 1.2.29, 2025-11-28T07:22:16.152Z, pid: 0] > dvc --version - FAILED (5ms)
Command failed with ENOENT: dvc --version
spawn dvc ENOENT
[version: 1.2.29, 2025-11-28T07:22:21.157Z, pid: 8016] > /home/peaches/anaconda3/bin/python -m dvc --version - INITIALIZED
[version: 1.2.29, 2025-11-28T07:22:21.166Z, pid: 8016] > /home/peaches/anaconda3/bin/python -m dvc --version - FAILED with code 1 (14ms)
/home/peaches/anaconda3/bin/python: No module named dvc

[version: 1.2.29, 2025-11-28T07:22:21.171Z, pid: 0] > dvc --version - INITIALIZED
[version: 1.2.29, 2025-11-28T07:22:21.172Z, pid: 0] > dvc --version - FAILED (5ms)
Command failed with ENOENT: dvc --version
spawn dvc ENOENT
[version: 1.2.29, 2025-11-28T07:22:26.177Z, pid: 8020] > /home/peaches/anaconda3/bin/python -m dvc --version - INITIALIZED
[version: 1.2.29, 2025-11-28T07:22:26.186Z, pid: 8020] > /home/peaches/anaconda3/bin/python -m dvc --version - FAILED with code 1 (14ms)
/home/peaches/anaconda3/bin/python: No module named dvc

[version: 1.2.29, 2025-11-28T07:22:26.191Z, pid: 0] > dvc --version - INITIALIZED
[version: 1.2.29, 2025-11-28T07:22:26.191Z, pid: 0] > dvc --version - FAILED (5ms)
Command failed with ENOENT: dvc --version
spawn dvc ENOENT
[version: 1.2.29, 2025-11-28T07:22:31.197Z, pid: 8022] > /home/peaches/anaconda3/bin/python -m dvc --version - INITIALIZED
[version: 1.2.29, 2025-11-28T07:22:31.205Z, pid: 8022] > /home/peaches/anaconda3/bin/python -m dvc --version - FAILED with code 1 (13ms)
/home/peaches/anaconda3/bin/python: No module named dvc

[version: 1.2.29, 2025-11-28T07:22:31.210Z, pid: 0] > dvc --version - INITIALIZED
[version: 1.2.29, 2025-11-28T07:22:31.210Z, pid: 0] > dvc --version - FAILED (4ms)
Command failed with ENOENT: dvc --version
spawn dvc ENOENT
[version: 1.2.29, 2025-11-28T07:22:36.217Z, pid: 8024] > /home/peaches/anaconda3/bin/python -m dvc --version - INITIALIZED
[version: 1.2.29, 2025-11-28T07:22:36.226Z, pid: 8024] > /home/peaches/anaconda3/bin/python -m dvc --version - FAILED with code 1 (15ms)
/home/peaches/anaconda3/bin/python: No module named dvc

[version: 1.2.29, 2025-11-28T07:22:36.230Z, pid: 0] > dvc --version - INITIALIZED
[version: 1.2.29, 2025-11-28T07:22:36.231Z, pid: 0] > dvc --version - FAILED (5ms)
Command failed with ENOENT: dvc --version
spawn dvc ENOENT
[version: 1.2.29, 2025-11-28T07:22:41.237Z, pid: 8026] > /home/peaches/anaconda3/bin/python -m dvc --version - INITIALIZED
[version: 1.2.29, 2025-11-28T07:22:41.246Z, pid: 8026] > /home/peaches/anaconda3/bin/python -m dvc --version - FAILED with code 1 (15ms)
/home/peaches/anaconda3/bin/python: No module named dvc

[version: 1.2.29, 2025-11-28T07:22:41.251Z, pid: 0] > dvc --version - INITIALIZED
[version: 1.2.29, 2025-11-28T07:22:41.251Z, pid: 0] > dvc --version - FAILED (4ms)
Command failed with ENOENT: dvc --version
spawn dvc ENOENT
[version: 1.2.29, 2025-11-28T07:22:46.257Z, pid: 8028] > /home/peaches/anaconda3/bin/python -m dvc --version - INITIALIZED
[version: 1.2.29, 2025-11-28T07:22:46.266Z, pid: 8028] > /home/peaches/anaconda3/bin/python -m dvc --version - FAILED with code 1 (14ms)
/home/peaches/anaconda3/bin/python: No module named dvc

[version: 1.2.29, 2025-11-28T07:22:46.271Z, pid: 0] > dvc --version - INITIALIZED
[version: 1.2.29, 2025-11-28T07:22:46.272Z, pid: 0] > dvc --version - FAILED (5ms)
Command failed with ENOENT: dvc --version
spawn dvc ENOENT
[version: 1.2.29, 2025-11-28T07:22:51.276Z, pid: 8031] > /home/peaches/anaconda3/bin/python -m dvc --version - INITIALIZED
[version: 1.2.29, 2025-11-28T07:22:51.286Z, pid: 8031] > /home/peaches/anaconda3/bin/python -m dvc --version - FAILED with code 1 (15ms)
/home/peaches/anaconda3/bin/python: No module named dvc

[version: 1.2.29, 2025-11-28T07:22:51.291Z, pid: 0] > dvc --version - INITIALIZED
[version: 1.2.29, 2025-11-28T07:22:51.291Z, pid: 0] > dvc --version - FAILED (5ms)
Command failed with ENOENT: dvc --version
spawn dvc ENOENT
[version: 1.2.29, 2025-11-28T07:22:56.297Z, pid: 8033] > /home/peaches/anaconda3/bin/python -m dvc --version - INITIALIZED
[version: 1.2.29, 2025-11-28T07:22:56.307Z, pid: 8033] > /home/peaches/anaconda3/bin/python -m dvc --version - FAILED with code 1 (15ms)
/home/peaches/anaconda3/bin/python: No module named dvc

[version: 1.2.29, 2025-11-28T07:22:56.311Z, pid: 0] > dvc --version - INITIALIZED
[version: 1.2.29, 2025-11-28T07:22:56.312Z, pid: 0] > dvc --version - FAILED (5ms)
Command failed with ENOENT: dvc --version
spawn dvc ENOENT
[version: 1.2.29, 2025-11-28T07:23:01.318Z, pid: 8038] > /home/peaches/anaconda3/bin/python -m dvc --version - INITIALIZED
[version: 1.2.29, 2025-11-28T07:23:01.327Z, pid: 8038] > /home/peaches/anaconda3/bin/python -m dvc --version - FAILED with code 1 (14ms)
/home/peaches/anaconda3/bin/python: No module named dvc

[version: 1.2.29, 2025-11-28T07:23:01.331Z, pid: 0] > dvc --version - INITIALIZED
[version: 1.2.29, 2025-11-28T07:23:01.332Z, pid: 0] > dvc --version - FAILED (5ms)
Command failed with ENOENT: dvc --version
spawn dvc ENOENT
[version: 1.2.29, 2025-11-28T07:23:06.338Z, pid: 8040] > /home/peaches/anaconda3/bin/python -m dvc --version - INITIALIZED
[version: 1.2.29, 2025-11-28T07:23:06.347Z, pid: 8040] > /home/peaches/anaconda3/bin/python -m dvc --version - FAILED with code 1 (14ms)
/home/peaches/anaconda3/bin/python: No module named dvc

[version: 1.2.29, 2025-11-28T07:23:06.351Z, pid: 0] > dvc --version - INITIALIZED
[version: 1.2.29, 2025-11-28T07:23:06.352Z, pid: 0] > dvc --version - FAILED (5ms)
Command failed with ENOENT: dvc --version
spawn dvc ENOENT
[version: 1.2.29, 2025-11-28T07:23:11.359Z, pid: 8042] > /home/peaches/anaconda3/bin/python -m dvc --version - INITIALIZED
[version: 1.2.29, 2025-11-28T07:23:11.368Z, pid: 8042] > /home/peaches/anaconda3/bin/python -m dvc --version - FAILED with code 1 (15ms)
/home/peaches/anaconda3/bin/python: No module named dvc

[version: 1.2.29, 2025-11-28T07:23:11.373Z, pid: 0] > dvc --version - INITIALIZED
[version: 1.2.29, 2025-11-28T07:23:11.374Z, pid: 0] > dvc --version - FAILED (5ms)
Command failed with ENOENT: dvc --version
spawn dvc ENOENT
[version: 1.2.29, 2025-11-28T07:23:16.380Z, pid: 8044] > /home/peaches/anaconda3/bin/python -m dvc --version - INITIALIZED
[version: 1.2.29, 2025-11-28T07:23:16.389Z, pid: 8044] > /home/peaches/anaconda3/bin/python -m dvc --version - FAILED with code 1 (15ms)
/home/peaches/anaconda3/bin/python: No module named dvc

[version: 1.2.29, 2025-11-28T07:23:16.393Z, pid: 0] > dvc --version - INITIALIZED
[version: 1.2.29, 2025-11-28T07:23:16.394Z, pid: 0] > dvc --version - FAILED (5ms)
Command failed with ENOENT: dvc --version
spawn dvc ENOENT
[version: 1.2.29, 2025-11-28T07:23:21.400Z, pid: 8046] > /home/peaches/anaconda3/bin/python -m dvc --version - INITIALIZED
[version: 1.2.29, 2025-11-28T07:23:21.408Z, pid: 8046] > /home/peaches/anaconda3/bin/python -m dvc --version - FAILED with code 1 (14ms)
/home/peaches/anaconda3/bin/python: No module named dvc

[version: 1.2.29, 2025-11-28T07:23:21.413Z, pid: 0] > dvc --version - INITIALIZED
[version: 1.2.29, 2025-11-28T07:23:21.413Z, pid: 0] > dvc --version - FAILED (4ms)
Command failed with ENOENT: dvc --version
spawn dvc ENOENT
[version: 1.2.29, 2025-11-28T07:23:26.420Z, pid: 8048] > /home/peaches/anaconda3/bin/python -m dvc --version - INITIALIZED
[version: 1.2.29, 2025-11-28T07:23:26.429Z, pid: 8048] > /home/peaches/anaconda3/bin/python -m dvc --version - FAILED with code 1 (15ms)
/home/peaches/anaconda3/bin/python: No module named dvc

[version: 1.2.29, 2025-11-28T07:23:26.433Z, pid: 0] > dvc --version - INITIALIZED
[version: 1.2.29, 2025-11-28T07:23:26.434Z, pid: 0] > dvc --version - FAILED (5ms)
Command failed with ENOENT: dvc --version
spawn dvc ENOENT
[version: 1.2.29, 2025-11-28T07:23:31.439Z, pid: 8050] > /home/peaches/anaconda3/bin/python -m dvc --version - INITIALIZED
[version: 1.2.29, 2025-11-28T07:23:31.449Z, pid: 8050] > /home/peaches/anaconda3/bin/python -m dvc --version - FAILED with code 1 (14ms)
/home/peaches/anaconda3/bin/python: No module named dvc

[version: 1.2.29, 2025-11-28T07:23:31.453Z, pid: 0] > dvc --version - INITIALIZED
[version: 1.2.29, 2025-11-28T07:23:31.454Z, pid: 0] > dvc --version - FAILED (5ms)
Command failed with ENOENT: dvc --version
spawn dvc ENOENT
[version: 1.2.29, 2025-11-28T07:23:36.460Z, pid: 8052] > /home/peaches/anaconda3/bin/python -m dvc --version - INITIALIZED
[version: 1.2.29, 2025-11-28T07:23:36.469Z, pid: 8052] > /home/peaches/anaconda3/bin/python -m dvc --version - FAILED with code 1 (14ms)
/home/peaches/anaconda3/bin/python: No module named dvc

[version: 1.2.29, 2025-11-28T07:23:36.473Z, pid: 0] > dvc --version - INITIALIZED
[version: 1.2.29, 2025-11-28T07:23:36.474Z, pid: 0] > dvc --version - FAILED (5ms)
Command failed with ENOENT: dvc --version
spawn dvc ENOENT
[version: 1.2.29, 2025-11-28T07:23:41.479Z, pid: 8058] > /home/peaches/anaconda3/bin/python -m dvc --version - INITIALIZED
[version: 1.2.29, 2025-11-28T07:23:41.488Z, pid: 8058] > /home/peaches/anaconda3/bin/python -m dvc --version - FAILED with code 1 (15ms)
/home/peaches/anaconda3/bin/python: No module named dvc

[version: 1.2.29, 2025-11-28T07:23:41.492Z, pid: 0] > dvc --version - INITIALIZED
[version: 1.2.29, 2025-11-28T07:23:41.493Z, pid: 0] > dvc --version - FAILED (5ms)
Command failed with ENOENT: dvc --version
spawn dvc ENOENT
[version: 1.2.29, 2025-11-28T07:23:46.499Z, pid: 8060] > /home/peaches/anaconda3/bin/python -m dvc --version - INITIALIZED
[version: 1.2.29, 2025-11-28T07:23:46.508Z, pid: 8060] > /home/peaches/anaconda3/bin/python -m dvc --version - FAILED with code 1 (15ms)
/home/peaches/anaconda3/bin/python: No module named dvc

[version: 1.2.29, 2025-11-28T07:23:46.512Z, pid: 0] > dvc --version - INITIALIZED
[version: 1.2.29, 2025-11-28T07:23:46.513Z, pid: 0] > dvc --version - FAILED (5ms)
Command failed with ENOENT: dvc --version
spawn dvc ENOENT
[version: 1.2.29, 2025-11-28T07:23:51.519Z, pid: 8062] > /home/peaches/anaconda3/bin/python -m dvc --version - INITIALIZED
[version: 1.2.29, 2025-11-28T07:23:51.529Z, pid: 8062] > /home/peaches/anaconda3/bin/python -m dvc --version - FAILED with code 1 (15ms)
/home/peaches/anaconda3/bin/python: No module named dvc

[version: 1.2.29, 2025-11-28T07:23:51.534Z, pid: 0] > dvc --version - INITIALIZED
[version: 1.2.29, 2025-11-28T07:23:51.534Z, pid: 0] > dvc --version - FAILED (5ms)
Command failed with ENOENT: dvc --version
spawn dvc ENOENT
[version: 1.2.29, 2025-11-28T07:23:56.541Z, pid: 8065] > /home/peaches/anaconda3/bin/python -m dvc --version - INITIALIZED
[version: 1.2.29, 2025-11-28T07:23:56.550Z, pid: 8065] > /home/peaches/anaconda3/bin/python -m dvc --version - FAILED with code 1 (15ms)
/home/peaches/anaconda3/bin/python: No module named dvc

[version: 1.2.29, 2025-11-28T07:23:56.555Z, pid: 0] > dvc --version - INITIALIZED
[version: 1.2.29, 2025-11-28T07:23:56.556Z, pid: 0] > dvc --version - FAILED (4ms)
Command failed with ENOENT: dvc --version
spawn dvc ENOENT
[version: 1.2.29, 2025-11-28T07:24:01.562Z, pid: 8069] > /home/peaches/anaconda3/bin/python -m dvc --version - INITIALIZED
[version: 1.2.29, 2025-11-28T07:24:01.570Z, pid: 8069] > /home/peaches/anaconda3/bin/python -m dvc --version - FAILED with code 1 (14ms)
/home/peaches/anaconda3/bin/python: No module named dvc

[version: 1.2.29, 2025-11-28T07:24:01.575Z, pid: 0] > dvc --version - INITIALIZED
[version: 1.2.29, 2025-11-28T07:24:01.576Z, pid: 0] > dvc --version - FAILED (5ms)
Command failed with ENOENT: dvc --version
spawn dvc ENOENT
[version: 1.2.29, 2025-11-28T07:24:06.581Z, pid: 8071] > /home/peaches/anaconda3/bin/python -m dvc --version - INITIALIZED
[version: 1.2.29, 2025-11-28T07:24:06.590Z, pid: 8071] > /home/peaches/anaconda3/bin/python -m dvc --version - FAILED with code 1 (14ms)
/home/peaches/anaconda3/bin/python: No module named dvc

[version: 1.2.29, 2025-11-28T07:24:06.594Z, pid: 0] > dvc --version - INITIALIZED
[version: 1.2.29, 2025-11-28T07:24:06.595Z, pid: 0] > dvc --version - FAILED (5ms)
Command failed with ENOENT: dvc --version
spawn dvc ENOENT
[version: 1.2.29, 2025-11-28T07:24:11.599Z, pid: 8073] > /home/peaches/anaconda3/bin/python -m dvc --version - INITIALIZED
[version: 1.2.29, 2025-11-28T07:24:11.608Z, pid: 8073] > /home/peaches/anaconda3/bin/python -m dvc --version - FAILED with code 1 (13ms)
/home/peaches/anaconda3/bin/python: No module named dvc

[version: 1.2.29, 2025-11-28T07:24:11.612Z, pid: 0] > dvc --version - INITIALIZED
[version: 1.2.29, 2025-11-28T07:24:11.613Z, pid: 0] > dvc --version - FAILED (5ms)
Command failed with ENOENT: dvc --version
spawn dvc ENOENT
[version: 1.2.29, 2025-11-28T07:24:16.618Z, pid: 8075] > /home/peaches/anaconda3/bin/python -m dvc --version - INITIALIZED
[version: 1.2.29, 2025-11-28T07:24:16.627Z, pid: 8075] > /home/peaches/anaconda3/bin/python -m dvc --version - FAILED with code 1 (13ms)
/home/peaches/anaconda3/bin/python: No module named dvc

[version: 1.2.29, 2025-11-28T07:24:16.632Z, pid: 0] > dvc --version - INITIALIZED
[version: 1.2.29, 2025-11-28T07:24:16.633Z, pid: 0] > dvc --version - FAILED (5ms)
Command failed with ENOENT: dvc --version
spawn dvc ENOENT
[version: 1.2.29, 2025-11-28T07:24:21.638Z, pid: 8077] > /home/peaches/anaconda3/bin/python -m dvc --version - INITIALIZED
[version: 1.2.29, 2025-11-28T07:24:21.648Z, pid: 8077] > /home/peaches/anaconda3/bin/python -m dvc --version - FAILED with code 1 (15ms)
/home/peaches/anaconda3/bin/python: No module named dvc

[version: 1.2.29, 2025-11-28T07:24:21.652Z, pid: 0] > dvc --version - INITIALIZED
[version: 1.2.29, 2025-11-28T07:24:21.653Z, pid: 0] > dvc --version - FAILED (5ms)
Command failed with ENOENT: dvc --version
spawn dvc ENOENT
[version: 1.2.29, 2025-11-28T07:24:26.659Z, pid: 8079] > /home/peaches/anaconda3/bin/python -m dvc --version - INITIALIZED
[version: 1.2.29, 2025-11-28T07:24:26.669Z, pid: 8079] > /home/peaches/anaconda3/bin/python -m dvc --version - FAILED with code 1 (16ms)
/home/peaches/anaconda3/bin/python: No module named dvc

[version: 1.2.29, 2025-11-28T07:24:26.673Z, pid: 0] > dvc --version - INITIALIZED
[version: 1.2.29, 2025-11-28T07:24:26.674Z, pid: 0] > dvc --version - FAILED (5ms)
Command failed with ENOENT: dvc --version
spawn dvc ENOENT
[version: 1.2.29, 2025-11-28T07:24:31.679Z, pid: 8081] > /home/peaches/anaconda3/bin/python -m dvc --version - INITIALIZED
[version: 1.2.29, 2025-11-28T07:24:31.688Z, pid: 8081] > /home/peaches/anaconda3/bin/python -m dvc --version - FAILED with code 1 (14ms)
/home/peaches/anaconda3/bin/python: No module named dvc

[version: 1.2.29, 2025-11-28T07:24:31.692Z, pid: 0] > dvc --version - INITIALIZED
[version: 1.2.29, 2025-11-28T07:24:31.693Z, pid: 0] > dvc --version - FAILED (5ms)
Command failed with ENOENT: dvc --version
spawn dvc ENOENT
[version: 1.2.29, 2025-11-28T07:24:36.699Z, pid: 8083] > /home/peaches/anaconda3/bin/python -m dvc --version - INITIALIZED
[version: 1.2.29, 2025-11-28T07:24:36.708Z, pid: 8083] > /home/peaches/anaconda3/bin/python -m dvc --version - FAILED with code 1 (15ms)
/home/peaches/anaconda3/bin/python: No module named dvc

[version: 1.2.29, 2025-11-28T07:24:36.713Z, pid: 0] > dvc --version - INITIALIZED
[version: 1.2.29, 2025-11-28T07:24:36.714Z, pid: 0] > dvc --version - FAILED (5ms)
Command failed with ENOENT: dvc --version
spawn dvc ENOENT
[version: 1.2.29, 2025-11-28T07:24:41.720Z, pid: 8085] > /home/peaches/anaconda3/bin/python -m dvc --version - INITIALIZED
[version: 1.2.29, 2025-11-28T07:24:41.729Z, pid: 8085] > /home/peaches/anaconda3/bin/python -m dvc --version - FAILED with code 1 (14ms)
/home/peaches/anaconda3/bin/python: No module named dvc

[version: 1.2.29, 2025-11-28T07:24:41.734Z, pid: 0] > dvc --version - INITIALIZED
[version: 1.2.29, 2025-11-28T07:24:41.735Z, pid: 0] > dvc --version - FAILED (5ms)
Command failed with ENOENT: dvc --version
spawn dvc ENOENT
[version: 1.2.29, 2025-11-28T07:24:46.740Z, pid: 8087] > /home/peaches/anaconda3/bin/python -m dvc --version - INITIALIZED
[version: 1.2.29, 2025-11-28T07:24:46.750Z, pid: 8087] > /home/peaches/anaconda3/bin/python -m dvc --version - FAILED with code 1 (15ms)
/home/peaches/anaconda3/bin/python: No module named dvc

[version: 1.2.29, 2025-11-28T07:24:46.754Z, pid: 0] > dvc --version - INITIALIZED
[version: 1.2.29, 2025-11-28T07:24:46.755Z, pid: 0] > dvc --version - FAILED (5ms)
Command failed with ENOENT: dvc --version
spawn dvc ENOENT
[version: 1.2.29, 2025-11-28T07:24:51.761Z, pid: 8089] > /home/peaches/anaconda3/bin/python -m dvc --version - INITIALIZED
[version: 1.2.29, 2025-11-28T07:24:51.770Z, pid: 8089] > /home/peaches/anaconda3/bin/python -m dvc --version - FAILED with code 1 (14ms)
/home/peaches/anaconda3/bin/python: No module named dvc

[version: 1.2.29, 2025-11-28T07:24:51.775Z, pid: 0] > dvc --version - INITIALIZED
[version: 1.2.29, 2025-11-28T07:24:51.776Z, pid: 0] > dvc --version - FAILED (5ms)
Command failed with ENOENT: dvc --version
spawn dvc ENOENT
[version: 1.2.29, 2025-11-28T07:24:56.782Z, pid: 8092] > /home/peaches/anaconda3/bin/python -m dvc --version - INITIALIZED
[version: 1.2.29, 2025-11-28T07:24:56.791Z, pid: 8092] > /home/peaches/anaconda3/bin/python -m dvc --version - FAILED with code 1 (15ms)
/home/peaches/anaconda3/bin/python: No module named dvc

[version: 1.2.29, 2025-11-28T07:24:56.795Z, pid: 0] > dvc --version - INITIALIZED
[version: 1.2.29, 2025-11-28T07:24:56.796Z, pid: 0] > dvc --version - FAILED (5ms)
Command failed with ENOENT: dvc --version
spawn dvc ENOENT
[version: 1.2.29, 2025-11-28T07:25:01.802Z, pid: 8096] > /home/peaches/anaconda3/bin/python -m dvc --version - INITIALIZED
[version: 1.2.29, 2025-11-28T07:25:01.811Z, pid: 8096] > /home/peaches/anaconda3/bin/python -m dvc --version - FAILED with code 1 (14ms)
/home/peaches/anaconda3/bin/python: No module named dvc

[version: 1.2.29, 2025-11-28T07:25:01.816Z, pid: 0] > dvc --version - INITIALIZED
[version: 1.2.29, 2025-11-28T07:25:01.817Z, pid: 0] > dvc --version - FAILED (6ms)
Command failed with ENOENT: dvc --version
spawn dvc ENOENT
[version: 1.2.29, 2025-11-28T07:25:06.822Z, pid: 8098] > /home/peaches/anaconda3/bin/python -m dvc --version - INITIALIZED
[version: 1.2.29, 2025-11-28T07:25:06.831Z, pid: 8098] > /home/peaches/anaconda3/bin/python -m dvc --version - FAILED with code 1 (14ms)
/home/peaches/anaconda3/bin/python: No module named dvc

[version: 1.2.29, 2025-11-28T07:25:06.836Z, pid: 0] > dvc --version - INITIALIZED
[version: 1.2.29, 2025-11-28T07:25:06.836Z, pid: 0] > dvc --version - FAILED (5ms)
Command failed with ENOENT: dvc --version
spawn dvc ENOENT
[version: 1.2.29, 2025-11-28T07:25:11.842Z, pid: 8100] > /home/peaches/anaconda3/bin/python -m dvc --version - INITIALIZED
[version: 1.2.29, 2025-11-28T07:25:11.851Z, pid: 8100] > /home/peaches/anaconda3/bin/python -m dvc --version - FAILED with code 1 (14ms)
/home/peaches/anaconda3/bin/python: No module named dvc

[version: 1.2.29, 2025-11-28T07:25:11.856Z, pid: 0] > dvc --version - INITIALIZED
[version: 1.2.29, 2025-11-28T07:25:11.856Z, pid: 0] > dvc --version - FAILED (4ms)
Command failed with ENOENT: dvc --version
spawn dvc ENOENT
[version: 1.2.29, 2025-11-28T07:25:16.863Z, pid: 8102] > /home/peaches/anaconda3/bin/python -m dvc --version - INITIALIZED
[version: 1.2.29, 2025-11-28T07:25:16.872Z, pid: 8102] > /home/peaches/anaconda3/bin/python -m dvc --version - FAILED with code 1 (15ms)
/home/peaches/anaconda3/bin/python: No module named dvc

[version: 1.2.29, 2025-11-28T07:25:16.877Z, pid: 0] > dvc --version - INITIALIZED
[version: 1.2.29, 2025-11-28T07:25:16.877Z, pid: 0] > dvc --version - FAILED (4ms)
Command failed with ENOENT: dvc --version
spawn dvc ENOENT
[version: 1.2.29, 2025-11-28T07:25:21.883Z, pid: 8104] > /home/peaches/anaconda3/bin/python -m dvc --version - INITIALIZED
[version: 1.2.29, 2025-11-28T07:25:21.892Z, pid: 8104] > /home/peaches/anaconda3/bin/python -m dvc --version - FAILED with code 1 (14ms)
/home/peaches/anaconda3/bin/python: No module named dvc

[version: 1.2.29, 2025-11-28T07:25:21.897Z, pid: 0] > dvc --version - INITIALIZED
[version: 1.2.29, 2025-11-28T07:25:21.897Z, pid: 0] > dvc --version - FAILED (4ms)
Command failed with ENOENT: dvc --version
spawn dvc ENOENT
[version: 1.2.29, 2025-11-28T07:25:26.903Z, pid: 8106] > /home/peaches/anaconda3/bin/python -m dvc --version - INITIALIZED
[version: 1.2.29, 2025-11-28T07:25:26.912Z, pid: 8106] > /home/peaches/anaconda3/bin/python -m dvc --version - FAILED with code 1 (14ms)
/home/peaches/anaconda3/bin/python: No module named dvc

[version: 1.2.29, 2025-11-28T07:25:26.916Z, pid: 0] > dvc --version - INITIALIZED
[version: 1.2.29, 2025-11-28T07:25:26.917Z, pid: 0] > dvc --version - FAILED (5ms)
Command failed with ENOENT: dvc --version
spawn dvc ENOENT
[version: 1.2.29, 2025-11-28T07:25:31.922Z, pid: 8108] > /home/peaches/anaconda3/bin/python -m dvc --version - INITIALIZED
[version: 1.2.29, 2025-11-28T07:25:31.931Z, pid: 8108] > /home/peaches/anaconda3/bin/python -m dvc --version - FAILED with code 1 (14ms)
/home/peaches/anaconda3/bin/python: No module named dvc

[version: 1.2.29, 2025-11-28T07:25:31.935Z, pid: 0] > dvc --version - INITIALIZED
[version: 1.2.29, 2025-11-28T07:25:31.936Z, pid: 0] > dvc --version - FAILED (5ms)
Command failed with ENOENT: dvc --version
spawn dvc ENOENT
[version: 1.2.29, 2025-11-28T07:25:36.943Z, pid: 8110] > /home/peaches/anaconda3/bin/python -m dvc --version - INITIALIZED
[version: 1.2.29, 2025-11-28T07:25:36.952Z, pid: 8110] > /home/peaches/anaconda3/bin/python -m dvc --version - FAILED with code 1 (15ms)
/home/peaches/anaconda3/bin/python: No module named dvc

[version: 1.2.29, 2025-11-28T07:25:36.956Z, pid: 0] > dvc --version - INITIALIZED
[version: 1.2.29, 2025-11-28T07:25:36.957Z, pid: 0] > dvc --version - FAILED (5ms)
Command failed with ENOENT: dvc --version
spawn dvc ENOENT
[version: 1.2.29, 2025-11-28T07:25:41.963Z, pid: 8112] > /home/peaches/anaconda3/bin/python -m dvc --version - INITIALIZED
[version: 1.2.29, 2025-11-28T07:25:41.972Z, pid: 8112] > /home/peaches/anaconda3/bin/python -m dvc --version - FAILED with code 1 (14ms)
/home/peaches/anaconda3/bin/python: No module named dvc

[version: 1.2.29, 2025-11-28T07:25:41.977Z, pid: 0] > dvc --version - INITIALIZED
[version: 1.2.29, 2025-11-28T07:25:41.977Z, pid: 0] > dvc --version - FAILED (4ms)
Command failed with ENOENT: dvc --version
spawn dvc ENOENT
[version: 1.2.29, 2025-11-28T07:25:46.983Z, pid: 8114] > /home/peaches/anaconda3/bin/python -m dvc --version - INITIALIZED
[version: 1.2.29, 2025-11-28T07:25:46.992Z, pid: 8114] > /home/peaches/anaconda3/bin/python -m dvc --version - FAILED with code 1 (14ms)
/home/peaches/anaconda3/bin/python: No module named dvc

[version: 1.2.29, 2025-11-28T07:25:46.996Z, pid: 0] > dvc --version - INITIALIZED
[version: 1.2.29, 2025-11-28T07:25:46.997Z, pid: 0] > dvc --version - FAILED (5ms)
Command failed with ENOENT: dvc --version
spawn dvc ENOENT
[version: 1.2.29, 2025-11-28T07:25:52.003Z, pid: 8116] > /home/peaches/anaconda3/bin/python -m dvc --version - INITIALIZED
[version: 1.2.29, 2025-11-28T07:25:52.012Z, pid: 8116] > /home/peaches/anaconda3/bin/python -m dvc --version - FAILED with code 1 (15ms)
/home/peaches/anaconda3/bin/python: No module named dvc

[version: 1.2.29, 2025-11-28T07:25:52.017Z, pid: 0] > dvc --version - INITIALIZED
[version: 1.2.29, 2025-11-28T07:25:52.018Z, pid: 0] > dvc --version - FAILED (5ms)
Command failed with ENOENT: dvc --version
spawn dvc ENOENT
[version: 1.2.29, 2025-11-28T07:25:57.022Z, pid: 8119] > /home/peaches/anaconda3/bin/python -m dvc --version - INITIALIZED
[version: 1.2.29, 2025-11-28T07:25:57.031Z, pid: 8119] > /home/peaches/anaconda3/bin/python -m dvc --version - FAILED with code 1 (13ms)
/home/peaches/anaconda3/bin/python: No module named dvc

[version: 1.2.29, 2025-11-28T07:25:57.036Z, pid: 0] > dvc --version - INITIALIZED
[version: 1.2.29, 2025-11-28T07:25:57.036Z, pid: 0] > dvc --version - FAILED (4ms)
Command failed with ENOENT: dvc --version
spawn dvc ENOENT
[version: 1.2.29, 2025-11-28T07:26:02.042Z, pid: 8123] > /home/peaches/anaconda3/bin/python -m dvc --version - INITIALIZED
[version: 1.2.29, 2025-11-28T07:26:02.051Z, pid: 8123] > /home/peaches/anaconda3/bin/python -m dvc --version - FAILED with code 1 (14ms)
/home/peaches/anaconda3/bin/python: No module named dvc

[version: 1.2.29, 2025-11-28T07:26:02.056Z, pid: 0] > dvc --version - INITIALIZED
[version: 1.2.29, 2025-11-28T07:26:02.056Z, pid: 0] > dvc --version - FAILED (5ms)
Command failed with ENOENT: dvc --version
spawn dvc ENOENT
[version: 1.2.29, 2025-11-28T07:26:07.064Z, pid: 8128] > /home/peaches/anaconda3/bin/python -m dvc --version - INITIALIZED
[version: 1.2.29, 2025-11-28T07:26:07.073Z, pid: 8128] > /home/peaches/anaconda3/bin/python -m dvc --version - FAILED with code 1 (15ms)
/home/peaches/anaconda3/bin/python: No module named dvc

[version: 1.2.29, 2025-11-28T07:26:07.077Z, pid: 0] > dvc --version - INITIALIZED
[version: 1.2.29, 2025-11-28T07:26:07.078Z, pid: 0] > dvc --version - FAILED (5ms)
Command failed with ENOENT: dvc --version
spawn dvc ENOENT
[version: 1.2.29, 2025-11-28T07:26:12.083Z, pid: 8130] > /home/peaches/anaconda3/bin/python -m dvc --version - INITIALIZED
[version: 1.2.29, 2025-11-28T07:26:12.092Z, pid: 8130] > /home/peaches/anaconda3/bin/python -m dvc --version - FAILED with code 1 (14ms)
/home/peaches/anaconda3/bin/python: No module named dvc

[version: 1.2.29, 2025-11-28T07:26:12.097Z, pid: 0] > dvc --version - INITIALIZED
[version: 1.2.29, 2025-11-28T07:26:12.098Z, pid: 0] > dvc --version - FAILED (5ms)
Command failed with ENOENT: dvc --version
spawn dvc ENOENT
[version: 1.2.29, 2025-11-28T07:26:17.103Z, pid: 8132] > /home/peaches/anaconda3/bin/python -m dvc --version - INITIALIZED
[version: 1.2.29, 2025-11-28T07:26:17.112Z, pid: 8132] > /home/peaches/anaconda3/bin/python -m dvc --version - FAILED with code 1 (14ms)
/home/peaches/anaconda3/bin/python: No module named dvc

[version: 1.2.29, 2025-11-28T07:26:17.117Z, pid: 0] > dvc --version - INITIALIZED
[version: 1.2.29, 2025-11-28T07:26:17.117Z, pid: 0] > dvc --version - FAILED (5ms)
Command failed with ENOENT: dvc --version
spawn dvc ENOENT
[version: 1.2.29, 2025-11-28T07:26:22.124Z, pid: 8134] > /home/peaches/anaconda3/bin/python -m dvc --version - INITIALIZED
[version: 1.2.29, 2025-11-28T07:26:22.132Z, pid: 8134] > /home/peaches/anaconda3/bin/python -m dvc --version - FAILED with code 1 (14ms)
/home/peaches/anaconda3/bin/python: No module named dvc

[version: 1.2.29, 2025-11-28T07:26:22.137Z, pid: 0] > dvc --version - INITIALIZED
[version: 1.2.29, 2025-11-28T07:26:22.137Z, pid: 0] > dvc --version - FAILED (4ms)
Command failed with ENOENT: dvc --version
spawn dvc ENOENT
[version: 1.2.29, 2025-11-28T07:26:27.220Z, pid: 8136] > /home/peaches/anaconda3/bin/python -m dvc --version - INITIALIZED
[version: 1.2.29, 2025-11-28T07:26:27.229Z, pid: 8136] > /home/peaches/anaconda3/bin/python -m dvc --version - FAILED with code 1 (14ms)
/home/peaches/anaconda3/bin/python: No module named dvc

[version: 1.2.29, 2025-11-28T07:26:27.234Z, pid: 0] > dvc --version - INITIALIZED
[version: 1.2.29, 2025-11-28T07:26:27.234Z, pid: 0] > dvc --version - FAILED (5ms)
Command failed with ENOENT: dvc --version
spawn dvc ENOENT
[version: 1.2.29, 2025-11-28T07:26:32.240Z, pid: 8138] > /home/peaches/anaconda3/bin/python -m dvc --version - INITIALIZED
[version: 1.2.29, 2025-11-28T07:26:32.249Z, pid: 8138] > /home/peaches/anaconda3/bin/python -m dvc --version - FAILED with code 1 (14ms)
/home/peaches/anaconda3/bin/python: No module named dvc

[version: 1.2.29, 2025-11-28T07:26:32.253Z, pid: 0] > dvc --version - INITIALIZED
[version: 1.2.29, 2025-11-28T07:26:32.254Z, pid: 0] > dvc --version - FAILED (5ms)
Command failed with ENOENT: dvc --version
spawn dvc ENOENT
[version: 1.2.29, 2025-11-28T07:26:37.260Z, pid: 8140] > /home/peaches/anaconda3/bin/python -m dvc --version - INITIALIZED
[version: 1.2.29, 2025-11-28T07:26:37.269Z, pid: 8140] > /home/peaches/anaconda3/bin/python -m dvc --version - FAILED with code 1 (14ms)
/home/peaches/anaconda3/bin/python: No module named dvc

[version: 1.2.29, 2025-11-28T07:26:37.273Z, pid: 0] > dvc --version - INITIALIZED
[version: 1.2.29, 2025-11-28T07:26:37.274Z, pid: 0] > dvc --version - FAILED (5ms)
Command failed with ENOENT: dvc --version
spawn dvc ENOENT
[version: 1.2.29, 2025-11-28T07:26:42.278Z, pid: 8142] > /home/peaches/anaconda3/bin/python -m dvc --version - INITIALIZED
[version: 1.2.29, 2025-11-28T07:26:42.288Z, pid: 8142] > /home/peaches/anaconda3/bin/python -m dvc --version - FAILED with code 1 (14ms)
/home/peaches/anaconda3/bin/python: No module named dvc

[version: 1.2.29, 2025-11-28T07:26:42.292Z, pid: 0] > dvc --version - INITIALIZED
[version: 1.2.29, 2025-11-28T07:26:42.293Z, pid: 0] > dvc --version - FAILED (5ms)
Command failed with ENOENT: dvc --version
spawn dvc ENOENT
[version: 1.2.29, 2025-11-28T07:26:47.298Z, pid: 8144] > /home/peaches/anaconda3/bin/python -m dvc --version - INITIALIZED
[version: 1.2.29, 2025-11-28T07:26:47.307Z, pid: 8144] > /home/peaches/anaconda3/bin/python -m dvc --version - FAILED with code 1 (14ms)
/home/peaches/anaconda3/bin/python: No module named dvc

[version: 1.2.29, 2025-11-28T07:26:47.311Z, pid: 0] > dvc --version - INITIALIZED
[version: 1.2.29, 2025-11-28T07:26:47.312Z, pid: 0] > dvc --version - FAILED (5ms)
Command failed with ENOENT: dvc --version
spawn dvc ENOENT
[version: 1.2.29, 2025-11-28T07:26:52.320Z, pid: 8147] > /home/peaches/anaconda3/bin/python -m dvc --version - INITIALIZED
[version: 1.2.29, 2025-11-28T07:26:52.329Z, pid: 8147] > /home/peaches/anaconda3/bin/python -m dvc --version - FAILED with code 1 (16ms)
/home/peaches/anaconda3/bin/python: No module named dvc

[version: 1.2.29, 2025-11-28T07:26:52.333Z, pid: 0] > dvc --version - INITIALIZED
[version: 1.2.29, 2025-11-28T07:26:52.334Z, pid: 0] > dvc --version - FAILED (5ms)
Command failed with ENOENT: dvc --version
spawn dvc ENOENT
[version: 1.2.29, 2025-11-28T07:26:57.339Z, pid: 8151] > /home/peaches/anaconda3/bin/python -m dvc --version - INITIALIZED
[version: 1.2.29, 2025-11-28T07:26:57.348Z, pid: 8151] > /home/peaches/anaconda3/bin/python -m dvc --version - FAILED with code 1 (15ms)
/home/peaches/anaconda3/bin/python: No module named dvc

[version: 1.2.29, 2025-11-28T07:26:57.352Z, pid: 0] > dvc --version - INITIALIZED
[version: 1.2.29, 2025-11-28T07:26:57.352Z, pid: 0] > dvc --version - FAILED (4ms)
Command failed with ENOENT: dvc --version
spawn dvc ENOENT
[version: 1.2.29, 2025-11-28T07:27:02.359Z, pid: 8153] > /home/peaches/anaconda3/bin/python -m dvc --version - INITIALIZED
[version: 1.2.29, 2025-11-28T07:27:02.368Z, pid: 8153] > /home/peaches/anaconda3/bin/python -m dvc --version - FAILED with code 1 (15ms)
/home/peaches/anaconda3/bin/python: No module named dvc

[version: 1.2.29, 2025-11-28T07:27:02.372Z, pid: 0] > dvc --version - INITIALIZED
[version: 1.2.29, 2025-11-28T07:27:02.373Z, pid: 0] > dvc --version - FAILED (5ms)
Command failed with ENOENT: dvc --version
spawn dvc ENOENT
[version: 1.2.29, 2025-11-28T07:27:07.379Z, pid: 8155] > /home/peaches/anaconda3/bin/python -m dvc --version - INITIALIZED
[version: 1.2.29, 2025-11-28T07:27:07.388Z, pid: 8155] > /home/peaches/anaconda3/bin/python -m dvc --version - FAILED with code 1 (14ms)
/home/peaches/anaconda3/bin/python: No module named dvc

[version: 1.2.29, 2025-11-28T07:27:07.392Z, pid: 0] > dvc --version - INITIALIZED
[version: 1.2.29, 2025-11-28T07:27:07.393Z, pid: 0] > dvc --version - FAILED (5ms)
Command failed with ENOENT: dvc --version
spawn dvc ENOENT
[version: 1.2.29, 2025-11-28T07:27:12.398Z, pid: 8157] > /home/peaches/anaconda3/bin/python -m dvc --version - INITIALIZED
[version: 1.2.29, 2025-11-28T07:27:12.408Z, pid: 8157] > /home/peaches/anaconda3/bin/python -m dvc --version - FAILED with code 1 (14ms)
/home/peaches/anaconda3/bin/python: No module named dvc

[version: 1.2.29, 2025-11-28T07:27:12.412Z, pid: 0] > dvc --version - INITIALIZED
[version: 1.2.29, 2025-11-28T07:27:12.413Z, pid: 0] > dvc --version - FAILED (5ms)
Command failed with ENOENT: dvc --version
spawn dvc ENOENT
[version: 1.2.29, 2025-11-28T07:27:17.418Z, pid: 8159] > /home/peaches/anaconda3/bin/python -m dvc --version - INITIALIZED
[version: 1.2.29, 2025-11-28T07:27:17.427Z, pid: 8159] > /home/peaches/anaconda3/bin/python -m dvc --version - FAILED with code 1 (14ms)
/home/peaches/anaconda3/bin/python: No module named dvc

[version: 1.2.29, 2025-11-28T07:27:17.432Z, pid: 0] > dvc --version - INITIALIZED
[version: 1.2.29, 2025-11-28T07:27:17.433Z, pid: 0] > dvc --version - FAILED (6ms)
Command failed with ENOENT: dvc --version
spawn dvc ENOENT
[version: 1.2.29, 2025-11-28T07:27:22.438Z, pid: 8161] > /home/peaches/anaconda3/bin/python -m dvc --version - INITIALIZED
[version: 1.2.29, 2025-11-28T07:27:22.447Z, pid: 8161] > /home/peaches/anaconda3/bin/python -m dvc --version - FAILED with code 1 (14ms)
/home/peaches/anaconda3/bin/python: No module named dvc

[version: 1.2.29, 2025-11-28T07:27:22.452Z, pid: 0] > dvc --version - INITIALIZED
[version: 1.2.29, 2025-11-28T07:27:22.452Z, pid: 0] > dvc --version - FAILED (4ms)
Command failed with ENOENT: dvc --version
spawn dvc ENOENT
[version: 1.2.29, 2025-11-28T07:27:27.457Z, pid: 8165] > /home/peaches/anaconda3/bin/python -m dvc --version - INITIALIZED
[version: 1.2.29, 2025-11-28T07:27:27.467Z, pid: 8165] > /home/peaches/anaconda3/bin/python -m dvc --version - FAILED with code 1 (14ms)
/home/peaches/anaconda3/bin/python: No module named dvc

[version: 1.2.29, 2025-11-28T07:27:27.471Z, pid: 0] > dvc --version - INITIALIZED
[version: 1.2.29, 2025-11-28T07:27:27.472Z, pid: 0] > dvc --version - FAILED (5ms)
Command failed with ENOENT: dvc --version
spawn dvc ENOENT
[version: 1.2.29, 2025-11-28T07:27:32.478Z, pid: 8167] > /home/peaches/anaconda3/bin/python -m dvc --version - INITIALIZED
[version: 1.2.29, 2025-11-28T07:27:32.488Z, pid: 8167] > /home/peaches/anaconda3/bin/python -m dvc --version - FAILED with code 1 (15ms)
/home/peaches/anaconda3/bin/python: No module named dvc

[version: 1.2.29, 2025-11-28T07:27:32.492Z, pid: 0] > dvc --version - INITIALIZED
[version: 1.2.29, 2025-11-28T07:27:32.493Z, pid: 0] > dvc --version - FAILED (5ms)
Command failed with ENOENT: dvc --version
spawn dvc ENOENT
[version: 1.2.29, 2025-11-28T07:27:37.500Z, pid: 8169] > /home/peaches/anaconda3/bin/python -m dvc --version - INITIALIZED
[version: 1.2.29, 2025-11-28T07:27:37.509Z, pid: 8169] > /home/peaches/anaconda3/bin/python -m dvc --version - FAILED with code 1 (15ms)
/home/peaches/anaconda3/bin/python: No module named dvc

[version: 1.2.29, 2025-11-28T07:27:37.513Z, pid: 0] > dvc --version - INITIALIZED
[version: 1.2.29, 2025-11-28T07:27:37.514Z, pid: 0] > dvc --version - FAILED (5ms)
Command failed with ENOENT: dvc --version
spawn dvc ENOENT
[version: 1.2.29, 2025-11-28T07:27:42.519Z, pid: 8171] > /home/peaches/anaconda3/bin/python -m dvc --version - INITIALIZED
[version: 1.2.29, 2025-11-28T07:27:42.528Z, pid: 8171] > /home/peaches/anaconda3/bin/python -m dvc --version - FAILED with code 1 (15ms)
/home/peaches/anaconda3/bin/python: No module named dvc

[version: 1.2.29, 2025-11-28T07:27:42.533Z, pid: 0] > dvc --version - INITIALIZED
[version: 1.2.29, 2025-11-28T07:27:42.534Z, pid: 0] > dvc --version - FAILED (6ms)
Command failed with ENOENT: dvc --version
spawn dvc ENOENT
[version: 1.2.29, 2025-11-28T07:27:47.539Z, pid: 8173] > /home/peaches/anaconda3/bin/python -m dvc --version - INITIALIZED
[version: 1.2.29, 2025-11-28T07:27:47.548Z, pid: 8173] > /home/peaches/anaconda3/bin/python -m dvc --version - FAILED with code 1 (14ms)
/home/peaches/anaconda3/bin/python: No module named dvc

[version: 1.2.29, 2025-11-28T07:27:47.553Z, pid: 0] > dvc --version - INITIALIZED
[version: 1.2.29, 2025-11-28T07:27:47.553Z, pid: 0] > dvc --version - FAILED (5ms)
Command failed with ENOENT: dvc --version
spawn dvc ENOENT
[version: 1.2.29, 2025-11-28T07:27:52.558Z, pid: 8176] > /home/peaches/anaconda3/bin/python -m dvc --version - INITIALIZED
[version: 1.2.29, 2025-11-28T07:27:52.567Z, pid: 8176] > /home/peaches/anaconda3/bin/python -m dvc --version - FAILED with code 1 (13ms)
/home/peaches/anaconda3/bin/python: No module named dvc

[version: 1.2.29, 2025-11-28T07:27:52.572Z, pid: 0] > dvc --version - INITIALIZED
[version: 1.2.29, 2025-11-28T07:27:52.573Z, pid: 0] > dvc --version - FAILED (5ms)
Command failed with ENOENT: dvc --version
spawn dvc ENOENT
[version: 1.2.29, 2025-11-28T07:27:57.578Z, pid: 8181] > /home/peaches/anaconda3/bin/python -m dvc --version - INITIALIZED
[version: 1.2.29, 2025-11-28T07:27:57.587Z, pid: 8181] > /home/peaches/anaconda3/bin/python -m dvc --version - FAILED with code 1 (13ms)
/home/peaches/anaconda3/bin/python: No module named dvc

[version: 1.2.29, 2025-11-28T07:27:57.592Z, pid: 0] > dvc --version - INITIALIZED
[version: 1.2.29, 2025-11-28T07:27:57.593Z, pid: 0] > dvc --version - FAILED (5ms)
Command failed with ENOENT: dvc --version
spawn dvc ENOENT
[version: 1.2.29, 2025-11-28T07:28:02.599Z, pid: 8183] > /home/peaches/anaconda3/bin/python -m dvc --version - INITIALIZED
[version: 1.2.29, 2025-11-28T07:28:02.609Z, pid: 8183] > /home/peaches/anaconda3/bin/python -m dvc --version - FAILED with code 1 (16ms)
/home/peaches/anaconda3/bin/python: No module named dvc

[version: 1.2.29, 2025-11-28T07:28:02.613Z, pid: 0] > dvc --version - INITIALIZED
[version: 1.2.29, 2025-11-28T07:28:02.614Z, pid: 0] > dvc --version - FAILED (5ms)
Command failed with ENOENT: dvc --version
spawn dvc ENOENT
[version: 1.2.29, 2025-11-28T07:28:07.619Z, pid: 8185] > /home/peaches/anaconda3/bin/python -m dvc --version - INITIALIZED
[version: 1.2.29, 2025-11-28T07:28:07.628Z, pid: 8185] > /home/peaches/anaconda3/bin/python -m dvc --version - FAILED with code 1 (14ms)
/home/peaches/anaconda3/bin/python: No module named dvc

[version: 1.2.29, 2025-11-28T07:28:07.633Z, pid: 0] > dvc --version - INITIALIZED
[version: 1.2.29, 2025-11-28T07:28:07.634Z, pid: 0] > dvc --version - FAILED (5ms)
Command failed with ENOENT: dvc --version
spawn dvc ENOENT
[version: 1.2.29, 2025-11-28T07:28:12.639Z, pid: 8187] > /home/peaches/anaconda3/bin/python -m dvc --version - INITIALIZED
[version: 1.2.29, 2025-11-28T07:28:12.649Z, pid: 8187] > /home/peaches/anaconda3/bin/python -m dvc --version - FAILED with code 1 (15ms)
/home/peaches/anaconda3/bin/python: No module named dvc

[version: 1.2.29, 2025-11-28T07:28:12.654Z, pid: 0] > dvc --version - INITIALIZED
[version: 1.2.29, 2025-11-28T07:28:12.654Z, pid: 0] > dvc --version - FAILED (4ms)
Command failed with ENOENT: dvc --version
spawn dvc ENOENT
[version: 1.2.29, 2025-11-28T07:28:17.661Z, pid: 8189] > /home/peaches/anaconda3/bin/python -m dvc --version - INITIALIZED
[version: 1.2.29, 2025-11-28T07:28:17.670Z, pid: 8189] > /home/peaches/anaconda3/bin/python -m dvc --version - FAILED with code 1 (15ms)
/home/peaches/anaconda3/bin/python: No module named dvc

[version: 1.2.29, 2025-11-28T07:28:17.675Z, pid: 0] > dvc --version - INITIALIZED
[version: 1.2.29, 2025-11-28T07:28:17.675Z, pid: 0] > dvc --version - FAILED (4ms)
Command failed with ENOENT: dvc --version
spawn dvc ENOENT
[version: 1.2.29, 2025-11-28T07:28:22.680Z, pid: 8191] > /home/peaches/anaconda3/bin/python -m dvc --version - INITIALIZED
[version: 1.2.29, 2025-11-28T07:28:22.689Z, pid: 8191] > /home/peaches/anaconda3/bin/python -m dvc --version - FAILED with code 1 (13ms)
/home/peaches/anaconda3/bin/python: No module named dvc

[version: 1.2.29, 2025-11-28T07:28:22.694Z, pid: 0] > dvc --version - INITIALIZED
[version: 1.2.29, 2025-11-28T07:28:22.695Z, pid: 0] > dvc --version - FAILED (5ms)
Command failed with ENOENT: dvc --version
spawn dvc ENOENT
[version: 1.2.29, 2025-11-28T07:28:27.701Z, pid: 8193] > /home/peaches/anaconda3/bin/python -m dvc --version - INITIALIZED
[version: 1.2.29, 2025-11-28T07:28:27.710Z, pid: 8193] > /home/peaches/anaconda3/bin/python -m dvc --version - FAILED with code 1 (14ms)
/home/peaches/anaconda3/bin/python: No module named dvc

[version: 1.2.29, 2025-11-28T07:28:27.716Z, pid: 0] > dvc --version - INITIALIZED
[version: 1.2.29, 2025-11-28T07:28:27.717Z, pid: 0] > dvc --version - FAILED (6ms)
Command failed with ENOENT: dvc --version
spawn dvc ENOENT
[version: 1.2.29, 2025-11-28T07:28:32.723Z, pid: 8195] > /home/peaches/anaconda3/bin/python -m dvc --version - INITIALIZED
[version: 1.2.29, 2025-11-28T07:28:32.733Z, pid: 8195] > /home/peaches/anaconda3/bin/python -m dvc --version - FAILED with code 1 (15ms)
/home/peaches/anaconda3/bin/python: No module named dvc

[version: 1.2.29, 2025-11-28T07:28:32.738Z, pid: 0] > dvc --version - INITIALIZED
[version: 1.2.29, 2025-11-28T07:28:32.738Z, pid: 0] > dvc --version - FAILED (4ms)
Command failed with ENOENT: dvc --version
spawn dvc ENOENT
[version: 1.2.29, 2025-11-28T07:28:37.744Z, pid: 8200] > /home/peaches/anaconda3/bin/python -m dvc --version - INITIALIZED
[version: 1.2.29, 2025-11-28T07:28:37.754Z, pid: 8200] > /home/peaches/anaconda3/bin/python -m dvc --version - FAILED with code 1 (15ms)
/home/peaches/anaconda3/bin/python: No module named dvc

[version: 1.2.29, 2025-11-28T07:28:37.759Z, pid: 0] > dvc --version - INITIALIZED
[version: 1.2.29, 2025-11-28T07:28:37.759Z, pid: 0] > dvc --version - FAILED (5ms)
Command failed with ENOENT: dvc --version
spawn dvc ENOENT
[version: 1.2.29, 2025-11-28T07:28:42.764Z, pid: 8202] > /home/peaches/anaconda3/bin/python -m dvc --version - INITIALIZED
[version: 1.2.29, 2025-11-28T07:28:42.774Z, pid: 8202] > /home/peaches/anaconda3/bin/python -m dvc --version - FAILED with code 1 (14ms)
/home/peaches/anaconda3/bin/python: No module named dvc

[version: 1.2.29, 2025-11-28T07:28:42.778Z, pid: 0] > dvc --version - INITIALIZED
[version: 1.2.29, 2025-11-28T07:28:42.779Z, pid: 0] > dvc --version - FAILED (5ms)
Command failed with ENOENT: dvc --version
spawn dvc ENOENT
[version: 1.2.29, 2025-11-28T07:28:47.785Z, pid: 8204] > /home/peaches/anaconda3/bin/python -m dvc --version - INITIALIZED
[version: 1.2.29, 2025-11-28T07:28:47.794Z, pid: 8204] > /home/peaches/anaconda3/bin/python -m dvc --version - FAILED with code 1 (14ms)
/home/peaches/anaconda3/bin/python: No module named dvc

[version: 1.2.29, 2025-11-28T07:28:47.799Z, pid: 0] > dvc --version - INITIALIZED
[version: 1.2.29, 2025-11-28T07:28:47.800Z, pid: 0] > dvc --version - FAILED (5ms)
Command failed with ENOENT: dvc --version
spawn dvc ENOENT
[version: 1.2.29, 2025-11-28T07:28:52.804Z, pid: 8206] > /home/peaches/anaconda3/bin/python -m dvc --version - INITIALIZED
[version: 1.2.29, 2025-11-28T07:28:52.813Z, pid: 8206] > /home/peaches/anaconda3/bin/python -m dvc --version - FAILED with code 1 (13ms)
/home/peaches/anaconda3/bin/python: No module named dvc

[version: 1.2.29, 2025-11-28T07:28:52.818Z, pid: 0] > dvc --version - INITIALIZED
[version: 1.2.29, 2025-11-28T07:28:52.819Z, pid: 0] > dvc --version - FAILED (5ms)
Command failed with ENOENT: dvc --version
spawn dvc ENOENT
[version: 1.2.29, 2025-11-28T07:28:57.823Z, pid: 8210] > /home/peaches/anaconda3/bin/python -m dvc --version - INITIALIZED
[version: 1.2.29, 2025-11-28T07:28:57.833Z, pid: 8210] > /home/peaches/anaconda3/bin/python -m dvc --version - FAILED with code 1 (14ms)
/home/peaches/anaconda3/bin/python: No module named dvc

[version: 1.2.29, 2025-11-28T07:28:57.837Z, pid: 0] > dvc --version - INITIALIZED
[version: 1.2.29, 2025-11-28T07:28:57.838Z, pid: 0] > dvc --version - FAILED (5ms)
Command failed with ENOENT: dvc --version
spawn dvc ENOENT
[version: 1.2.29, 2025-11-28T07:29:02.844Z, pid: 8212] > /home/peaches/anaconda3/bin/python -m dvc --version - INITIALIZED
[version: 1.2.29, 2025-11-28T07:29:02.853Z, pid: 8212] > /home/peaches/anaconda3/bin/python -m dvc --version - FAILED with code 1 (15ms)
/home/peaches/anaconda3/bin/python: No module named dvc

[version: 1.2.29, 2025-11-28T07:29:02.857Z, pid: 0] > dvc --version - INITIALIZED
[version: 1.2.29, 2025-11-28T07:29:02.858Z, pid: 0] > dvc --version - FAILED (5ms)
Command failed with ENOENT: dvc --version
spawn dvc ENOENT
[version: 1.2.29, 2025-11-28T07:29:07.864Z, pid: 8214] > /home/peaches/anaconda3/bin/python -m dvc --version - INITIALIZED
[version: 1.2.29, 2025-11-28T07:29:07.873Z, pid: 8214] > /home/peaches/anaconda3/bin/python -m dvc --version - FAILED with code 1 (15ms)
/home/peaches/anaconda3/bin/python: No module named dvc

[version: 1.2.29, 2025-11-28T07:29:07.878Z, pid: 0] > dvc --version - INITIALIZED
[version: 1.2.29, 2025-11-28T07:29:07.879Z, pid: 0] > dvc --version - FAILED (5ms)
Command failed with ENOENT: dvc --version
spawn dvc ENOENT
[version: 1.2.29, 2025-11-28T07:29:12.884Z, pid: 8216] > /home/peaches/anaconda3/bin/python -m dvc --version - INITIALIZED
[version: 1.2.29, 2025-11-28T07:29:12.893Z, pid: 8216] > /home/peaches/anaconda3/bin/python -m dvc --version - FAILED with code 1 (14ms)
/home/peaches/anaconda3/bin/python: No module named dvc

[version: 1.2.29, 2025-11-28T07:29:12.898Z, pid: 0] > dvc --version - INITIALIZED
[version: 1.2.29, 2025-11-28T07:29:12.899Z, pid: 0] > dvc --version - FAILED (5ms)
Command failed with ENOENT: dvc --version
spawn dvc ENOENT
[version: 1.2.29, 2025-11-28T07:29:17.904Z, pid: 8218] > /home/peaches/anaconda3/bin/python -m dvc --version - INITIALIZED
[version: 1.2.29, 2025-11-28T07:29:17.913Z, pid: 8218] > /home/peaches/anaconda3/bin/python -m dvc --version - FAILED with code 1 (14ms)
/home/peaches/anaconda3/bin/python: No module named dvc

[version: 1.2.29, 2025-11-28T07:29:17.917Z, pid: 0] > dvc --version - INITIALIZED
[version: 1.2.29, 2025-11-28T07:29:17.918Z, pid: 0] > dvc --version - FAILED (4ms)
Command failed with ENOENT: dvc --version
spawn dvc ENOENT
[version: 1.2.29, 2025-11-28T07:29:22.922Z, pid: 8220] > /home/peaches/anaconda3/bin/python -m dvc --version - INITIALIZED
[version: 1.2.29, 2025-11-28T07:29:22.932Z, pid: 8220] > /home/peaches/anaconda3/bin/python -m dvc --version - FAILED with code 1 (14ms)
/home/peaches/anaconda3/bin/python: No module named dvc

[version: 1.2.29, 2025-11-28T07:29:22.937Z, pid: 0] > dvc --version - INITIALIZED
[version: 1.2.29, 2025-11-28T07:29:22.938Z, pid: 0] > dvc --version - FAILED (5ms)
Command failed with ENOENT: dvc --version
spawn dvc ENOENT
[version: 1.2.29, 2025-11-28T07:29:27.943Z, pid: 8223] > /home/peaches/anaconda3/bin/python -m dvc --version - INITIALIZED
[version: 1.2.29, 2025-11-28T07:29:27.952Z, pid: 8223] > /home/peaches/anaconda3/bin/python -m dvc --version - FAILED with code 1 (14ms)
/home/peaches/anaconda3/bin/python: No module named dvc

[version: 1.2.29, 2025-11-28T07:29:27.956Z, pid: 0] > dvc --version - INITIALIZED
[version: 1.2.29, 2025-11-28T07:29:27.957Z, pid: 0] > dvc --version - FAILED (4ms)
Command failed with ENOENT: dvc --version
spawn dvc ENOENT
[version: 1.2.29, 2025-11-28T07:29:32.962Z, pid: 8225] > /home/peaches/anaconda3/bin/python -m dvc --version - INITIALIZED
[version: 1.2.29, 2025-11-28T07:29:32.971Z, pid: 8225] > /home/peaches/anaconda3/bin/python -m dvc --version - FAILED with code 1 (14ms)
/home/peaches/anaconda3/bin/python: No module named dvc

[version: 1.2.29, 2025-11-28T07:29:32.975Z, pid: 0] > dvc --version - INITIALIZED
[version: 1.2.29, 2025-11-28T07:29:32.976Z, pid: 0] > dvc --version - FAILED (5ms)
Command failed with ENOENT: dvc --version
spawn dvc ENOENT
[version: 1.2.29, 2025-11-28T07:29:37.983Z, pid: 8227] > /home/peaches/anaconda3/bin/python -m dvc --version - INITIALIZED
[version: 1.2.29, 2025-11-28T07:29:37.991Z, pid: 8227] > /home/peaches/anaconda3/bin/python -m dvc --version - FAILED with code 1 (14ms)
/home/peaches/anaconda3/bin/python: No module named dvc

[version: 1.2.29, 2025-11-28T07:29:37.996Z, pid: 0] > dvc --version - INITIALIZED
[version: 1.2.29, 2025-11-28T07:29:37.996Z, pid: 0] > dvc --version - FAILED (4ms)
Command failed with ENOENT: dvc --version
spawn dvc ENOENT
[version: 1.2.29, 2025-11-28T07:29:43.002Z, pid: 8229] > /home/peaches/anaconda3/bin/python -m dvc --version - INITIALIZED
[version: 1.2.29, 2025-11-28T07:29:43.011Z, pid: 8229] > /home/peaches/anaconda3/bin/python -m dvc --version - FAILED with code 1 (14ms)
/home/peaches/anaconda3/bin/python: No module named dvc

[version: 1.2.29, 2025-11-28T07:29:43.016Z, pid: 0] > dvc --version - INITIALIZED
[version: 1.2.29, 2025-11-28T07:29:43.017Z, pid: 0] > dvc --version - FAILED (5ms)
Command failed with ENOENT: dvc --version
spawn dvc ENOENT
[version: 1.2.29, 2025-11-28T07:29:48.022Z, pid: 8231] > /home/peaches/anaconda3/bin/python -m dvc --version - INITIALIZED
[version: 1.2.29, 2025-11-28T07:29:48.031Z, pid: 8231] > /home/peaches/anaconda3/bin/python -m dvc --version - FAILED with code 1 (14ms)
/home/peaches/anaconda3/bin/python: No module named dvc

[version: 1.2.29, 2025-11-28T07:29:48.036Z, pid: 0] > dvc --version - INITIALIZED
[version: 1.2.29, 2025-11-28T07:29:48.037Z, pid: 0] > dvc --version - FAILED (5ms)
Command failed with ENOENT: dvc --version
spawn dvc ENOENT
[version: 1.2.29, 2025-11-28T07:29:53.042Z, pid: 8233] > /home/peaches/anaconda3/bin/python -m dvc --version - INITIALIZED
[version: 1.2.29, 2025-11-28T07:29:53.051Z, pid: 8233] > /home/peaches/anaconda3/bin/python -m dvc --version - FAILED with code 1 (14ms)
/home/peaches/anaconda3/bin/python: No module named dvc

[version: 1.2.29, 2025-11-28T07:29:53.055Z, pid: 0] > dvc --version - INITIALIZED
[version: 1.2.29, 2025-11-28T07:29:53.056Z, pid: 0] > dvc --version - FAILED (5ms)
Command failed with ENOENT: dvc --version
spawn dvc ENOENT
[version: 1.2.29, 2025-11-28T07:29:58.062Z, pid: 8238] > /home/peaches/anaconda3/bin/python -m dvc --version - INITIALIZED
[version: 1.2.29, 2025-11-28T07:29:58.071Z, pid: 8238] > /home/peaches/anaconda3/bin/python -m dvc --version - FAILED with code 1 (15ms)
/home/peaches/anaconda3/bin/python: No module named dvc

[version: 1.2.29, 2025-11-28T07:29:58.075Z, pid: 0] > dvc --version - INITIALIZED
[version: 1.2.29, 2025-11-28T07:29:58.076Z, pid: 0] > dvc --version - FAILED (5ms)
Command failed with ENOENT: dvc --version
spawn dvc ENOENT
[version: 1.2.29, 2025-11-28T07:30:03.082Z, pid: 8240] > /home/peaches/anaconda3/bin/python -m dvc --version - INITIALIZED
[version: 1.2.29, 2025-11-28T07:30:03.091Z, pid: 8240] > /home/peaches/anaconda3/bin/python -m dvc --version - FAILED with code 1 (14ms)
/home/peaches/anaconda3/bin/python: No module named dvc

[version: 1.2.29, 2025-11-28T07:30:03.095Z, pid: 0] > dvc --version - INITIALIZED
[version: 1.2.29, 2025-11-28T07:30:03.096Z, pid: 0] > dvc --version - FAILED (5ms)
Command failed with ENOENT: dvc --version
spawn dvc ENOENT
[version: 1.2.29, 2025-11-28T07:30:08.103Z, pid: 8242] > /home/peaches/anaconda3/bin/python -m dvc --version - INITIALIZED
[version: 1.2.29, 2025-11-28T07:30:08.112Z, pid: 8242] > /home/peaches/anaconda3/bin/python -m dvc --version - FAILED with code 1 (15ms)
/home/peaches/anaconda3/bin/python: No module named dvc

[version: 1.2.29, 2025-11-28T07:30:08.116Z, pid: 0] > dvc --version - INITIALIZED
[version: 1.2.29, 2025-11-28T07:30:08.117Z, pid: 0] > dvc --version - FAILED (5ms)
Command failed with ENOENT: dvc --version
spawn dvc ENOENT
[version: 1.2.29, 2025-11-28T07:30:13.121Z, pid: 8244] > /home/peaches/anaconda3/bin/python -m dvc --version - INITIALIZED
[version: 1.2.29, 2025-11-28T07:30:13.130Z, pid: 8244] > /home/peaches/anaconda3/bin/python -m dvc --version - FAILED with code 1 (13ms)
/home/peaches/anaconda3/bin/python: No module named dvc

[version: 1.2.29, 2025-11-28T07:30:13.134Z, pid: 0] > dvc --version - INITIALIZED
[version: 1.2.29, 2025-11-28T07:30:13.135Z, pid: 0] > dvc --version - FAILED (5ms)
Command failed with ENOENT: dvc --version
spawn dvc ENOENT
[version: 1.2.29, 2025-11-28T07:30:18.142Z, pid: 8246] > /home/peaches/anaconda3/bin/python -m dvc --version - INITIALIZED
[version: 1.2.29, 2025-11-28T07:30:18.150Z, pid: 8246] > /home/peaches/anaconda3/bin/python -m dvc --version - FAILED with code 1 (14ms)
/home/peaches/anaconda3/bin/python: No module named dvc

[version: 1.2.29, 2025-11-28T07:30:18.155Z, pid: 0] > dvc --version - INITIALIZED
[version: 1.2.29, 2025-11-28T07:30:18.155Z, pid: 0] > dvc --version - FAILED (4ms)
Command failed with ENOENT: dvc --version
spawn dvc ENOENT
[version: 1.2.29, 2025-11-28T07:30:23.161Z, pid: 8248] > /home/peaches/anaconda3/bin/python -m dvc --version - INITIALIZED
[version: 1.2.29, 2025-11-28T07:30:23.170Z, pid: 8248] > /home/peaches/anaconda3/bin/python -m dvc --version - FAILED with code 1 (15ms)
/home/peaches/anaconda3/bin/python: No module named dvc

[version: 1.2.29, 2025-11-28T07:30:23.174Z, pid: 0] > dvc --version - INITIALIZED
[version: 1.2.29, 2025-11-28T07:30:23.175Z, pid: 0] > dvc --version - FAILED (5ms)
Command failed with ENOENT: dvc --version
spawn dvc ENOENT
[version: 1.2.29, 2025-11-28T07:30:28.179Z, pid: 8250] > /home/peaches/anaconda3/bin/python -m dvc --version - INITIALIZED
[version: 1.2.29, 2025-11-28T07:30:28.188Z, pid: 8250] > /home/peaches/anaconda3/bin/python -m dvc --version - FAILED with code 1 (13ms)
/home/peaches/anaconda3/bin/python: No module named dvc

[version: 1.2.29, 2025-11-28T07:30:28.193Z, pid: 0] > dvc --version - INITIALIZED
[version: 1.2.29, 2025-11-28T07:30:28.193Z, pid: 0] > dvc --version - FAILED (4ms)
Command failed with ENOENT: dvc --version
spawn dvc ENOENT
[version: 1.2.29, 2025-11-28T07:30:33.198Z, pid: 8252] > /home/peaches/anaconda3/bin/python -m dvc --version - INITIALIZED
[version: 1.2.29, 2025-11-28T07:30:33.207Z, pid: 8252] > /home/peaches/anaconda3/bin/python -m dvc --version - FAILED with code 1 (13ms)
/home/peaches/anaconda3/bin/python: No module named dvc

[version: 1.2.29, 2025-11-28T07:30:33.212Z, pid: 0] > dvc --version - INITIALIZED
[version: 1.2.29, 2025-11-28T07:30:33.212Z, pid: 0] > dvc --version - FAILED (4ms)
Command failed with ENOENT: dvc --version
spawn dvc ENOENT
[version: 1.2.29, 2025-11-28T07:30:38.218Z, pid: 8254] > /home/peaches/anaconda3/bin/python -m dvc --version - INITIALIZED
[version: 1.2.29, 2025-11-28T07:30:38.227Z, pid: 8254] > /home/peaches/anaconda3/bin/python -m dvc --version - FAILED with code 1 (15ms)
/home/peaches/anaconda3/bin/python: No module named dvc

[version: 1.2.29, 2025-11-28T07:30:38.232Z, pid: 0] > dvc --version - INITIALIZED
[version: 1.2.29, 2025-11-28T07:30:38.233Z, pid: 0] > dvc --version - FAILED (5ms)
Command failed with ENOENT: dvc --version
spawn dvc ENOENT
[version: 1.2.29, 2025-11-28T07:30:43.238Z, pid: 8256] > /home/peaches/anaconda3/bin/python -m dvc --version - INITIALIZED
[version: 1.2.29, 2025-11-28T07:30:43.247Z, pid: 8256] > /home/peaches/anaconda3/bin/python -m dvc --version - FAILED with code 1 (15ms)
/home/peaches/anaconda3/bin/python: No module named dvc

[version: 1.2.29, 2025-11-28T07:30:43.252Z, pid: 0] > dvc --version - INITIALIZED
[version: 1.2.29, 2025-11-28T07:30:43.253Z, pid: 0] > dvc --version - FAILED (5ms)
Command failed with ENOENT: dvc --version
spawn dvc ENOENT
[version: 1.2.29, 2025-11-28T07:30:48.258Z, pid: 8258] > /home/peaches/anaconda3/bin/python -m dvc --version - INITIALIZED
[version: 1.2.29, 2025-11-28T07:30:48.267Z, pid: 8258] > /home/peaches/anaconda3/bin/python -m dvc --version - FAILED with code 1 (14ms)
/home/peaches/anaconda3/bin/python: No module named dvc

[version: 1.2.29, 2025-11-28T07:30:48.272Z, pid: 0] > dvc --version - INITIALIZED
[version: 1.2.29, 2025-11-28T07:30:48.272Z, pid: 0] > dvc --version - FAILED (4ms)
Command failed with ENOENT: dvc --version
spawn dvc ENOENT
[version: 1.2.29, 2025-11-28T07:30:53.279Z, pid: 8260] > /home/peaches/anaconda3/bin/python -m dvc --version - INITIALIZED
[version: 1.2.29, 2025-11-28T07:30:53.288Z, pid: 8260] > /home/peaches/anaconda3/bin/python -m dvc --version - FAILED with code 1 (15ms)
/home/peaches/anaconda3/bin/python: No module named dvc

[version: 1.2.29, 2025-11-28T07:30:53.292Z, pid: 0] > dvc --version - INITIALIZED
[version: 1.2.29, 2025-11-28T07:30:53.293Z, pid: 0] > dvc --version - FAILED (5ms)
Command failed with ENOENT: dvc --version
spawn dvc ENOENT
[version: 1.2.29, 2025-11-28T07:30:58.299Z, pid: 8264] > /home/peaches/anaconda3/bin/python -m dvc --version - INITIALIZED
[version: 1.2.29, 2025-11-28T07:30:58.308Z, pid: 8264] > /home/peaches/anaconda3/bin/python -m dvc --version - FAILED with code 1 (15ms)
/home/peaches/anaconda3/bin/python: No module named dvc

[version: 1.2.29, 2025-11-28T07:30:58.313Z, pid: 0] > dvc --version - INITIALIZED
[version: 1.2.29, 2025-11-28T07:30:58.314Z, pid: 0] > dvc --version - FAILED (5ms)
Command failed with ENOENT: dvc --version
spawn dvc ENOENT
[version: 1.2.29, 2025-11-28T07:31:03.319Z, pid: 8266] > /home/peaches/anaconda3/bin/python -m dvc --version - INITIALIZED
[version: 1.2.29, 2025-11-28T07:31:03.329Z, pid: 8266] > /home/peaches/anaconda3/bin/python -m dvc --version - FAILED with code 1 (14ms)
/home/peaches/anaconda3/bin/python: No module named dvc

[version: 1.2.29, 2025-11-28T07:31:03.333Z, pid: 0] > dvc --version - INITIALIZED
[version: 1.2.29, 2025-11-28T07:31:03.334Z, pid: 0] > dvc --version - FAILED (5ms)
Command failed with ENOENT: dvc --version
spawn dvc ENOENT
[version: 1.2.29, 2025-11-28T07:31:08.340Z, pid: 8268] > /home/peaches/anaconda3/bin/python -m dvc --version - INITIALIZED
[version: 1.2.29, 2025-11-28T07:31:08.349Z, pid: 8268] > /home/peaches/anaconda3/bin/python -m dvc --version - FAILED with code 1 (15ms)
/home/peaches/anaconda3/bin/python: No module named dvc

[version: 1.2.29, 2025-11-28T07:31:08.353Z, pid: 0] > dvc --version - INITIALIZED
[version: 1.2.29, 2025-11-28T07:31:08.354Z, pid: 0] > dvc --version - FAILED (5ms)
Command failed with ENOENT: dvc --version
spawn dvc ENOENT
[version: 1.2.29, 2025-11-28T07:31:13.359Z, pid: 8270] > /home/peaches/anaconda3/bin/python -m dvc --version - INITIALIZED
[version: 1.2.29, 2025-11-28T07:31:13.368Z, pid: 8270] > /home/peaches/anaconda3/bin/python -m dvc --version - FAILED with code 1 (13ms)
/home/peaches/anaconda3/bin/python: No module named dvc

[version: 1.2.29, 2025-11-28T07:31:13.372Z, pid: 0] > dvc --version - INITIALIZED
[version: 1.2.29, 2025-11-28T07:31:13.373Z, pid: 0] > dvc --version - FAILED (4ms)
Command failed with ENOENT: dvc --version
spawn dvc ENOENT
[version: 1.2.29, 2025-11-28T07:31:18.377Z, pid: 8272] > /home/peaches/anaconda3/bin/python -m dvc --version - INITIALIZED
[version: 1.2.29, 2025-11-28T07:31:18.386Z, pid: 8272] > /home/peaches/anaconda3/bin/python -m dvc --version - FAILED with code 1 (13ms)
/home/peaches/anaconda3/bin/python: No module named dvc

[version: 1.2.29, 2025-11-28T07:31:18.391Z, pid: 0] > dvc --version - INITIALIZED
[version: 1.2.29, 2025-11-28T07:31:18.391Z, pid: 0] > dvc --version - FAILED (4ms)
Command failed with ENOENT: dvc --version
spawn dvc ENOENT
[version: 1.2.29, 2025-11-28T07:31:23.397Z, pid: 8274] > /home/peaches/anaconda3/bin/python -m dvc --version - INITIALIZED
[version: 1.2.29, 2025-11-28T07:31:23.406Z, pid: 8274] > /home/peaches/anaconda3/bin/python -m dvc --version - FAILED with code 1 (14ms)
/home/peaches/anaconda3/bin/python: No module named dvc

[version: 1.2.29, 2025-11-28T07:31:23.410Z, pid: 0] > dvc --version - INITIALIZED
[version: 1.2.29, 2025-11-28T07:31:23.411Z, pid: 0] > dvc --version - FAILED (5ms)
Command failed with ENOENT: dvc --version
spawn dvc ENOENT
[version: 1.2.29, 2025-11-28T07:31:28.417Z, pid: 8276] > /home/peaches/anaconda3/bin/python -m dvc --version - INITIALIZED
[version: 1.2.29, 2025-11-28T07:31:28.426Z, pid: 8276] > /home/peaches/anaconda3/bin/python -m dvc --version - FAILED with code 1 (14ms)
/home/peaches/anaconda3/bin/python: No module named dvc

[version: 1.2.29, 2025-11-28T07:31:28.430Z, pid: 0] > dvc --version - INITIALIZED
[version: 1.2.29, 2025-11-28T07:31:28.431Z, pid: 0] > dvc --version - FAILED (4ms)
Command failed with ENOENT: dvc --version
spawn dvc ENOENT
[version: 1.2.29, 2025-11-28T07:31:33.436Z, pid: 8278] > /home/peaches/anaconda3/bin/python -m dvc --version - INITIALIZED
[version: 1.2.29, 2025-11-28T07:31:33.445Z, pid: 8278] > /home/peaches/anaconda3/bin/python -m dvc --version - FAILED with code 1 (13ms)
/home/peaches/anaconda3/bin/python: No module named dvc

[version: 1.2.29, 2025-11-28T07:31:33.449Z, pid: 0] > dvc --version - INITIALIZED
[version: 1.2.29, 2025-11-28T07:31:33.450Z, pid: 0] > dvc --version - FAILED (5ms)
Command failed with ENOENT: dvc --version
spawn dvc ENOENT
[version: 1.2.29, 2025-11-28T07:31:38.454Z, pid: 8280] > /home/peaches/anaconda3/bin/python -m dvc --version - INITIALIZED
[version: 1.2.29, 2025-11-28T07:31:38.463Z, pid: 8280] > /home/peaches/anaconda3/bin/python -m dvc --version - FAILED with code 1 (14ms)
/home/peaches/anaconda3/bin/python: No module named dvc

[version: 1.2.29, 2025-11-28T07:31:38.467Z, pid: 0] > dvc --version - INITIALIZED
[version: 1.2.29, 2025-11-28T07:31:38.468Z, pid: 0] > dvc --version - FAILED (5ms)
Command failed with ENOENT: dvc --version
spawn dvc ENOENT
[version: 1.2.29, 2025-11-28T07:31:43.472Z, pid: 8282] > /home/peaches/anaconda3/bin/python -m dvc --version - INITIALIZED
[version: 1.2.29, 2025-11-28T07:31:43.481Z, pid: 8282] > /home/peaches/anaconda3/bin/python -m dvc --version - FAILED with code 1 (14ms)
/home/peaches/anaconda3/bin/python: No module named dvc

[version: 1.2.29, 2025-11-28T07:31:43.485Z, pid: 0] > dvc --version - INITIALIZED
[version: 1.2.29, 2025-11-28T07:31:43.486Z, pid: 0] > dvc --version - FAILED (5ms)
Command failed with ENOENT: dvc --version
spawn dvc ENOENT
[version: 1.2.29, 2025-11-28T07:31:48.493Z, pid: 8284] > /home/peaches/anaconda3/bin/python -m dvc --version - INITIALIZED
[version: 1.2.29, 2025-11-28T07:31:48.502Z, pid: 8284] > /home/peaches/anaconda3/bin/python -m dvc --version - FAILED with code 1 (15ms)
/home/peaches/anaconda3/bin/python: No module named dvc

[version: 1.2.29, 2025-11-28T07:31:48.507Z, pid: 0] > dvc --version - INITIALIZED
[version: 1.2.29, 2025-11-28T07:31:48.507Z, pid: 0] > dvc --version - FAILED (5ms)
Command failed with ENOENT: dvc --version
spawn dvc ENOENT
[version: 1.2.29, 2025-11-28T07:31:53.515Z, pid: 8288] > /home/peaches/anaconda3/bin/python -m dvc --version - INITIALIZED
[version: 1.2.29, 2025-11-28T07:31:53.524Z, pid: 8288] > /home/peaches/anaconda3/bin/python -m dvc --version - FAILED with code 1 (16ms)
/home/peaches/anaconda3/bin/python: No module named dvc

[version: 1.2.29, 2025-11-28T07:31:53.528Z, pid: 0] > dvc --version - INITIALIZED
[version: 1.2.29, 2025-11-28T07:31:53.529Z, pid: 0] > dvc --version - FAILED (5ms)
Command failed with ENOENT: dvc --version
spawn dvc ENOENT
[version: 1.2.29, 2025-11-28T07:31:58.535Z, pid: 8293] > /home/peaches/anaconda3/bin/python -m dvc --version - INITIALIZED
[version: 1.2.29, 2025-11-28T07:31:58.543Z, pid: 8293] > /home/peaches/anaconda3/bin/python -m dvc --version - FAILED with code 1 (14ms)
/home/peaches/anaconda3/bin/python: No module named dvc

[version: 1.2.29, 2025-11-28T07:31:58.548Z, pid: 0] > dvc --version - INITIALIZED
[version: 1.2.29, 2025-11-28T07:31:58.549Z, pid: 0] > dvc --version - FAILED (5ms)
Command failed with ENOENT: dvc --version
spawn dvc ENOENT
[version: 1.2.29, 2025-11-28T07:32:03.554Z, pid: 8295] > /home/peaches/anaconda3/bin/python -m dvc --version - INITIALIZED
[version: 1.2.29, 2025-11-28T07:32:03.563Z, pid: 8295] > /home/peaches/anaconda3/bin/python -m dvc --version - FAILED with code 1 (14ms)
/home/peaches/anaconda3/bin/python: No module named dvc

[version: 1.2.29, 2025-11-28T07:32:03.568Z, pid: 0] > dvc --version - INITIALIZED
[version: 1.2.29, 2025-11-28T07:32:03.568Z, pid: 0] > dvc --version - FAILED (4ms)
Command failed with ENOENT: dvc --version
spawn dvc ENOENT
[version: 1.2.29, 2025-11-28T07:32:08.574Z, pid: 8297] > /home/peaches/anaconda3/bin/python -m dvc --version - INITIALIZED
[version: 1.2.29, 2025-11-28T07:32:08.583Z, pid: 8297] > /home/peaches/anaconda3/bin/python -m dvc --version - FAILED with code 1 (14ms)
/home/peaches/anaconda3/bin/python: No module named dvc

[version: 1.2.29, 2025-11-28T07:32:08.587Z, pid: 0] > dvc --version - INITIALIZED
[version: 1.2.29, 2025-11-28T07:32:08.588Z, pid: 0] > dvc --version - FAILED (5ms)
Command failed with ENOENT: dvc --version
spawn dvc ENOENT
[version: 1.2.29, 2025-11-28T07:32:13.593Z, pid: 8299] > /home/peaches/anaconda3/bin/python -m dvc --version - INITIALIZED
[version: 1.2.29, 2025-11-28T07:32:13.602Z, pid: 8299] > /home/peaches/anaconda3/bin/python -m dvc --version - FAILED with code 1 (14ms)
/home/peaches/anaconda3/bin/python: No module named dvc

[version: 1.2.29, 2025-11-28T07:32:13.606Z, pid: 0] > dvc --version - INITIALIZED
[version: 1.2.29, 2025-11-28T07:32:13.607Z, pid: 0] > dvc --version - FAILED (5ms)
Command failed with ENOENT: dvc --version
spawn dvc ENOENT
[version: 1.2.29, 2025-11-28T07:32:18.613Z, pid: 8301] > /home/peaches/anaconda3/bin/python -m dvc --version - INITIALIZED
[version: 1.2.29, 2025-11-28T07:32:18.622Z, pid: 8301] > /home/peaches/anaconda3/bin/python -m dvc --version - FAILED with code 1 (14ms)
/home/peaches/anaconda3/bin/python: No module named dvc

[version: 1.2.29, 2025-11-28T07:32:18.627Z, pid: 0] > dvc --version - INITIALIZED
[version: 1.2.29, 2025-11-28T07:32:18.628Z, pid: 0] > dvc --version - FAILED (5ms)
Command failed with ENOENT: dvc --version
spawn dvc ENOENT
[version: 1.2.29, 2025-11-28T07:32:23.633Z, pid: 8303] > /home/peaches/anaconda3/bin/python -m dvc --version - INITIALIZED
[version: 1.2.29, 2025-11-28T07:32:23.641Z, pid: 8303] > /home/peaches/anaconda3/bin/python -m dvc --version - FAILED with code 1 (13ms)
/home/peaches/anaconda3/bin/python: No module named dvc

[version: 1.2.29, 2025-11-28T07:32:23.646Z, pid: 0] > dvc --version - INITIALIZED
[version: 1.2.29, 2025-11-28T07:32:23.646Z, pid: 0] > dvc --version - FAILED (4ms)
Command failed with ENOENT: dvc --version
spawn dvc ENOENT
[version: 1.2.29, 2025-11-28T07:32:28.652Z, pid: 8307] > /home/peaches/anaconda3/bin/python -m dvc --version - INITIALIZED
[version: 1.2.29, 2025-11-28T07:32:28.661Z, pid: 8307] > /home/peaches/anaconda3/bin/python -m dvc --version - FAILED with code 1 (15ms)
/home/peaches/anaconda3/bin/python: No module named dvc

[version: 1.2.29, 2025-11-28T07:32:28.666Z, pid: 0] > dvc --version - INITIALIZED
[version: 1.2.29, 2025-11-28T07:32:28.666Z, pid: 0] > dvc --version - FAILED (5ms)
Command failed with ENOENT: dvc --version
spawn dvc ENOENT
[version: 1.2.29, 2025-11-28T07:32:33.671Z, pid: 8309] > /home/peaches/anaconda3/bin/python -m dvc --version - INITIALIZED
[version: 1.2.29, 2025-11-28T07:32:33.680Z, pid: 8309] > /home/peaches/anaconda3/bin/python -m dvc --version - FAILED with code 1 (14ms)
/home/peaches/anaconda3/bin/python: No module named dvc

[version: 1.2.29, 2025-11-28T07:32:33.685Z, pid: 0] > dvc --version - INITIALIZED
[version: 1.2.29, 2025-11-28T07:32:33.686Z, pid: 0] > dvc --version - FAILED (5ms)
Command failed with ENOENT: dvc --version
spawn dvc ENOENT
[version: 1.2.29, 2025-11-28T07:32:38.691Z, pid: 8311] > /home/peaches/anaconda3/bin/python -m dvc --version - INITIALIZED
[version: 1.2.29, 2025-11-28T07:32:38.700Z, pid: 8311] > /home/peaches/anaconda3/bin/python -m dvc --version - FAILED with code 1 (14ms)
/home/peaches/anaconda3/bin/python: No module named dvc

[version: 1.2.29, 2025-11-28T07:32:38.704Z, pid: 0] > dvc --version - INITIALIZED
[version: 1.2.29, 2025-11-28T07:32:38.705Z, pid: 0] > dvc --version - FAILED (5ms)
Command failed with ENOENT: dvc --version
spawn dvc ENOENT
[version: 1.2.29, 2025-11-28T07:32:43.710Z, pid: 8313] > /home/peaches/anaconda3/bin/python -m dvc --version - INITIALIZED
[version: 1.2.29, 2025-11-28T07:32:43.719Z, pid: 8313] > /home/peaches/anaconda3/bin/python -m dvc --version - FAILED with code 1 (14ms)
/home/peaches/anaconda3/bin/python: No module named dvc

[version: 1.2.29, 2025-11-28T07:32:43.724Z, pid: 0] > dvc --version - INITIALIZED
[version: 1.2.29, 2025-11-28T07:32:43.724Z, pid: 0] > dvc --version - FAILED (4ms)
Command failed with ENOENT: dvc --version
spawn dvc ENOENT
[version: 1.2.29, 2025-11-28T07:32:48.731Z, pid: 8318] > /home/peaches/anaconda3/bin/python -m dvc --version - INITIALIZED
[version: 1.2.29, 2025-11-28T07:32:48.742Z, pid: 8318] > /home/peaches/anaconda3/bin/python -m dvc --version - FAILED with code 1 (17ms)
/home/peaches/anaconda3/bin/python: No module named dvc

[version: 1.2.29, 2025-11-28T07:32:48.747Z, pid: 0] > dvc --version - INITIALIZED
[version: 1.2.29, 2025-11-28T07:32:48.747Z, pid: 0] > dvc --version - FAILED (4ms)
Command failed with ENOENT: dvc --version
spawn dvc ENOENT
[version: 1.2.29, 2025-11-28T07:32:53.753Z, pid: 8321] > /home/peaches/anaconda3/bin/python -m dvc --version - INITIALIZED
[version: 1.2.29, 2025-11-28T07:32:53.763Z, pid: 8321] > /home/peaches/anaconda3/bin/python -m dvc --version - FAILED with code 1 (15ms)
/home/peaches/anaconda3/bin/python: No module named dvc

[version: 1.2.29, 2025-11-28T07:32:53.767Z, pid: 0] > dvc --version - INITIALIZED
[version: 1.2.29, 2025-11-28T07:32:53.768Z, pid: 0] > dvc --version - FAILED (5ms)
Command failed with ENOENT: dvc --version
spawn dvc ENOENT
[version: 1.2.29, 2025-11-28T07:32:58.772Z, pid: 8325] > /home/peaches/anaconda3/bin/python -m dvc --version - INITIALIZED
[version: 1.2.29, 2025-11-28T07:32:58.781Z, pid: 8325] > /home/peaches/anaconda3/bin/python -m dvc --version - FAILED with code 1 (14ms)
/home/peaches/anaconda3/bin/python: No module named dvc

[version: 1.2.29, 2025-11-28T07:32:58.786Z, pid: 0] > dvc --version - INITIALIZED
[version: 1.2.29, 2025-11-28T07:32:58.787Z, pid: 0] > dvc --version - FAILED (5ms)
Command failed with ENOENT: dvc --version
spawn dvc ENOENT
[version: 1.2.29, 2025-11-28T07:33:03.792Z, pid: 8328] > /home/peaches/anaconda3/bin/python -m dvc --version - INITIALIZED
[version: 1.2.29, 2025-11-28T07:33:03.802Z, pid: 8328] > /home/peaches/anaconda3/bin/python -m dvc --version - FAILED with code 1 (15ms)
/home/peaches/anaconda3/bin/python: No module named dvc

[version: 1.2.29, 2025-11-28T07:33:03.806Z, pid: 0] > dvc --version - INITIALIZED
[version: 1.2.29, 2025-11-28T07:33:03.807Z, pid: 0] > dvc --version - FAILED (4ms)
Command failed with ENOENT: dvc --version
spawn dvc ENOENT
[version: 1.2.29, 2025-11-28T07:33:08.811Z, pid: 8330] > /home/peaches/anaconda3/bin/python -m dvc --version - INITIALIZED
[version: 1.2.29, 2025-11-28T07:33:08.820Z, pid: 8330] > /home/peaches/anaconda3/bin/python -m dvc --version - FAILED with code 1 (14ms)
/home/peaches/anaconda3/bin/python: No module named dvc

[version: 1.2.29, 2025-11-28T07:33:08.824Z, pid: 0] > dvc --version - INITIALIZED
[version: 1.2.29, 2025-11-28T07:33:08.825Z, pid: 0] > dvc --version - FAILED (5ms)
Command failed with ENOENT: dvc --version
spawn dvc ENOENT
[version: 1.2.29, 2025-11-28T07:33:13.831Z, pid: 8332] > /home/peaches/anaconda3/bin/python -m dvc --version - INITIALIZED
[version: 1.2.29, 2025-11-28T07:33:13.840Z, pid: 8332] > /home/peaches/anaconda3/bin/python -m dvc --version - FAILED with code 1 (14ms)
/home/peaches/anaconda3/bin/python: No module named dvc

[version: 1.2.29, 2025-11-28T07:33:13.845Z, pid: 0] > dvc --version - INITIALIZED
[version: 1.2.29, 2025-11-28T07:33:13.845Z, pid: 0] > dvc --version - FAILED (4ms)
Command failed with ENOENT: dvc --version
spawn dvc ENOENT
[version: 1.2.29, 2025-11-28T07:33:18.852Z, pid: 8334] > /home/peaches/anaconda3/bin/python -m dvc --version - INITIALIZED
[version: 1.2.29, 2025-11-28T07:33:18.861Z, pid: 8334] > /home/peaches/anaconda3/bin/python -m dvc --version - FAILED with code 1 (15ms)
/home/peaches/anaconda3/bin/python: No module named dvc

[version: 1.2.29, 2025-11-28T07:33:18.866Z, pid: 0] > dvc --version - INITIALIZED
[version: 1.2.29, 2025-11-28T07:33:18.866Z, pid: 0] > dvc --version - FAILED (5ms)
Command failed with ENOENT: dvc --version
spawn dvc ENOENT
[version: 1.2.29, 2025-11-28T07:33:23.872Z, pid: 8336] > /home/peaches/anaconda3/bin/python -m dvc --version - INITIALIZED
[version: 1.2.29, 2025-11-28T07:33:23.881Z, pid: 8336] > /home/peaches/anaconda3/bin/python -m dvc --version - FAILED with code 1 (14ms)
/home/peaches/anaconda3/bin/python: No module named dvc

[version: 1.2.29, 2025-11-28T07:33:23.885Z, pid: 0] > dvc --version - INITIALIZED
[version: 1.2.29, 2025-11-28T07:33:23.886Z, pid: 0] > dvc --version - FAILED (5ms)
Command failed with ENOENT: dvc --version
spawn dvc ENOENT
[version: 1.2.29, 2025-11-28T07:33:28.891Z, pid: 8338] > /home/peaches/anaconda3/bin/python -m dvc --version - INITIALIZED
[version: 1.2.29, 2025-11-28T07:33:28.900Z, pid: 8338] > /home/peaches/anaconda3/bin/python -m dvc --version - FAILED with code 1 (13ms)
/home/peaches/anaconda3/bin/python: No module named dvc

[version: 1.2.29, 2025-11-28T07:33:28.905Z, pid: 0] > dvc --version - INITIALIZED
[version: 1.2.29, 2025-11-28T07:33:28.906Z, pid: 0] > dvc --version - FAILED (5ms)
Command failed with ENOENT: dvc --version
spawn dvc ENOENT
[version: 1.2.29, 2025-11-28T07:33:33.911Z, pid: 8340] > /home/peaches/anaconda3/bin/python -m dvc --version - INITIALIZED
[version: 1.2.29, 2025-11-28T07:33:33.921Z, pid: 8340] > /home/peaches/anaconda3/bin/python -m dvc --version - FAILED with code 1 (15ms)
/home/peaches/anaconda3/bin/python: No module named dvc

[version: 1.2.29, 2025-11-28T07:33:33.925Z, pid: 0] > dvc --version - INITIALIZED
[version: 1.2.29, 2025-11-28T07:33:33.926Z, pid: 0] > dvc --version - FAILED (5ms)
Command failed with ENOENT: dvc --version
spawn dvc ENOENT
[version: 1.2.29, 2025-11-28T07:33:38.931Z, pid: 8344] > /home/peaches/anaconda3/bin/python -m dvc --version - INITIALIZED
[version: 1.2.29, 2025-11-28T07:33:38.940Z, pid: 8344] > /home/peaches/anaconda3/bin/python -m dvc --version - FAILED with code 1 (13ms)
/home/peaches/anaconda3/bin/python: No module named dvc

[version: 1.2.29, 2025-11-28T07:33:38.944Z, pid: 0] > dvc --version - INITIALIZED
[version: 1.2.29, 2025-11-28T07:33:38.945Z, pid: 0] > dvc --version - FAILED (4ms)
Command failed with ENOENT: dvc --version
spawn dvc ENOENT
[version: 1.2.29, 2025-11-28T07:33:43.951Z, pid: 8346] > /home/peaches/anaconda3/bin/python -m dvc --version - INITIALIZED
[version: 1.2.29, 2025-11-28T07:33:43.960Z, pid: 8346] > /home/peaches/anaconda3/bin/python -m dvc --version - FAILED with code 1 (14ms)
/home/peaches/anaconda3/bin/python: No module named dvc

[version: 1.2.29, 2025-11-28T07:33:43.965Z, pid: 0] > dvc --version - INITIALIZED
[version: 1.2.29, 2025-11-28T07:33:43.966Z, pid: 0] > dvc --version - FAILED (6ms)
Command failed with ENOENT: dvc --version
spawn dvc ENOENT
[version: 1.2.29, 2025-11-28T07:33:48.971Z, pid: 8348] > /home/peaches/anaconda3/bin/python -m dvc --version - INITIALIZED
[version: 1.2.29, 2025-11-28T07:33:48.980Z, pid: 8348] > /home/peaches/anaconda3/bin/python -m dvc --version - FAILED with code 1 (14ms)
/home/peaches/anaconda3/bin/python: No module named dvc

[version: 1.2.29, 2025-11-28T07:33:48.984Z, pid: 0] > dvc --version - INITIALIZED
[version: 1.2.29, 2025-11-28T07:33:48.985Z, pid: 0] > dvc --version - FAILED (4ms)
Command failed with ENOENT: dvc --version
spawn dvc ENOENT
[version: 1.2.29, 2025-11-28T07:33:53.989Z, pid: 8350] > /home/peaches/anaconda3/bin/python -m dvc --version - INITIALIZED
[version: 1.2.29, 2025-11-28T07:33:53.998Z, pid: 8350] > /home/peaches/anaconda3/bin/python -m dvc --version - FAILED with code 1 (13ms)
/home/peaches/anaconda3/bin/python: No module named dvc

[version: 1.2.29, 2025-11-28T07:33:54.003Z, pid: 0] > dvc --version - INITIALIZED
[version: 1.2.29, 2025-11-28T07:33:54.003Z, pid: 0] > dvc --version - FAILED (5ms)
Command failed with ENOENT: dvc --version
spawn dvc ENOENT
[version: 1.2.29, 2025-11-28T07:33:59.008Z, pid: 8355] > /home/peaches/anaconda3/bin/python -m dvc --version - INITIALIZED
[version: 1.2.29, 2025-11-28T07:33:59.017Z, pid: 8355] > /home/peaches/anaconda3/bin/python -m dvc --version - FAILED with code 1 (14ms)
/home/peaches/anaconda3/bin/python: No module named dvc

[version: 1.2.29, 2025-11-28T07:33:59.022Z, pid: 0] > dvc --version - INITIALIZED
[version: 1.2.29, 2025-11-28T07:33:59.022Z, pid: 0] > dvc --version - FAILED (4ms)
Command failed with ENOENT: dvc --version
spawn dvc ENOENT
[version: 1.2.29, 2025-11-28T07:34:04.028Z, pid: 8357] > /home/peaches/anaconda3/bin/python -m dvc --version - INITIALIZED
[version: 1.2.29, 2025-11-28T07:34:04.037Z, pid: 8357] > /home/peaches/anaconda3/bin/python -m dvc --version - FAILED with code 1 (14ms)
/home/peaches/anaconda3/bin/python: No module named dvc

[version: 1.2.29, 2025-11-28T07:34:04.041Z, pid: 0] > dvc --version - INITIALIZED
[version: 1.2.29, 2025-11-28T07:34:04.042Z, pid: 0] > dvc --version - FAILED (5ms)
Command failed with ENOENT: dvc --version
spawn dvc ENOENT
[version: 1.2.29, 2025-11-28T07:34:09.048Z, pid: 8359] > /home/peaches/anaconda3/bin/python -m dvc --version - INITIALIZED
[version: 1.2.29, 2025-11-28T07:34:09.057Z, pid: 8359] > /home/peaches/anaconda3/bin/python -m dvc --version - FAILED with code 1 (14ms)
/home/peaches/anaconda3/bin/python: No module named dvc

[version: 1.2.29, 2025-11-28T07:34:09.061Z, pid: 0] > dvc --version - INITIALIZED
[version: 1.2.29, 2025-11-28T07:34:09.062Z, pid: 0] > dvc --version - FAILED (5ms)
Command failed with ENOENT: dvc --version
spawn dvc ENOENT
[version: 1.2.29, 2025-11-28T07:34:14.069Z, pid: 8361] > /home/peaches/anaconda3/bin/python -m dvc --version - INITIALIZED
[version: 1.2.29, 2025-11-28T07:34:14.078Z, pid: 8361] > /home/peaches/anaconda3/bin/python -m dvc --version - FAILED with code 1 (16ms)
/home/peaches/anaconda3/bin/python: No module named dvc

[version: 1.2.29, 2025-11-28T07:34:14.083Z, pid: 0] > dvc --version - INITIALIZED
[version: 1.2.29, 2025-11-28T07:34:14.083Z, pid: 0] > dvc --version - FAILED (4ms)
Command failed with ENOENT: dvc --version
spawn dvc ENOENT
[version: 1.2.29, 2025-11-28T07:34:19.090Z, pid: 8363] > /home/peaches/anaconda3/bin/python -m dvc --version - INITIALIZED
[version: 1.2.29, 2025-11-28T07:34:19.099Z, pid: 8363] > /home/peaches/anaconda3/bin/python -m dvc --version - FAILED with code 1 (15ms)
/home/peaches/anaconda3/bin/python: No module named dvc

[version: 1.2.29, 2025-11-28T07:34:19.103Z, pid: 0] > dvc --version - INITIALIZED
[version: 1.2.29, 2025-11-28T07:34:19.104Z, pid: 0] > dvc --version - FAILED (5ms)
Command failed with ENOENT: dvc --version
spawn dvc ENOENT
[version: 1.2.29, 2025-11-28T07:34:24.110Z, pid: 8365] > /home/peaches/anaconda3/bin/python -m dvc --version - INITIALIZED
[version: 1.2.29, 2025-11-28T07:34:24.119Z, pid: 8365] > /home/peaches/anaconda3/bin/python -m dvc --version - FAILED with code 1 (15ms)
/home/peaches/anaconda3/bin/python: No module named dvc

[version: 1.2.29, 2025-11-28T07:34:24.123Z, pid: 0] > dvc --version - INITIALIZED
[version: 1.2.29, 2025-11-28T07:34:24.124Z, pid: 0] > dvc --version - FAILED (5ms)
Command failed with ENOENT: dvc --version
spawn dvc ENOENT
[version: 1.2.29, 2025-11-28T07:34:29.128Z, pid: 8367] > /home/peaches/anaconda3/bin/python -m dvc --version - INITIALIZED
[version: 1.2.29, 2025-11-28T07:34:29.137Z, pid: 8367] > /home/peaches/anaconda3/bin/python -m dvc --version - FAILED with code 1 (14ms)
/home/peaches/anaconda3/bin/python: No module named dvc

[version: 1.2.29, 2025-11-28T07:34:29.142Z, pid: 0] > dvc --version - INITIALIZED
[version: 1.2.29, 2025-11-28T07:34:29.143Z, pid: 0] > dvc --version - FAILED (5ms)
Command failed with ENOENT: dvc --version
spawn dvc ENOENT
[version: 1.2.29, 2025-11-28T07:34:34.148Z, pid: 8369] > /home/peaches/anaconda3/bin/python -m dvc --version - INITIALIZED
[version: 1.2.29, 2025-11-28T07:34:34.157Z, pid: 8369] > /home/peaches/anaconda3/bin/python -m dvc --version - FAILED with code 1 (14ms)
/home/peaches/anaconda3/bin/python: No module named dvc

[version: 1.2.29, 2025-11-28T07:34:34.162Z, pid: 0] > dvc --version - INITIALIZED
[version: 1.2.29, 2025-11-28T07:34:34.162Z, pid: 0] > dvc --version - FAILED (5ms)
Command failed with ENOENT: dvc --version
spawn dvc ENOENT
[version: 1.2.29, 2025-11-28T07:34:39.167Z, pid: 8371] > /home/peaches/anaconda3/bin/python -m dvc --version - INITIALIZED
[version: 1.2.29, 2025-11-28T07:34:39.176Z, pid: 8371] > /home/peaches/anaconda3/bin/python -m dvc --version - FAILED with code 1 (14ms)
/home/peaches/anaconda3/bin/python: No module named dvc

[version: 1.2.29, 2025-11-28T07:34:39.180Z, pid: 0] > dvc --version - INITIALIZED
[version: 1.2.29, 2025-11-28T07:34:39.181Z, pid: 0] > dvc --version - FAILED (4ms)
Command failed with ENOENT: dvc --version
spawn dvc ENOENT
[version: 1.2.29, 2025-11-28T07:34:44.187Z, pid: 8373] > /home/peaches/anaconda3/bin/python -m dvc --version - INITIALIZED
[version: 1.2.29, 2025-11-28T07:34:44.197Z, pid: 8373] > /home/peaches/anaconda3/bin/python -m dvc --version - FAILED with code 1 (15ms)
/home/peaches/anaconda3/bin/python: No module named dvc

[version: 1.2.29, 2025-11-28T07:34:44.202Z, pid: 0] > dvc --version - INITIALIZED
[version: 1.2.29, 2025-11-28T07:34:44.202Z, pid: 0] > dvc --version - FAILED (5ms)
Command failed with ENOENT: dvc --version
spawn dvc ENOENT
[version: 1.2.29, 2025-11-28T07:34:49.208Z, pid: 8375] > /home/peaches/anaconda3/bin/python -m dvc --version - INITIALIZED
[version: 1.2.29, 2025-11-28T07:34:49.217Z, pid: 8375] > /home/peaches/anaconda3/bin/python -m dvc --version - FAILED with code 1 (14ms)
/home/peaches/anaconda3/bin/python: No module named dvc

[version: 1.2.29, 2025-11-28T07:34:49.221Z, pid: 0] > dvc --version - INITIALIZED
[version: 1.2.29, 2025-11-28T07:34:49.222Z, pid: 0] > dvc --version - FAILED (4ms)
Command failed with ENOENT: dvc --version
spawn dvc ENOENT
[version: 1.2.29, 2025-11-28T07:34:54.227Z, pid: 8377] > /home/peaches/anaconda3/bin/python -m dvc --version - INITIALIZED
[version: 1.2.29, 2025-11-28T07:34:54.236Z, pid: 8377] > /home/peaches/anaconda3/bin/python -m dvc --version - FAILED with code 1 (14ms)
/home/peaches/anaconda3/bin/python: No module named dvc

[version: 1.2.29, 2025-11-28T07:34:54.240Z, pid: 0] > dvc --version - INITIALIZED
[version: 1.2.29, 2025-11-28T07:34:54.241Z, pid: 0] > dvc --version - FAILED (5ms)
Command failed with ENOENT: dvc --version
spawn dvc ENOENT
[version: 1.2.29, 2025-11-28T07:34:59.248Z, pid: 8381] > /home/peaches/anaconda3/bin/python -m dvc --version - INITIALIZED
[version: 1.2.29, 2025-11-28T07:34:59.257Z, pid: 8381] > /home/peaches/anaconda3/bin/python -m dvc --version - FAILED with code 1 (15ms)
/home/peaches/anaconda3/bin/python: No module named dvc

[version: 1.2.29, 2025-11-28T07:34:59.261Z, pid: 0] > dvc --version - INITIALIZED
[version: 1.2.29, 2025-11-28T07:34:59.262Z, pid: 0] > dvc --version - FAILED (5ms)
Command failed with ENOENT: dvc --version
spawn dvc ENOENT
[version: 1.2.29, 2025-11-28T07:35:04.270Z, pid: 8383] > /home/peaches/anaconda3/bin/python -m dvc --version - INITIALIZED
[version: 1.2.29, 2025-11-28T07:35:04.279Z, pid: 8383] > /home/peaches/anaconda3/bin/python -m dvc --version - FAILED with code 1 (16ms)
/home/peaches/anaconda3/bin/python: No module named dvc

[version: 1.2.29, 2025-11-28T07:35:04.283Z, pid: 0] > dvc --version - INITIALIZED
[version: 1.2.29, 2025-11-28T07:35:04.284Z, pid: 0] > dvc --version - FAILED (5ms)
Command failed with ENOENT: dvc --version
spawn dvc ENOENT
[version: 1.2.29, 2025-11-28T07:35:09.291Z, pid: 8385] > /home/peaches/anaconda3/bin/python -m dvc --version - INITIALIZED
[version: 1.2.29, 2025-11-28T07:35:09.300Z, pid: 8385] > /home/peaches/anaconda3/bin/python -m dvc --version - FAILED with code 1 (15ms)
/home/peaches/anaconda3/bin/python: No module named dvc

[version: 1.2.29, 2025-11-28T07:35:09.304Z, pid: 0] > dvc --version - INITIALIZED
[version: 1.2.29, 2025-11-28T07:35:09.304Z, pid: 0] > dvc --version - FAILED (4ms)
Command failed with ENOENT: dvc --version
spawn dvc ENOENT
[version: 1.2.29, 2025-11-28T07:35:14.312Z, pid: 8387] > /home/peaches/anaconda3/bin/python -m dvc --version - INITIALIZED
[version: 1.2.29, 2025-11-28T07:35:14.321Z, pid: 8387] > /home/peaches/anaconda3/bin/python -m dvc --version - FAILED with code 1 (16ms)
/home/peaches/anaconda3/bin/python: No module named dvc

[version: 1.2.29, 2025-11-28T07:35:14.325Z, pid: 0] > dvc --version - INITIALIZED
[version: 1.2.29, 2025-11-28T07:35:14.326Z, pid: 0] > dvc --version - FAILED (5ms)
Command failed with ENOENT: dvc --version
spawn dvc ENOENT
[version: 1.2.29, 2025-11-28T07:35:19.333Z, pid: 8389] > /home/peaches/anaconda3/bin/python -m dvc --version - INITIALIZED
[version: 1.2.29, 2025-11-28T07:35:19.343Z, pid: 8389] > /home/peaches/anaconda3/bin/python -m dvc --version - FAILED with code 1 (17ms)
/home/peaches/anaconda3/bin/python: No module named dvc

[version: 1.2.29, 2025-11-28T07:35:19.347Z, pid: 0] > dvc --version - INITIALIZED
[version: 1.2.29, 2025-11-28T07:35:19.348Z, pid: 0] > dvc --version - FAILED (5ms)
Command failed with ENOENT: dvc --version
spawn dvc ENOENT
[version: 1.2.29, 2025-11-28T07:35:24.353Z, pid: 8391] > /home/peaches/anaconda3/bin/python -m dvc --version - INITIALIZED
[version: 1.2.29, 2025-11-28T07:35:24.362Z, pid: 8391] > /home/peaches/anaconda3/bin/python -m dvc --version - FAILED with code 1 (15ms)
/home/peaches/anaconda3/bin/python: No module named dvc

[version: 1.2.29, 2025-11-28T07:35:24.366Z, pid: 0] > dvc --version - INITIALIZED
[version: 1.2.29, 2025-11-28T07:35:24.367Z, pid: 0] > dvc --version - FAILED (4ms)
Command failed with ENOENT: dvc --version
spawn dvc ENOENT
[version: 1.2.29, 2025-11-28T07:35:29.373Z, pid: 8393] > /home/peaches/anaconda3/bin/python -m dvc --version - INITIALIZED
[version: 1.2.29, 2025-11-28T07:35:29.382Z, pid: 8393] > /home/peaches/anaconda3/bin/python -m dvc --version - FAILED with code 1 (14ms)
/home/peaches/anaconda3/bin/python: No module named dvc

[version: 1.2.29, 2025-11-28T07:35:29.386Z, pid: 0] > dvc --version - INITIALIZED
[version: 1.2.29, 2025-11-28T07:35:29.386Z, pid: 0] > dvc --version - FAILED (4ms)
Command failed with ENOENT: dvc --version
spawn dvc ENOENT
[version: 1.2.29, 2025-11-28T07:35:34.393Z, pid: 8395] > /home/peaches/anaconda3/bin/python -m dvc --version - INITIALIZED
[version: 1.2.29, 2025-11-28T07:35:34.402Z, pid: 8395] > /home/peaches/anaconda3/bin/python -m dvc --version - FAILED with code 1 (15ms)
/home/peaches/anaconda3/bin/python: No module named dvc

[version: 1.2.29, 2025-11-28T07:35:34.406Z, pid: 0] > dvc --version - INITIALIZED
[version: 1.2.29, 2025-11-28T07:35:34.407Z, pid: 0] > dvc --version - FAILED (5ms)
Command failed with ENOENT: dvc --version
spawn dvc ENOENT
[version: 1.2.29, 2025-11-28T07:35:39.411Z, pid: 8397] > /home/peaches/anaconda3/bin/python -m dvc --version - INITIALIZED
[version: 1.2.29, 2025-11-28T07:35:39.420Z, pid: 8397] > /home/peaches/anaconda3/bin/python -m dvc --version - FAILED with code 1 (13ms)
/home/peaches/anaconda3/bin/python: No module named dvc

[version: 1.2.29, 2025-11-28T07:35:39.425Z, pid: 0] > dvc --version - INITIALIZED
[version: 1.2.29, 2025-11-28T07:35:39.425Z, pid: 0] > dvc --version - FAILED (4ms)
Command failed with ENOENT: dvc --version
spawn dvc ENOENT
[version: 1.2.29, 2025-11-28T07:35:44.431Z, pid: 8399] > /home/peaches/anaconda3/bin/python -m dvc --version - INITIALIZED
[version: 1.2.29, 2025-11-28T07:35:44.441Z, pid: 8399] > /home/peaches/anaconda3/bin/python -m dvc --version - FAILED with code 1 (15ms)
/home/peaches/anaconda3/bin/python: No module named dvc

[version: 1.2.29, 2025-11-28T07:35:44.445Z, pid: 0] > dvc --version - INITIALIZED
[version: 1.2.29, 2025-11-28T07:35:44.446Z, pid: 0] > dvc --version - FAILED (5ms)
Command failed with ENOENT: dvc --version
spawn dvc ENOENT
[version: 1.2.29, 2025-11-28T07:35:49.451Z, pid: 8401] > /home/peaches/anaconda3/bin/python -m dvc --version - INITIALIZED
[version: 1.2.29, 2025-11-28T07:35:49.460Z, pid: 8401] > /home/peaches/anaconda3/bin/python -m dvc --version - FAILED with code 1 (15ms)
/home/peaches/anaconda3/bin/python: No module named dvc

[version: 1.2.29, 2025-11-28T07:35:49.465Z, pid: 0] > dvc --version - INITIALIZED
[version: 1.2.29, 2025-11-28T07:35:49.466Z, pid: 0] > dvc --version - FAILED (5ms)
Command failed with ENOENT: dvc --version
spawn dvc ENOENT
[version: 1.2.29, 2025-11-28T07:35:54.471Z, pid: 8403] > /home/peaches/anaconda3/bin/python -m dvc --version - INITIALIZED
[version: 1.2.29, 2025-11-28T07:35:54.480Z, pid: 8403] > /home/peaches/anaconda3/bin/python -m dvc --version - FAILED with code 1 (14ms)
/home/peaches/anaconda3/bin/python: No module named dvc

[version: 1.2.29, 2025-11-28T07:35:54.485Z, pid: 0] > dvc --version - INITIALIZED
[version: 1.2.29, 2025-11-28T07:35:54.486Z, pid: 0] > dvc --version - FAILED (6ms)
Command failed with ENOENT: dvc --version
spawn dvc ENOENT
[version: 1.2.29, 2025-11-28T07:35:59.490Z, pid: 8408] > /home/peaches/anaconda3/bin/python -m dvc --version - INITIALIZED
[version: 1.2.29, 2025-11-28T07:35:59.500Z, pid: 8408] > /home/peaches/anaconda3/bin/python -m dvc --version - FAILED with code 1 (14ms)
/home/peaches/anaconda3/bin/python: No module named dvc

[version: 1.2.29, 2025-11-28T07:35:59.504Z, pid: 0] > dvc --version - INITIALIZED
[version: 1.2.29, 2025-11-28T07:35:59.505Z, pid: 0] > dvc --version - FAILED (5ms)
Command failed with ENOENT: dvc --version
spawn dvc ENOENT
[version: 1.2.29, 2025-11-28T07:36:04.511Z, pid: 8410] > /home/peaches/anaconda3/bin/python -m dvc --version - INITIALIZED
[version: 1.2.29, 2025-11-28T07:36:04.520Z, pid: 8410] > /home/peaches/anaconda3/bin/python -m dvc --version - FAILED with code 1 (14ms)
/home/peaches/anaconda3/bin/python: No module named dvc

[version: 1.2.29, 2025-11-28T07:36:04.524Z, pid: 0] > dvc --version - INITIALIZED
[version: 1.2.29, 2025-11-28T07:36:04.525Z, pid: 0] > dvc --version - FAILED (5ms)
Command failed with ENOENT: dvc --version
spawn dvc ENOENT
[version: 1.2.29, 2025-11-28T07:36:09.532Z, pid: 8412] > /home/peaches/anaconda3/bin/python -m dvc --version - INITIALIZED
[version: 1.2.29, 2025-11-28T07:36:09.541Z, pid: 8412] > /home/peaches/anaconda3/bin/python -m dvc --version - FAILED with code 1 (15ms)
/home/peaches/anaconda3/bin/python: No module named dvc

[version: 1.2.29, 2025-11-28T07:36:09.546Z, pid: 0] > dvc --version - INITIALIZED
[version: 1.2.29, 2025-11-28T07:36:09.547Z, pid: 0] > dvc --version - FAILED (6ms)
Command failed with ENOENT: dvc --version
spawn dvc ENOENT
[version: 1.2.29, 2025-11-28T07:36:14.553Z, pid: 8414] > /home/peaches/anaconda3/bin/python -m dvc --version - INITIALIZED
[version: 1.2.29, 2025-11-28T07:36:14.562Z, pid: 8414] > /home/peaches/anaconda3/bin/python -m dvc --version - FAILED with code 1 (15ms)
/home/peaches/anaconda3/bin/python: No module named dvc

[version: 1.2.29, 2025-11-28T07:36:14.566Z, pid: 0] > dvc --version - INITIALIZED
[version: 1.2.29, 2025-11-28T07:36:14.567Z, pid: 0] > dvc --version - FAILED (5ms)
Command failed with ENOENT: dvc --version
spawn dvc ENOENT
[version: 1.2.29, 2025-11-28T07:36:19.572Z, pid: 8417] > /home/peaches/anaconda3/bin/python -m dvc --version - INITIALIZED
[version: 1.2.29, 2025-11-28T07:36:19.581Z, pid: 8417] > /home/peaches/anaconda3/bin/python -m dvc --version - FAILED with code 1 (13ms)
/home/peaches/anaconda3/bin/python: No module named dvc

[version: 1.2.29, 2025-11-28T07:36:19.586Z, pid: 0] > dvc --version - INITIALIZED
[version: 1.2.29, 2025-11-28T07:36:19.587Z, pid: 0] > dvc --version - FAILED (4ms)
Command failed with ENOENT: dvc --version
spawn dvc ENOENT
[version: 1.2.29, 2025-11-28T07:36:24.592Z, pid: 8419] > /home/peaches/anaconda3/bin/python -m dvc --version - INITIALIZED
[version: 1.2.29, 2025-11-28T07:36:24.601Z, pid: 8419] > /home/peaches/anaconda3/bin/python -m dvc --version - FAILED with code 1 (14ms)
/home/peaches/anaconda3/bin/python: No module named dvc

[version: 1.2.29, 2025-11-28T07:36:24.605Z, pid: 0] > dvc --version - INITIALIZED
[version: 1.2.29, 2025-11-28T07:36:24.606Z, pid: 0] > dvc --version - FAILED (5ms)
Command failed with ENOENT: dvc --version
spawn dvc ENOENT
[version: 1.2.29, 2025-11-28T07:36:29.611Z, pid: 8421] > /home/peaches/anaconda3/bin/python -m dvc --version - INITIALIZED
[version: 1.2.29, 2025-11-28T07:36:29.620Z, pid: 8421] > /home/peaches/anaconda3/bin/python -m dvc --version - FAILED with code 1 (13ms)
/home/peaches/anaconda3/bin/python: No module named dvc

[version: 1.2.29, 2025-11-28T07:36:29.625Z, pid: 0] > dvc --version - INITIALIZED
[version: 1.2.29, 2025-11-28T07:36:29.626Z, pid: 0] > dvc --version - FAILED (5ms)
Command failed with ENOENT: dvc --version
spawn dvc ENOENT
[version: 1.2.29, 2025-11-28T07:36:34.632Z, pid: 8423] > /home/peaches/anaconda3/bin/python -m dvc --version - INITIALIZED
[version: 1.2.29, 2025-11-28T07:36:34.641Z, pid: 8423] > /home/peaches/anaconda3/bin/python -m dvc --version - FAILED with code 1 (14ms)
/home/peaches/anaconda3/bin/python: No module named dvc

[version: 1.2.29, 2025-11-28T07:36:34.646Z, pid: 0] > dvc --version - INITIALIZED
[version: 1.2.29, 2025-11-28T07:36:34.646Z, pid: 0] > dvc --version - FAILED (4ms)
Command failed with ENOENT: dvc --version
spawn dvc ENOENT
[version: 1.2.29, 2025-11-28T07:36:39.652Z, pid: 8425] > /home/peaches/anaconda3/bin/python -m dvc --version - INITIALIZED
[version: 1.2.29, 2025-11-28T07:36:39.661Z, pid: 8425] > /home/peaches/anaconda3/bin/python -m dvc --version - FAILED with code 1 (14ms)
/home/peaches/anaconda3/bin/python: No module named dvc

[version: 1.2.29, 2025-11-28T07:36:39.666Z, pid: 0] > dvc --version - INITIALIZED
[version: 1.2.29, 2025-11-28T07:36:39.667Z, pid: 0] > dvc --version - FAILED (5ms)
Command failed with ENOENT: dvc --version
spawn dvc ENOENT
[version: 1.2.29, 2025-11-28T07:36:44.672Z, pid: 8427] > /home/peaches/anaconda3/bin/python -m dvc --version - INITIALIZED
[version: 1.2.29, 2025-11-28T07:36:44.681Z, pid: 8427] > /home/peaches/anaconda3/bin/python -m dvc --version - FAILED with code 1 (14ms)
/home/peaches/anaconda3/bin/python: No module named dvc

[version: 1.2.29, 2025-11-28T07:36:44.685Z, pid: 0] > dvc --version - INITIALIZED
[version: 1.2.29, 2025-11-28T07:36:44.686Z, pid: 0] > dvc --version - FAILED (5ms)
Command failed with ENOENT: dvc --version
spawn dvc ENOENT
[version: 1.2.29, 2025-11-28T07:36:49.691Z, pid: 8430] > /home/peaches/anaconda3/bin/python -m dvc --version - INITIALIZED
[version: 1.2.29, 2025-11-28T07:36:49.700Z, pid: 8430] > /home/peaches/anaconda3/bin/python -m dvc --version - FAILED with code 1 (14ms)
/home/peaches/anaconda3/bin/python: No module named dvc

[version: 1.2.29, 2025-11-28T07:36:49.704Z, pid: 0] > dvc --version - INITIALIZED
[version: 1.2.29, 2025-11-28T07:36:49.705Z, pid: 0] > dvc --version - FAILED (4ms)
Command failed with ENOENT: dvc --version
spawn dvc ENOENT
[version: 1.2.29, 2025-11-28T07:36:54.710Z, pid: 8432] > /home/peaches/anaconda3/bin/python -m dvc --version - INITIALIZED
[version: 1.2.29, 2025-11-28T07:36:54.719Z, pid: 8432] > /home/peaches/anaconda3/bin/python -m dvc --version - FAILED with code 1 (15ms)
/home/peaches/anaconda3/bin/python: No module named dvc

[version: 1.2.29, 2025-11-28T07:36:54.723Z, pid: 0] > dvc --version - INITIALIZED
[version: 1.2.29, 2025-11-28T07:36:54.724Z, pid: 0] > dvc --version - FAILED (5ms)
Command failed with ENOENT: dvc --version
spawn dvc ENOENT
[version: 1.2.29, 2025-11-28T07:36:59.730Z, pid: 8436] > /home/peaches/anaconda3/bin/python -m dvc --version - INITIALIZED
[version: 1.2.29, 2025-11-28T07:36:59.740Z, pid: 8436] > /home/peaches/anaconda3/bin/python -m dvc --version - FAILED with code 1 (16ms)
/home/peaches/anaconda3/bin/python: No module named dvc

[version: 1.2.29, 2025-11-28T07:36:59.744Z, pid: 0] > dvc --version - INITIALIZED
[version: 1.2.29, 2025-11-28T07:36:59.745Z, pid: 0] > dvc --version - FAILED (5ms)
Command failed with ENOENT: dvc --version
spawn dvc ENOENT
[version: 1.2.29, 2025-11-28T07:37:04.752Z, pid: 8438] > /home/peaches/anaconda3/bin/python -m dvc --version - INITIALIZED
[version: 1.2.29, 2025-11-28T07:37:04.761Z, pid: 8438] > /home/peaches/anaconda3/bin/python -m dvc --version - FAILED with code 1 (16ms)
/home/peaches/anaconda3/bin/python: No module named dvc

[version: 1.2.29, 2025-11-28T07:37:04.765Z, pid: 0] > dvc --version - INITIALIZED
[version: 1.2.29, 2025-11-28T07:37:04.766Z, pid: 0] > dvc --version - FAILED (5ms)
Command failed with ENOENT: dvc --version
spawn dvc ENOENT
[version: 1.2.29, 2025-11-28T07:37:09.770Z, pid: 8440] > /home/peaches/anaconda3/bin/python -m dvc --version - INITIALIZED
[version: 1.2.29, 2025-11-28T07:37:09.780Z, pid: 8440] > /home/peaches/anaconda3/bin/python -m dvc --version - FAILED with code 1 (14ms)
/home/peaches/anaconda3/bin/python: No module named dvc

[version: 1.2.29, 2025-11-28T07:37:09.784Z, pid: 0] > dvc --version - INITIALIZED
[version: 1.2.29, 2025-11-28T07:37:09.785Z, pid: 0] > dvc --version - FAILED (5ms)
Command failed with ENOENT: dvc --version
spawn dvc ENOENT
[version: 1.2.29, 2025-11-28T07:37:14.791Z, pid: 8442] > /home/peaches/anaconda3/bin/python -m dvc --version - INITIALIZED
[version: 1.2.29, 2025-11-28T07:37:14.800Z, pid: 8442] > /home/peaches/anaconda3/bin/python -m dvc --version - FAILED with code 1 (14ms)
/home/peaches/anaconda3/bin/python: No module named dvc

[version: 1.2.29, 2025-11-28T07:37:14.804Z, pid: 0] > dvc --version - INITIALIZED
[version: 1.2.29, 2025-11-28T07:37:14.805Z, pid: 0] > dvc --version - FAILED (5ms)
Command failed with ENOENT: dvc --version
spawn dvc ENOENT
[version: 1.2.29, 2025-11-28T07:37:19.810Z, pid: 8444] > /home/peaches/anaconda3/bin/python -m dvc --version - INITIALIZED
[version: 1.2.29, 2025-11-28T07:37:19.819Z, pid: 8444] > /home/peaches/anaconda3/bin/python -m dvc --version - FAILED with code 1 (14ms)
/home/peaches/anaconda3/bin/python: No module named dvc

[version: 1.2.29, 2025-11-28T07:37:19.824Z, pid: 0] > dvc --version - INITIALIZED
[version: 1.2.29, 2025-11-28T07:37:19.825Z, pid: 0] > dvc --version - FAILED (4ms)
Command failed with ENOENT: dvc --version
spawn dvc ENOENT
[version: 1.2.29, 2025-11-28T07:37:24.830Z, pid: 8446] > /home/peaches/anaconda3/bin/python -m dvc --version - INITIALIZED
[version: 1.2.29, 2025-11-28T07:37:24.839Z, pid: 8446] > /home/peaches/anaconda3/bin/python -m dvc --version - FAILED with code 1 (14ms)
/home/peaches/anaconda3/bin/python: No module named dvc

[version: 1.2.29, 2025-11-28T07:37:24.844Z, pid: 0] > dvc --version - INITIALIZED
[version: 1.2.29, 2025-11-28T07:37:24.844Z, pid: 0] > dvc --version - FAILED (4ms)
Command failed with ENOENT: dvc --version
spawn dvc ENOENT
[version: 1.2.29, 2025-11-28T07:37:29.850Z, pid: 8450] > /home/peaches/anaconda3/bin/python -m dvc --version - INITIALIZED
[version: 1.2.29, 2025-11-28T07:37:29.859Z, pid: 8450] > /home/peaches/anaconda3/bin/python -m dvc --version - FAILED with code 1 (14ms)
/home/peaches/anaconda3/bin/python: No module named dvc

[version: 1.2.29, 2025-11-28T07:37:29.863Z, pid: 0] > dvc --version - INITIALIZED
[version: 1.2.29, 2025-11-28T07:37:29.864Z, pid: 0] > dvc --version - FAILED (5ms)
Command failed with ENOENT: dvc --version
spawn dvc ENOENT
[version: 1.2.29, 2025-11-28T07:37:34.870Z, pid: 8452] > /home/peaches/anaconda3/bin/python -m dvc --version - INITIALIZED
[version: 1.2.29, 2025-11-28T07:37:34.879Z, pid: 8452] > /home/peaches/anaconda3/bin/python -m dvc --version - FAILED with code 1 (15ms)
/home/peaches/anaconda3/bin/python: No module named dvc

[version: 1.2.29, 2025-11-28T07:37:34.883Z, pid: 0] > dvc --version - INITIALIZED
[version: 1.2.29, 2025-11-28T07:37:34.884Z, pid: 0] > dvc --version - FAILED (5ms)
Command failed with ENOENT: dvc --version
spawn dvc ENOENT
[version: 1.2.29, 2025-11-28T07:37:39.891Z, pid: 8454] > /home/peaches/anaconda3/bin/python -m dvc --version - INITIALIZED
[version: 1.2.29, 2025-11-28T07:37:39.900Z, pid: 8454] > /home/peaches/anaconda3/bin/python -m dvc --version - FAILED with code 1 (15ms)
/home/peaches/anaconda3/bin/python: No module named dvc

[version: 1.2.29, 2025-11-28T07:37:39.905Z, pid: 0] > dvc --version - INITIALIZED
[version: 1.2.29, 2025-11-28T07:37:39.905Z, pid: 0] > dvc --version - FAILED (5ms)
Command failed with ENOENT: dvc --version
spawn dvc ENOENT
[version: 1.2.29, 2025-11-28T07:37:44.911Z, pid: 8456] > /home/peaches/anaconda3/bin/python -m dvc --version - INITIALIZED
[version: 1.2.29, 2025-11-28T07:37:44.920Z, pid: 8456] > /home/peaches/anaconda3/bin/python -m dvc --version - FAILED with code 1 (14ms)
/home/peaches/anaconda3/bin/python: No module named dvc

[version: 1.2.29, 2025-11-28T07:37:44.924Z, pid: 0] > dvc --version - INITIALIZED
[version: 1.2.29, 2025-11-28T07:37:44.925Z, pid: 0] > dvc --version - FAILED (5ms)
Command failed with ENOENT: dvc --version
spawn dvc ENOENT
[version: 1.2.29, 2025-11-28T07:37:49.938Z, pid: 8458] > /home/peaches/anaconda3/bin/python -m dvc --version - INITIALIZED
[version: 1.2.29, 2025-11-28T07:37:49.948Z, pid: 8458] > /home/peaches/anaconda3/bin/python -m dvc --version - FAILED with code 1 (14ms)
/home/peaches/anaconda3/bin/python: No module named dvc

[version: 1.2.29, 2025-11-28T07:37:49.952Z, pid: 0] > dvc --version - INITIALIZED
[version: 1.2.29, 2025-11-28T07:37:49.953Z, pid: 0] > dvc --version - FAILED (5ms)
Command failed with ENOENT: dvc --version
spawn dvc ENOENT
[version: 1.2.29, 2025-11-28T07:37:54.960Z, pid: 8462] > /home/peaches/anaconda3/bin/python -m dvc --version - INITIALIZED
[version: 1.2.29, 2025-11-28T07:37:54.969Z, pid: 8462] > /home/peaches/anaconda3/bin/python -m dvc --version - FAILED with code 1 (15ms)
/home/peaches/anaconda3/bin/python: No module named dvc

[version: 1.2.29, 2025-11-28T07:37:54.973Z, pid: 0] > dvc --version - INITIALIZED
[version: 1.2.29, 2025-11-28T07:37:54.974Z, pid: 0] > dvc --version - FAILED (5ms)
Command failed with ENOENT: dvc --version
spawn dvc ENOENT
[version: 1.2.29, 2025-11-28T07:37:59.979Z, pid: 8466] > /home/peaches/anaconda3/bin/python -m dvc --version - INITIALIZED
[version: 1.2.29, 2025-11-28T07:37:59.989Z, pid: 8466] > /home/peaches/anaconda3/bin/python -m dvc --version - FAILED with code 1 (15ms)
/home/peaches/anaconda3/bin/python: No module named dvc

[version: 1.2.29, 2025-11-28T07:37:59.993Z, pid: 0] > dvc --version - INITIALIZED
[version: 1.2.29, 2025-11-28T07:37:59.994Z, pid: 0] > dvc --version - FAILED (5ms)
Command failed with ENOENT: dvc --version
spawn dvc ENOENT
[version: 1.2.29, 2025-11-28T07:38:05.001Z, pid: 8468] > /home/peaches/anaconda3/bin/python -m dvc --version - INITIALIZED
[version: 1.2.29, 2025-11-28T07:38:05.011Z, pid: 8468] > /home/peaches/anaconda3/bin/python -m dvc --version - FAILED with code 1 (16ms)
/home/peaches/anaconda3/bin/python: No module named dvc

[version: 1.2.29, 2025-11-28T07:38:05.015Z, pid: 0] > dvc --version - INITIALIZED
[version: 1.2.29, 2025-11-28T07:38:05.016Z, pid: 0] > dvc --version - FAILED (5ms)
Command failed with ENOENT: dvc --version
spawn dvc ENOENT
[version: 1.2.29, 2025-11-28T07:38:10.020Z, pid: 8470] > /home/peaches/anaconda3/bin/python -m dvc --version - INITIALIZED
[version: 1.2.29, 2025-11-28T07:38:10.029Z, pid: 8470] > /home/peaches/anaconda3/bin/python -m dvc --version - FAILED with code 1 (13ms)
/home/peaches/anaconda3/bin/python: No module named dvc

[version: 1.2.29, 2025-11-28T07:38:10.034Z, pid: 0] > dvc --version - INITIALIZED
[version: 1.2.29, 2025-11-28T07:38:10.034Z, pid: 0] > dvc --version - FAILED (4ms)
Command failed with ENOENT: dvc --version
spawn dvc ENOENT
[version: 1.2.29, 2025-11-28T07:38:15.040Z, pid: 8472] > /home/peaches/anaconda3/bin/python -m dvc --version - INITIALIZED
[version: 1.2.29, 2025-11-28T07:38:15.049Z, pid: 8472] > /home/peaches/anaconda3/bin/python -m dvc --version - FAILED with code 1 (14ms)
/home/peaches/anaconda3/bin/python: No module named dvc

[version: 1.2.29, 2025-11-28T07:38:15.053Z, pid: 0] > dvc --version - INITIALIZED
[version: 1.2.29, 2025-11-28T07:38:15.054Z, pid: 0] > dvc --version - FAILED (5ms)
Command failed with ENOENT: dvc --version
spawn dvc ENOENT
[version: 1.2.29, 2025-11-28T07:38:20.060Z, pid: 8474] > /home/peaches/anaconda3/bin/python -m dvc --version - INITIALIZED
[version: 1.2.29, 2025-11-28T07:38:20.069Z, pid: 8474] > /home/peaches/anaconda3/bin/python -m dvc --version - FAILED with code 1 (14ms)
/home/peaches/anaconda3/bin/python: No module named dvc

[version: 1.2.29, 2025-11-28T07:38:20.073Z, pid: 0] > dvc --version - INITIALIZED
[version: 1.2.29, 2025-11-28T07:38:20.074Z, pid: 0] > dvc --version - FAILED (5ms)
Command failed with ENOENT: dvc --version
spawn dvc ENOENT
[version: 1.2.29, 2025-11-28T07:38:25.080Z, pid: 8476] > /home/peaches/anaconda3/bin/python -m dvc --version - INITIALIZED
[version: 1.2.29, 2025-11-28T07:38:25.089Z, pid: 8476] > /home/peaches/anaconda3/bin/python -m dvc --version - FAILED with code 1 (14ms)
/home/peaches/anaconda3/bin/python: No module named dvc

[version: 1.2.29, 2025-11-28T07:38:25.094Z, pid: 0] > dvc --version - INITIALIZED
[version: 1.2.29, 2025-11-28T07:38:25.095Z, pid: 0] > dvc --version - FAILED (5ms)
Command failed with ENOENT: dvc --version
spawn dvc ENOENT
[version: 1.2.29, 2025-11-28T07:38:30.099Z, pid: 8478] > /home/peaches/anaconda3/bin/python -m dvc --version - INITIALIZED
[version: 1.2.29, 2025-11-28T07:38:30.108Z, pid: 8478] > /home/peaches/anaconda3/bin/python -m dvc --version - FAILED with code 1 (14ms)
/home/peaches/anaconda3/bin/python: No module named dvc

[version: 1.2.29, 2025-11-28T07:38:30.112Z, pid: 0] > dvc --version - INITIALIZED
[version: 1.2.29, 2025-11-28T07:38:30.112Z, pid: 0] > dvc --version - FAILED (4ms)
Command failed with ENOENT: dvc --version
spawn dvc ENOENT
[version: 1.2.29, 2025-11-28T07:38:35.119Z, pid: 8480] > /home/peaches/anaconda3/bin/python -m dvc --version - INITIALIZED
[version: 1.2.29, 2025-11-28T07:38:35.127Z, pid: 8480] > /home/peaches/anaconda3/bin/python -m dvc --version - FAILED with code 1 (14ms)
/home/peaches/anaconda3/bin/python: No module named dvc

[version: 1.2.29, 2025-11-28T07:38:35.132Z, pid: 0] > dvc --version - INITIALIZED
[version: 1.2.29, 2025-11-28T07:38:35.132Z, pid: 0] > dvc --version - FAILED (4ms)
Command failed with ENOENT: dvc --version
spawn dvc ENOENT
[version: 1.2.29, 2025-11-28T07:38:40.139Z, pid: 8482] > /home/peaches/anaconda3/bin/python -m dvc --version - INITIALIZED
[version: 1.2.29, 2025-11-28T07:38:40.148Z, pid: 8482] > /home/peaches/anaconda3/bin/python -m dvc --version - FAILED with code 1 (15ms)
/home/peaches/anaconda3/bin/python: No module named dvc

[version: 1.2.29, 2025-11-28T07:38:40.153Z, pid: 0] > dvc --version - INITIALIZED
[version: 1.2.29, 2025-11-28T07:38:40.154Z, pid: 0] > dvc --version - FAILED (5ms)
Command failed with ENOENT: dvc --version
spawn dvc ENOENT
[version: 1.2.29, 2025-11-28T07:38:45.161Z, pid: 8485] > /home/peaches/anaconda3/bin/python -m dvc --version - INITIALIZED
[version: 1.2.29, 2025-11-28T07:38:45.169Z, pid: 8485] > /home/peaches/anaconda3/bin/python -m dvc --version - FAILED with code 1 (15ms)
/home/peaches/anaconda3/bin/python: No module named dvc

[version: 1.2.29, 2025-11-28T07:38:45.174Z, pid: 0] > dvc --version - INITIALIZED
[version: 1.2.29, 2025-11-28T07:38:45.174Z, pid: 0] > dvc --version - FAILED (4ms)
Command failed with ENOENT: dvc --version
spawn dvc ENOENT
[version: 1.2.29, 2025-11-28T07:38:50.181Z, pid: 8487] > /home/peaches/anaconda3/bin/python -m dvc --version - INITIALIZED
[version: 1.2.29, 2025-11-28T07:38:50.189Z, pid: 8487] > /home/peaches/anaconda3/bin/python -m dvc --version - FAILED with code 1 (14ms)
/home/peaches/anaconda3/bin/python: No module named dvc

[version: 1.2.29, 2025-11-28T07:38:50.194Z, pid: 0] > dvc --version - INITIALIZED
[version: 1.2.29, 2025-11-28T07:38:50.194Z, pid: 0] > dvc --version - FAILED (4ms)
Command failed with ENOENT: dvc --version
spawn dvc ENOENT
[version: 1.2.29, 2025-11-28T07:38:55.201Z, pid: 8489] > /home/peaches/anaconda3/bin/python -m dvc --version - INITIALIZED
[version: 1.2.29, 2025-11-28T07:38:55.210Z, pid: 8489] > /home/peaches/anaconda3/bin/python -m dvc --version - FAILED with code 1 (15ms)
/home/peaches/anaconda3/bin/python: No module named dvc

[version: 1.2.29, 2025-11-28T07:38:55.215Z, pid: 0] > dvc --version - INITIALIZED
[version: 1.2.29, 2025-11-28T07:38:55.215Z, pid: 0] > dvc --version - FAILED (5ms)
Command failed with ENOENT: dvc --version
spawn dvc ENOENT
[version: 1.2.29, 2025-11-28T07:39:00.220Z, pid: 8493] > /home/peaches/anaconda3/bin/python -m dvc --version - INITIALIZED
[version: 1.2.29, 2025-11-28T07:39:00.230Z, pid: 8493] > /home/peaches/anaconda3/bin/python -m dvc --version - FAILED with code 1 (13ms)
/home/peaches/anaconda3/bin/python: No module named dvc

[version: 1.2.29, 2025-11-28T07:39:00.234Z, pid: 0] > dvc --version - INITIALIZED
[version: 1.2.29, 2025-11-28T07:39:00.235Z, pid: 0] > dvc --version - FAILED (5ms)
Command failed with ENOENT: dvc --version
spawn dvc ENOENT
[version: 1.2.29, 2025-11-28T07:39:05.240Z, pid: 8495] > /home/peaches/anaconda3/bin/python -m dvc --version - INITIALIZED
[version: 1.2.29, 2025-11-28T07:39:05.250Z, pid: 8495] > /home/peaches/anaconda3/bin/python -m dvc --version - FAILED with code 1 (15ms)
/home/peaches/anaconda3/bin/python: No module named dvc

[version: 1.2.29, 2025-11-28T07:39:05.254Z, pid: 0] > dvc --version - INITIALIZED
[version: 1.2.29, 2025-11-28T07:39:05.255Z, pid: 0] > dvc --version - FAILED (5ms)
Command failed with ENOENT: dvc --version
spawn dvc ENOENT
[version: 1.2.29, 2025-11-28T07:39:10.260Z, pid: 8497] > /home/peaches/anaconda3/bin/python -m dvc --version - INITIALIZED
[version: 1.2.29, 2025-11-28T07:39:10.269Z, pid: 8497] > /home/peaches/anaconda3/bin/python -m dvc --version - FAILED with code 1 (14ms)
/home/peaches/anaconda3/bin/python: No module named dvc

[version: 1.2.29, 2025-11-28T07:39:10.274Z, pid: 0] > dvc --version - INITIALIZED
[version: 1.2.29, 2025-11-28T07:39:10.275Z, pid: 0] > dvc --version - FAILED (5ms)
Command failed with ENOENT: dvc --version
spawn dvc ENOENT
[version: 1.2.29, 2025-11-28T07:39:15.280Z, pid: 8499] > /home/peaches/anaconda3/bin/python -m dvc --version - INITIALIZED
[version: 1.2.29, 2025-11-28T07:39:15.289Z, pid: 8499] > /home/peaches/anaconda3/bin/python -m dvc --version - FAILED with code 1 (14ms)
/home/peaches/anaconda3/bin/python: No module named dvc

[version: 1.2.29, 2025-11-28T07:39:15.294Z, pid: 0] > dvc --version - INITIALIZED
[version: 1.2.29, 2025-11-28T07:39:15.294Z, pid: 0] > dvc --version - FAILED (5ms)
Command failed with ENOENT: dvc --version
spawn dvc ENOENT
[version: 1.2.29, 2025-11-28T07:39:20.300Z, pid: 8501] > /home/peaches/anaconda3/bin/python -m dvc --version - INITIALIZED
[version: 1.2.29, 2025-11-28T07:39:20.309Z, pid: 8501] > /home/peaches/anaconda3/bin/python -m dvc --version - FAILED with code 1 (14ms)
/home/peaches/anaconda3/bin/python: No module named dvc

[version: 1.2.29, 2025-11-28T07:39:20.313Z, pid: 0] > dvc --version - INITIALIZED
[version: 1.2.29, 2025-11-28T07:39:20.314Z, pid: 0] > dvc --version - FAILED (5ms)
Command failed with ENOENT: dvc --version
spawn dvc ENOENT
[version: 1.2.29, 2025-11-28T07:39:25.319Z, pid: 8503] > /home/peaches/anaconda3/bin/python -m dvc --version - INITIALIZED
[version: 1.2.29, 2025-11-28T07:39:25.328Z, pid: 8503] > /home/peaches/anaconda3/bin/python -m dvc --version - FAILED with code 1 (14ms)
/home/peaches/anaconda3/bin/python: No module named dvc

[version: 1.2.29, 2025-11-28T07:39:25.333Z, pid: 0] > dvc --version - INITIALIZED
[version: 1.2.29, 2025-11-28T07:39:25.334Z, pid: 0] > dvc --version - FAILED (5ms)
Command failed with ENOENT: dvc --version
spawn dvc ENOENT
[version: 1.2.29, 2025-11-28T07:39:30.341Z, pid: 8505] > /home/peaches/anaconda3/bin/python -m dvc --version - INITIALIZED
[version: 1.2.29, 2025-11-28T07:39:30.349Z, pid: 8505] > /home/peaches/anaconda3/bin/python -m dvc --version - FAILED with code 1 (14ms)
/home/peaches/anaconda3/bin/python: No module named dvc

[version: 1.2.29, 2025-11-28T07:39:30.354Z, pid: 0] > dvc --version - INITIALIZED
[version: 1.2.29, 2025-11-28T07:39:30.354Z, pid: 0] > dvc --version - FAILED (4ms)
Command failed with ENOENT: dvc --version
spawn dvc ENOENT
[version: 1.2.29, 2025-11-28T07:39:35.361Z, pid: 8507] > /home/peaches/anaconda3/bin/python -m dvc --version - INITIALIZED
[version: 1.2.29, 2025-11-28T07:39:35.370Z, pid: 8507] > /home/peaches/anaconda3/bin/python -m dvc --version - FAILED with code 1 (15ms)
/home/peaches/anaconda3/bin/python: No module named dvc

[version: 1.2.29, 2025-11-28T07:39:35.374Z, pid: 0] > dvc --version - INITIALIZED
[version: 1.2.29, 2025-11-28T07:39:35.374Z, pid: 0] > dvc --version - FAILED (4ms)
Command failed with ENOENT: dvc --version
spawn dvc ENOENT
[version: 1.2.29, 2025-11-28T07:39:40.381Z, pid: 8509] > /home/peaches/anaconda3/bin/python -m dvc --version - INITIALIZED
[version: 1.2.29, 2025-11-28T07:39:40.390Z, pid: 8509] > /home/peaches/anaconda3/bin/python -m dvc --version - FAILED with code 1 (15ms)
/home/peaches/anaconda3/bin/python: No module named dvc

[version: 1.2.29, 2025-11-28T07:39:40.394Z, pid: 0] > dvc --version - INITIALIZED
[version: 1.2.29, 2025-11-28T07:39:40.395Z, pid: 0] > dvc --version - FAILED (5ms)
Command failed with ENOENT: dvc --version
spawn dvc ENOENT
[version: 1.2.29, 2025-11-28T07:39:45.401Z, pid: 8511] > /home/peaches/anaconda3/bin/python -m dvc --version - INITIALIZED
[version: 1.2.29, 2025-11-28T07:39:45.410Z, pid: 8511] > /home/peaches/anaconda3/bin/python -m dvc --version - FAILED with code 1 (15ms)
/home/peaches/anaconda3/bin/python: No module named dvc

[version: 1.2.29, 2025-11-28T07:39:45.414Z, pid: 0] > dvc --version - INITIALIZED
[version: 1.2.29, 2025-11-28T07:39:45.415Z, pid: 0] > dvc --version - FAILED (5ms)
Command failed with ENOENT: dvc --version
spawn dvc ENOENT
[version: 1.2.29, 2025-11-28T07:39:50.420Z, pid: 8513] > /home/peaches/anaconda3/bin/python -m dvc --version - INITIALIZED
[version: 1.2.29, 2025-11-28T07:39:50.429Z, pid: 8513] > /home/peaches/anaconda3/bin/python -m dvc --version - FAILED with code 1 (14ms)
/home/peaches/anaconda3/bin/python: No module named dvc

[version: 1.2.29, 2025-11-28T07:39:50.433Z, pid: 0] > dvc --version - INITIALIZED
[version: 1.2.29, 2025-11-28T07:39:50.434Z, pid: 0] > dvc --version - FAILED (5ms)
Command failed with ENOENT: dvc --version
spawn dvc ENOENT
[version: 1.2.29, 2025-11-28T07:39:55.440Z, pid: 8516] > /home/peaches/anaconda3/bin/python -m dvc --version - INITIALIZED
[version: 1.2.29, 2025-11-28T07:39:55.449Z, pid: 8516] > /home/peaches/anaconda3/bin/python -m dvc --version - FAILED with code 1 (15ms)
/home/peaches/anaconda3/bin/python: No module named dvc

[version: 1.2.29, 2025-11-28T07:39:55.453Z, pid: 0] > dvc --version - INITIALIZED
[version: 1.2.29, 2025-11-28T07:39:55.454Z, pid: 0] > dvc --version - FAILED (5ms)
Command failed with ENOENT: dvc --version
spawn dvc ENOENT
[version: 1.2.29, 2025-11-28T07:40:00.460Z, pid: 8520] > /home/peaches/anaconda3/bin/python -m dvc --version - INITIALIZED
[version: 1.2.29, 2025-11-28T07:40:00.469Z, pid: 8520] > /home/peaches/anaconda3/bin/python -m dvc --version - FAILED with code 1 (14ms)
/home/peaches/anaconda3/bin/python: No module named dvc

[version: 1.2.29, 2025-11-28T07:40:00.474Z, pid: 0] > dvc --version - INITIALIZED
[version: 1.2.29, 2025-11-28T07:40:00.474Z, pid: 0] > dvc --version - FAILED (5ms)
Command failed with ENOENT: dvc --version
spawn dvc ENOENT
[version: 1.2.29, 2025-11-28T07:40:05.480Z, pid: 8522] > /home/peaches/anaconda3/bin/python -m dvc --version - INITIALIZED
[version: 1.2.29, 2025-11-28T07:40:05.489Z, pid: 8522] > /home/peaches/anaconda3/bin/python -m dvc --version - FAILED with code 1 (14ms)
/home/peaches/anaconda3/bin/python: No module named dvc

[version: 1.2.29, 2025-11-28T07:40:05.493Z, pid: 0] > dvc --version - INITIALIZED
[version: 1.2.29, 2025-11-28T07:40:05.494Z, pid: 0] > dvc --version - FAILED (5ms)
Command failed with ENOENT: dvc --version
spawn dvc ENOENT
[version: 1.2.29, 2025-11-28T07:40:10.500Z, pid: 8524] > /home/peaches/anaconda3/bin/python -m dvc --version - INITIALIZED
[version: 1.2.29, 2025-11-28T07:40:10.509Z, pid: 8524] > /home/peaches/anaconda3/bin/python -m dvc --version - FAILED with code 1 (14ms)
/home/peaches/anaconda3/bin/python: No module named dvc

[version: 1.2.29, 2025-11-28T07:40:10.514Z, pid: 0] > dvc --version - INITIALIZED
[version: 1.2.29, 2025-11-28T07:40:10.514Z, pid: 0] > dvc --version - FAILED (4ms)
Command failed with ENOENT: dvc --version
spawn dvc ENOENT
[version: 1.2.29, 2025-11-28T07:40:15.521Z, pid: 8526] > /home/peaches/anaconda3/bin/python -m dvc --version - INITIALIZED
[version: 1.2.29, 2025-11-28T07:40:15.530Z, pid: 8526] > /home/peaches/anaconda3/bin/python -m dvc --version - FAILED with code 1 (15ms)
/home/peaches/anaconda3/bin/python: No module named dvc

[version: 1.2.29, 2025-11-28T07:40:15.534Z, pid: 0] > dvc --version - INITIALIZED
[version: 1.2.29, 2025-11-28T07:40:15.535Z, pid: 0] > dvc --version - FAILED (5ms)
Command failed with ENOENT: dvc --version
spawn dvc ENOENT
[version: 1.2.29, 2025-11-28T07:40:20.543Z, pid: 8528] > /home/peaches/anaconda3/bin/python -m dvc --version - INITIALIZED
[version: 1.2.29, 2025-11-28T07:40:20.551Z, pid: 8528] > /home/peaches/anaconda3/bin/python -m dvc --version - FAILED with code 1 (15ms)
/home/peaches/anaconda3/bin/python: No module named dvc

[version: 1.2.29, 2025-11-28T07:40:20.556Z, pid: 0] > dvc --version - INITIALIZED
[version: 1.2.29, 2025-11-28T07:40:20.557Z, pid: 0] > dvc --version - FAILED (5ms)
Command failed with ENOENT: dvc --version
spawn dvc ENOENT
[version: 1.2.29, 2025-11-28T07:40:25.563Z, pid: 8530] > /home/peaches/anaconda3/bin/python -m dvc --version - INITIALIZED
[version: 1.2.29, 2025-11-28T07:40:25.572Z, pid: 8530] > /home/peaches/anaconda3/bin/python -m dvc --version - FAILED with code 1 (14ms)
/home/peaches/anaconda3/bin/python: No module named dvc

[version: 1.2.29, 2025-11-28T07:40:25.577Z, pid: 0] > dvc --version - INITIALIZED
[version: 1.2.29, 2025-11-28T07:40:25.578Z, pid: 0] > dvc --version - FAILED (4ms)
Command failed with ENOENT: dvc --version
spawn dvc ENOENT
[version: 1.2.29, 2025-11-28T07:40:30.583Z, pid: 8532] > /home/peaches/anaconda3/bin/python -m dvc --version - INITIALIZED
[version: 1.2.29, 2025-11-28T07:40:30.592Z, pid: 8532] > /home/peaches/anaconda3/bin/python -m dvc --version - FAILED with code 1 (14ms)
/home/peaches/anaconda3/bin/python: No module named dvc

[version: 1.2.29, 2025-11-28T07:40:30.596Z, pid: 0] > dvc --version - INITIALIZED
[version: 1.2.29, 2025-11-28T07:40:30.597Z, pid: 0] > dvc --version - FAILED (5ms)
Command failed with ENOENT: dvc --version
spawn dvc ENOENT
[version: 1.2.29, 2025-11-28T07:40:35.602Z, pid: 8534] > /home/peaches/anaconda3/bin/python -m dvc --version - INITIALIZED
[version: 1.2.29, 2025-11-28T07:40:35.611Z, pid: 8534] > /home/peaches/anaconda3/bin/python -m dvc --version - FAILED with code 1 (15ms)
/home/peaches/anaconda3/bin/python: No module named dvc

[version: 1.2.29, 2025-11-28T07:40:35.616Z, pid: 0] > dvc --version - INITIALIZED
[version: 1.2.29, 2025-11-28T07:40:35.617Z, pid: 0] > dvc --version - FAILED (5ms)
Command failed with ENOENT: dvc --version
spawn dvc ENOENT
[version: 1.2.29, 2025-11-28T07:40:40.621Z, pid: 8536] > /home/peaches/anaconda3/bin/python -m dvc --version - INITIALIZED
[version: 1.2.29, 2025-11-28T07:40:40.630Z, pid: 8536] > /home/peaches/anaconda3/bin/python -m dvc --version - FAILED with code 1 (14ms)
/home/peaches/anaconda3/bin/python: No module named dvc

[version: 1.2.29, 2025-11-28T07:40:40.635Z, pid: 0] > dvc --version - INITIALIZED
[version: 1.2.29, 2025-11-28T07:40:40.635Z, pid: 0] > dvc --version - FAILED (5ms)
Command failed with ENOENT: dvc --version
spawn dvc ENOENT
[version: 1.2.29, 2025-11-28T07:40:45.641Z, pid: 8538] > /home/peaches/anaconda3/bin/python -m dvc --version - INITIALIZED
[version: 1.2.29, 2025-11-28T07:40:45.650Z, pid: 8538] > /home/peaches/anaconda3/bin/python -m dvc --version - FAILED with code 1 (14ms)
/home/peaches/anaconda3/bin/python: No module named dvc

[version: 1.2.29, 2025-11-28T07:40:45.654Z, pid: 0] > dvc --version - INITIALIZED
[version: 1.2.29, 2025-11-28T07:40:45.655Z, pid: 0] > dvc --version - FAILED (5ms)
Command failed with ENOENT: dvc --version
spawn dvc ENOENT
[version: 1.2.29, 2025-11-28T07:40:50.661Z, pid: 8540] > /home/peaches/anaconda3/bin/python -m dvc --version - INITIALIZED
[version: 1.2.29, 2025-11-28T07:40:50.670Z, pid: 8540] > /home/peaches/anaconda3/bin/python -m dvc --version - FAILED with code 1 (14ms)
/home/peaches/anaconda3/bin/python: No module named dvc

[version: 1.2.29, 2025-11-28T07:40:50.675Z, pid: 0] > dvc --version - INITIALIZED
[version: 1.2.29, 2025-11-28T07:40:50.675Z, pid: 0] > dvc --version - FAILED (5ms)
Command failed with ENOENT: dvc --version
spawn dvc ENOENT
[version: 1.2.29, 2025-11-28T07:40:55.680Z, pid: 8542] > /home/peaches/anaconda3/bin/python -m dvc --version - INITIALIZED
[version: 1.2.29, 2025-11-28T07:40:55.689Z, pid: 8542] > /home/peaches/anaconda3/bin/python -m dvc --version - FAILED with code 1 (13ms)
/home/peaches/anaconda3/bin/python: No module named dvc

[version: 1.2.29, 2025-11-28T07:40:55.694Z, pid: 0] > dvc --version - INITIALIZED
[version: 1.2.29, 2025-11-28T07:40:55.695Z, pid: 0] > dvc --version - FAILED (5ms)
Command failed with ENOENT: dvc --version
spawn dvc ENOENT
[version: 1.2.29, 2025-11-28T07:41:00.700Z, pid: 8546] > /home/peaches/anaconda3/bin/python -m dvc --version - INITIALIZED
[version: 1.2.29, 2025-11-28T07:41:00.709Z, pid: 8546] > /home/peaches/anaconda3/bin/python -m dvc --version - FAILED with code 1 (14ms)
/home/peaches/anaconda3/bin/python: No module named dvc

[version: 1.2.29, 2025-11-28T07:41:00.714Z, pid: 0] > dvc --version - INITIALIZED
[version: 1.2.29, 2025-11-28T07:41:00.714Z, pid: 0] > dvc --version - FAILED (4ms)
Command failed with ENOENT: dvc --version
spawn dvc ENOENT
[version: 1.2.29, 2025-11-28T07:41:05.721Z, pid: 8548] > /home/peaches/anaconda3/bin/python -m dvc --version - INITIALIZED
[version: 1.2.29, 2025-11-28T07:41:05.729Z, pid: 8548] > /home/peaches/anaconda3/bin/python -m dvc --version - FAILED with code 1 (14ms)
/home/peaches/anaconda3/bin/python: No module named dvc

[version: 1.2.29, 2025-11-28T07:41:05.734Z, pid: 0] > dvc --version - INITIALIZED
[version: 1.2.29, 2025-11-28T07:41:05.735Z, pid: 0] > dvc --version - FAILED (5ms)
Command failed with ENOENT: dvc --version
spawn dvc ENOENT
[version: 1.2.29, 2025-11-28T07:41:10.742Z, pid: 8550] > /home/peaches/anaconda3/bin/python -m dvc --version - INITIALIZED
[version: 1.2.29, 2025-11-28T07:41:10.750Z, pid: 8550] > /home/peaches/anaconda3/bin/python -m dvc --version - FAILED with code 1 (15ms)
/home/peaches/anaconda3/bin/python: No module named dvc

[version: 1.2.29, 2025-11-28T07:41:10.755Z, pid: 0] > dvc --version - INITIALIZED
[version: 1.2.29, 2025-11-28T07:41:10.756Z, pid: 0] > dvc --version - FAILED (5ms)
Command failed with ENOENT: dvc --version
spawn dvc ENOENT
[version: 1.2.29, 2025-11-28T07:41:15.762Z, pid: 8552] > /home/peaches/anaconda3/bin/python -m dvc --version - INITIALIZED
[version: 1.2.29, 2025-11-28T07:41:15.770Z, pid: 8552] > /home/peaches/anaconda3/bin/python -m dvc --version - FAILED with code 1 (15ms)
/home/peaches/anaconda3/bin/python: No module named dvc

[version: 1.2.29, 2025-11-28T07:41:15.775Z, pid: 0] > dvc --version - INITIALIZED
[version: 1.2.29, 2025-11-28T07:41:15.776Z, pid: 0] > dvc --version - FAILED (4ms)
Command failed with ENOENT: dvc --version
spawn dvc ENOENT
[version: 1.2.29, 2025-11-28T07:41:20.781Z, pid: 8554] > /home/peaches/anaconda3/bin/python -m dvc --version - INITIALIZED
[version: 1.2.29, 2025-11-28T07:41:20.790Z, pid: 8554] > /home/peaches/anaconda3/bin/python -m dvc --version - FAILED with code 1 (14ms)
/home/peaches/anaconda3/bin/python: No module named dvc

[version: 1.2.29, 2025-11-28T07:41:20.795Z, pid: 0] > dvc --version - INITIALIZED
[version: 1.2.29, 2025-11-28T07:41:20.795Z, pid: 0] > dvc --version - FAILED (4ms)
Command failed with ENOENT: dvc --version
spawn dvc ENOENT
[version: 1.2.29, 2025-11-28T07:41:25.801Z, pid: 8556] > /home/peaches/anaconda3/bin/python -m dvc --version - INITIALIZED
[version: 1.2.29, 2025-11-28T07:41:25.810Z, pid: 8556] > /home/peaches/anaconda3/bin/python -m dvc --version - FAILED with code 1 (14ms)
/home/peaches/anaconda3/bin/python: No module named dvc

[version: 1.2.29, 2025-11-28T07:41:25.814Z, pid: 0] > dvc --version - INITIALIZED
[version: 1.2.29, 2025-11-28T07:41:25.815Z, pid: 0] > dvc --version - FAILED (5ms)
Command failed with ENOENT: dvc --version
spawn dvc ENOENT
[version: 1.2.29, 2025-11-28T07:41:30.820Z, pid: 8558] > /home/peaches/anaconda3/bin/python -m dvc --version - INITIALIZED
[version: 1.2.29, 2025-11-28T07:41:30.830Z, pid: 8558] > /home/peaches/anaconda3/bin/python -m dvc --version - FAILED with code 1 (14ms)
/home/peaches/anaconda3/bin/python: No module named dvc

[version: 1.2.29, 2025-11-28T07:41:30.834Z, pid: 0] > dvc --version - INITIALIZED
[version: 1.2.29, 2025-11-28T07:41:30.835Z, pid: 0] > dvc --version - FAILED (4ms)
Command failed with ENOENT: dvc --version
spawn dvc ENOENT
[version: 1.2.29, 2025-11-28T07:41:35.840Z, pid: 8560] > /home/peaches/anaconda3/bin/python -m dvc --version - INITIALIZED
[version: 1.2.29, 2025-11-28T07:41:35.849Z, pid: 8560] > /home/peaches/anaconda3/bin/python -m dvc --version - FAILED with code 1 (15ms)
/home/peaches/anaconda3/bin/python: No module named dvc

[version: 1.2.29, 2025-11-28T07:41:35.853Z, pid: 0] > dvc --version - INITIALIZED
[version: 1.2.29, 2025-11-28T07:41:35.854Z, pid: 0] > dvc --version - FAILED (5ms)
Command failed with ENOENT: dvc --version
spawn dvc ENOENT
[version: 1.2.29, 2025-11-28T07:41:40.860Z, pid: 8562] > /home/peaches/anaconda3/bin/python -m dvc --version - INITIALIZED
[version: 1.2.29, 2025-11-28T07:41:40.868Z, pid: 8562] > /home/peaches/anaconda3/bin/python -m dvc --version - FAILED with code 1 (14ms)
/home/peaches/anaconda3/bin/python: No module named dvc

[version: 1.2.29, 2025-11-28T07:41:40.873Z, pid: 0] > dvc --version - INITIALIZED
[version: 1.2.29, 2025-11-28T07:41:40.873Z, pid: 0] > dvc --version - FAILED (4ms)
Command failed with ENOENT: dvc --version
spawn dvc ENOENT
[version: 1.2.29, 2025-11-28T07:41:45.880Z, pid: 8564] > /home/peaches/anaconda3/bin/python -m dvc --version - INITIALIZED
[version: 1.2.29, 2025-11-28T07:41:45.888Z, pid: 8564] > /home/peaches/anaconda3/bin/python -m dvc --version - FAILED with code 1 (14ms)
/home/peaches/anaconda3/bin/python: No module named dvc

[version: 1.2.29, 2025-11-28T07:41:45.893Z, pid: 0] > dvc --version - INITIALIZED
[version: 1.2.29, 2025-11-28T07:41:45.894Z, pid: 0] > dvc --version - FAILED (4ms)
Command failed with ENOENT: dvc --version
spawn dvc ENOENT
[version: 1.2.29, 2025-11-28T07:41:50.899Z, pid: 8567] > /home/peaches/anaconda3/bin/python -m dvc --version - INITIALIZED
[version: 1.2.29, 2025-11-28T07:41:50.908Z, pid: 8567] > /home/peaches/anaconda3/bin/python -m dvc --version - FAILED with code 1 (14ms)
/home/peaches/anaconda3/bin/python: No module named dvc

[version: 1.2.29, 2025-11-28T07:41:50.912Z, pid: 0] > dvc --version - INITIALIZED
[version: 1.2.29, 2025-11-28T07:41:50.913Z, pid: 0] > dvc --version - FAILED (5ms)
Command failed with ENOENT: dvc --version
spawn dvc ENOENT
[version: 1.2.29, 2025-11-28T07:41:55.919Z, pid: 8570] > /home/peaches/anaconda3/bin/python -m dvc --version - INITIALIZED
[version: 1.2.29, 2025-11-28T07:41:55.928Z, pid: 8570] > /home/peaches/anaconda3/bin/python -m dvc --version - FAILED with code 1 (14ms)
/home/peaches/anaconda3/bin/python: No module named dvc

[version: 1.2.29, 2025-11-28T07:41:55.933Z, pid: 0] > dvc --version - INITIALIZED
[version: 1.2.29, 2025-11-28T07:41:55.934Z, pid: 0] > dvc --version - FAILED (5ms)
Command failed with ENOENT: dvc --version
spawn dvc ENOENT
[version: 1.2.29, 2025-11-28T07:42:00.939Z, pid: 8574] > /home/peaches/anaconda3/bin/python -m dvc --version - INITIALIZED
[version: 1.2.29, 2025-11-28T07:42:00.948Z, pid: 8574] > /home/peaches/anaconda3/bin/python -m dvc --version - FAILED with code 1 (14ms)
/home/peaches/anaconda3/bin/python: No module named dvc

[version: 1.2.29, 2025-11-28T07:42:00.953Z, pid: 0] > dvc --version - INITIALIZED
[version: 1.2.29, 2025-11-28T07:42:00.954Z, pid: 0] > dvc --version - FAILED (5ms)
Command failed with ENOENT: dvc --version
spawn dvc ENOENT
[version: 1.2.29, 2025-11-28T07:42:05.962Z, pid: 8576] > /home/peaches/anaconda3/bin/python -m dvc --version - INITIALIZED
[version: 1.2.29, 2025-11-28T07:42:05.971Z, pid: 8576] > /home/peaches/anaconda3/bin/python -m dvc --version - FAILED with code 1 (16ms)
/home/peaches/anaconda3/bin/python: No module named dvc

[version: 1.2.29, 2025-11-28T07:42:05.975Z, pid: 0] > dvc --version - INITIALIZED
[version: 1.2.29, 2025-11-28T07:42:05.976Z, pid: 0] > dvc --version - FAILED (5ms)
Command failed with ENOENT: dvc --version
spawn dvc ENOENT
[version: 1.2.29, 2025-11-28T07:42:10.983Z, pid: 8578] > /home/peaches/anaconda3/bin/python -m dvc --version - INITIALIZED
[version: 1.2.29, 2025-11-28T07:42:10.992Z, pid: 8578] > /home/peaches/anaconda3/bin/python -m dvc --version - FAILED with code 1 (15ms)
/home/peaches/anaconda3/bin/python: No module named dvc

[version: 1.2.29, 2025-11-28T07:42:10.997Z, pid: 0] > dvc --version - INITIALIZED
[version: 1.2.29, 2025-11-28T07:42:10.998Z, pid: 0] > dvc --version - FAILED (5ms)
Command failed with ENOENT: dvc --version
spawn dvc ENOENT
[version: 1.2.29, 2025-11-28T07:42:16.002Z, pid: 8580] > /home/peaches/anaconda3/bin/python -m dvc --version - INITIALIZED
[version: 1.2.29, 2025-11-28T07:42:16.011Z, pid: 8580] > /home/peaches/anaconda3/bin/python -m dvc --version - FAILED with code 1 (13ms)
/home/peaches/anaconda3/bin/python: No module named dvc

[version: 1.2.29, 2025-11-28T07:42:16.016Z, pid: 0] > dvc --version - INITIALIZED
[version: 1.2.29, 2025-11-28T07:42:16.017Z, pid: 0] > dvc --version - FAILED (5ms)
Command failed with ENOENT: dvc --version
spawn dvc ENOENT
[version: 1.2.29, 2025-11-28T07:42:21.022Z, pid: 8582] > /home/peaches/anaconda3/bin/python -m dvc --version - INITIALIZED
[version: 1.2.29, 2025-11-28T07:42:21.031Z, pid: 8582] > /home/peaches/anaconda3/bin/python -m dvc --version - FAILED with code 1 (14ms)
/home/peaches/anaconda3/bin/python: No module named dvc

[version: 1.2.29, 2025-11-28T07:42:21.035Z, pid: 0] > dvc --version - INITIALIZED
[version: 1.2.29, 2025-11-28T07:42:21.036Z, pid: 0] > dvc --version - FAILED (5ms)
Command failed with ENOENT: dvc --version
spawn dvc ENOENT
[version: 1.2.29, 2025-11-28T07:42:26.040Z, pid: 8584] > /home/peaches/anaconda3/bin/python -m dvc --version - INITIALIZED
[version: 1.2.29, 2025-11-28T07:42:26.050Z, pid: 8584] > /home/peaches/anaconda3/bin/python -m dvc --version - FAILED with code 1 (14ms)
/home/peaches/anaconda3/bin/python: No module named dvc

[version: 1.2.29, 2025-11-28T07:42:26.054Z, pid: 0] > dvc --version - INITIALIZED
[version: 1.2.29, 2025-11-28T07:42:26.055Z, pid: 0] > dvc --version - FAILED (5ms)
Command failed with ENOENT: dvc --version
spawn dvc ENOENT
[version: 1.2.29, 2025-11-28T07:42:31.061Z, pid: 8588] > /home/peaches/anaconda3/bin/python -m dvc --version - INITIALIZED
[version: 1.2.29, 2025-11-28T07:42:31.071Z, pid: 8588] > /home/peaches/anaconda3/bin/python -m dvc --version - FAILED with code 1 (15ms)
/home/peaches/anaconda3/bin/python: No module named dvc

[version: 1.2.29, 2025-11-28T07:42:31.075Z, pid: 0] > dvc --version - INITIALIZED
[version: 1.2.29, 2025-11-28T07:42:31.076Z, pid: 0] > dvc --version - FAILED (5ms)
Command failed with ENOENT: dvc --version
spawn dvc ENOENT
[version: 1.2.29, 2025-11-28T07:42:36.081Z, pid: 8590] > /home/peaches/anaconda3/bin/python -m dvc --version - INITIALIZED
[version: 1.2.29, 2025-11-28T07:42:36.090Z, pid: 8590] > /home/peaches/anaconda3/bin/python -m dvc --version - FAILED with code 1 (14ms)
/home/peaches/anaconda3/bin/python: No module named dvc

[version: 1.2.29, 2025-11-28T07:42:36.094Z, pid: 0] > dvc --version - INITIALIZED
[version: 1.2.29, 2025-11-28T07:42:36.095Z, pid: 0] > dvc --version - FAILED (5ms)
Command failed with ENOENT: dvc --version
spawn dvc ENOENT
[version: 1.2.29, 2025-11-28T07:42:41.100Z, pid: 8592] > /home/peaches/anaconda3/bin/python -m dvc --version - INITIALIZED
[version: 1.2.29, 2025-11-28T07:42:41.109Z, pid: 8592] > /home/peaches/anaconda3/bin/python -m dvc --version - FAILED with code 1 (13ms)
/home/peaches/anaconda3/bin/python: No module named dvc

[version: 1.2.29, 2025-11-28T07:42:41.114Z, pid: 0] > dvc --version - INITIALIZED
[version: 1.2.29, 2025-11-28T07:42:41.115Z, pid: 0] > dvc --version - FAILED (5ms)
Command failed with ENOENT: dvc --version
spawn dvc ENOENT
[version: 1.2.29, 2025-11-28T07:42:46.121Z, pid: 8594] > /home/peaches/anaconda3/bin/python -m dvc --version - INITIALIZED
[version: 1.2.29, 2025-11-28T07:42:46.130Z, pid: 8594] > /home/peaches/anaconda3/bin/python -m dvc --version - FAILED with code 1 (15ms)
/home/peaches/anaconda3/bin/python: No module named dvc

[version: 1.2.29, 2025-11-28T07:42:46.135Z, pid: 0] > dvc --version - INITIALIZED
[version: 1.2.29, 2025-11-28T07:42:46.135Z, pid: 0] > dvc --version - FAILED (4ms)
Command failed with ENOENT: dvc --version
spawn dvc ENOENT
[version: 1.2.29, 2025-11-28T07:42:51.143Z, pid: 8596] > /home/peaches/anaconda3/bin/python -m dvc --version - INITIALIZED
[version: 1.2.29, 2025-11-28T07:42:51.152Z, pid: 8596] > /home/peaches/anaconda3/bin/python -m dvc --version - FAILED with code 1 (13ms)
/home/peaches/anaconda3/bin/python: No module named dvc

[version: 1.2.29, 2025-11-28T07:42:51.157Z, pid: 0] > dvc --version - INITIALIZED
[version: 1.2.29, 2025-11-28T07:42:51.158Z, pid: 0] > dvc --version - FAILED (5ms)
Command failed with ENOENT: dvc --version
spawn dvc ENOENT
[version: 1.2.29, 2025-11-28T07:42:56.166Z, pid: 8599] > /home/peaches/anaconda3/bin/python -m dvc --version - INITIALIZED
[version: 1.2.29, 2025-11-28T07:42:56.174Z, pid: 8599] > /home/peaches/anaconda3/bin/python -m dvc --version - FAILED with code 1 (15ms)
/home/peaches/anaconda3/bin/python: No module named dvc

[version: 1.2.29, 2025-11-28T07:42:56.179Z, pid: 0] > dvc --version - INITIALIZED
[version: 1.2.29, 2025-11-28T07:42:56.180Z, pid: 0] > dvc --version - FAILED (5ms)
Command failed with ENOENT: dvc --version
spawn dvc ENOENT
[version: 1.2.29, 2025-11-28T07:43:01.186Z, pid: 8604] > /home/peaches/anaconda3/bin/python -m dvc --version - INITIALIZED
[version: 1.2.29, 2025-11-28T07:43:01.195Z, pid: 8604] > /home/peaches/anaconda3/bin/python -m dvc --version - FAILED with code 1 (15ms)
/home/peaches/anaconda3/bin/python: No module named dvc

[version: 1.2.29, 2025-11-28T07:43:01.199Z, pid: 0] > dvc --version - INITIALIZED
[version: 1.2.29, 2025-11-28T07:43:01.200Z, pid: 0] > dvc --version - FAILED (5ms)
Command failed with ENOENT: dvc --version
spawn dvc ENOENT
[version: 1.2.29, 2025-11-28T07:43:06.206Z, pid: 8606] > /home/peaches/anaconda3/bin/python -m dvc --version - INITIALIZED
[version: 1.2.29, 2025-11-28T07:43:06.215Z, pid: 8606] > /home/peaches/anaconda3/bin/python -m dvc --version - FAILED with code 1 (14ms)
/home/peaches/anaconda3/bin/python: No module named dvc

[version: 1.2.29, 2025-11-28T07:43:06.219Z, pid: 0] > dvc --version - INITIALIZED
[version: 1.2.29, 2025-11-28T07:43:06.220Z, pid: 0] > dvc --version - FAILED (5ms)
Command failed with ENOENT: dvc --version
spawn dvc ENOENT
[version: 1.2.29, 2025-11-28T07:43:11.225Z, pid: 8608] > /home/peaches/anaconda3/bin/python -m dvc --version - INITIALIZED
[version: 1.2.29, 2025-11-28T07:43:11.234Z, pid: 8608] > /home/peaches/anaconda3/bin/python -m dvc --version - FAILED with code 1 (14ms)
/home/peaches/anaconda3/bin/python: No module named dvc

[version: 1.2.29, 2025-11-28T07:43:11.239Z, pid: 0] > dvc --version - INITIALIZED
[version: 1.2.29, 2025-11-28T07:43:11.240Z, pid: 0] > dvc --version - FAILED (6ms)
Command failed with ENOENT: dvc --version
spawn dvc ENOENT
[version: 1.2.29, 2025-11-28T07:43:16.245Z, pid: 8611] > /home/peaches/anaconda3/bin/python -m dvc --version - INITIALIZED
[version: 1.2.29, 2025-11-28T07:43:16.254Z, pid: 8611] > /home/peaches/anaconda3/bin/python -m dvc --version - FAILED with code 1 (15ms)
/home/peaches/anaconda3/bin/python: No module named dvc

[version: 1.2.29, 2025-11-28T07:43:16.259Z, pid: 0] > dvc --version - INITIALIZED
[version: 1.2.29, 2025-11-28T07:43:16.260Z, pid: 0] > dvc --version - FAILED (5ms)
Command failed with ENOENT: dvc --version
spawn dvc ENOENT
[version: 1.2.29, 2025-11-28T07:43:21.265Z, pid: 8613] > /home/peaches/anaconda3/bin/python -m dvc --version - INITIALIZED
[version: 1.2.29, 2025-11-28T07:43:21.274Z, pid: 8613] > /home/peaches/anaconda3/bin/python -m dvc --version - FAILED with code 1 (14ms)
/home/peaches/anaconda3/bin/python: No module named dvc

[version: 1.2.29, 2025-11-28T07:43:21.279Z, pid: 0] > dvc --version - INITIALIZED
[version: 1.2.29, 2025-11-28T07:43:21.279Z, pid: 0] > dvc --version - FAILED (4ms)
Command failed with ENOENT: dvc --version
spawn dvc ENOENT
[version: 1.2.29, 2025-11-28T07:43:26.285Z, pid: 8615] > /home/peaches/anaconda3/bin/python -m dvc --version - INITIALIZED
[version: 1.2.29, 2025-11-28T07:43:26.293Z, pid: 8615] > /home/peaches/anaconda3/bin/python -m dvc --version - FAILED with code 1 (13ms)
/home/peaches/anaconda3/bin/python: No module named dvc

[version: 1.2.29, 2025-11-28T07:43:26.298Z, pid: 0] > dvc --version - INITIALIZED
[version: 1.2.29, 2025-11-28T07:43:26.299Z, pid: 0] > dvc --version - FAILED (5ms)
Command failed with ENOENT: dvc --version
spawn dvc ENOENT
[version: 1.2.29, 2025-11-28T07:43:31.306Z, pid: 8617] > /home/peaches/anaconda3/bin/python -m dvc --version - INITIALIZED
[version: 1.2.29, 2025-11-28T07:43:31.315Z, pid: 8617] > /home/peaches/anaconda3/bin/python -m dvc --version - FAILED with code 1 (15ms)
/home/peaches/anaconda3/bin/python: No module named dvc

[version: 1.2.29, 2025-11-28T07:43:31.319Z, pid: 0] > dvc --version - INITIALIZED
[version: 1.2.29, 2025-11-28T07:43:31.320Z, pid: 0] > dvc --version - FAILED (5ms)
Command failed with ENOENT: dvc --version
spawn dvc ENOENT
[version: 1.2.29, 2025-11-28T07:43:36.326Z, pid: 8619] > /home/peaches/anaconda3/bin/python -m dvc --version - INITIALIZED
[version: 1.2.29, 2025-11-28T07:43:36.335Z, pid: 8619] > /home/peaches/anaconda3/bin/python -m dvc --version - FAILED with code 1 (14ms)
/home/peaches/anaconda3/bin/python: No module named dvc

[version: 1.2.29, 2025-11-28T07:43:36.340Z, pid: 0] > dvc --version - INITIALIZED
[version: 1.2.29, 2025-11-28T07:43:36.340Z, pid: 0] > dvc --version - FAILED (4ms)
Command failed with ENOENT: dvc --version
spawn dvc ENOENT
[version: 1.2.29, 2025-11-28T07:43:41.346Z, pid: 8621] > /home/peaches/anaconda3/bin/python -m dvc --version - INITIALIZED
[version: 1.2.29, 2025-11-28T07:43:41.355Z, pid: 8621] > /home/peaches/anaconda3/bin/python -m dvc --version - FAILED with code 1 (13ms)
/home/peaches/anaconda3/bin/python: No module named dvc

[version: 1.2.29, 2025-11-28T07:43:41.360Z, pid: 0] > dvc --version - INITIALIZED
[version: 1.2.29, 2025-11-28T07:43:41.361Z, pid: 0] > dvc --version - FAILED (5ms)
Command failed with ENOENT: dvc --version
spawn dvc ENOENT
[version: 1.2.29, 2025-11-28T07:43:46.367Z, pid: 8623] > /home/peaches/anaconda3/bin/python -m dvc --version - INITIALIZED
[version: 1.2.29, 2025-11-28T07:43:46.376Z, pid: 8623] > /home/peaches/anaconda3/bin/python -m dvc --version - FAILED with code 1 (15ms)
/home/peaches/anaconda3/bin/python: No module named dvc

[version: 1.2.29, 2025-11-28T07:43:46.381Z, pid: 0] > dvc --version - INITIALIZED
[version: 1.2.29, 2025-11-28T07:43:46.381Z, pid: 0] > dvc --version - FAILED (5ms)
Command failed with ENOENT: dvc --version
spawn dvc ENOENT
[version: 1.2.29, 2025-11-28T07:43:51.387Z, pid: 8625] > /home/peaches/anaconda3/bin/python -m dvc --version - INITIALIZED
[version: 1.2.29, 2025-11-28T07:43:51.396Z, pid: 8625] > /home/peaches/anaconda3/bin/python -m dvc --version - FAILED with code 1 (14ms)
/home/peaches/anaconda3/bin/python: No module named dvc

[version: 1.2.29, 2025-11-28T07:43:51.400Z, pid: 0] > dvc --version - INITIALIZED
[version: 1.2.29, 2025-11-28T07:43:51.401Z, pid: 0] > dvc --version - FAILED (5ms)
Command failed with ENOENT: dvc --version
spawn dvc ENOENT
[version: 1.2.29, 2025-11-28T07:43:56.407Z, pid: 8628] > /home/peaches/anaconda3/bin/python -m dvc --version - INITIALIZED
[version: 1.2.29, 2025-11-28T07:43:56.416Z, pid: 8628] > /home/peaches/anaconda3/bin/python -m dvc --version - FAILED with code 1 (14ms)
/home/peaches/anaconda3/bin/python: No module named dvc

[version: 1.2.29, 2025-11-28T07:43:56.420Z, pid: 0] > dvc --version - INITIALIZED
[version: 1.2.29, 2025-11-28T07:43:56.421Z, pid: 0] > dvc --version - FAILED (5ms)
Command failed with ENOENT: dvc --version
spawn dvc ENOENT
[version: 1.2.29, 2025-11-28T07:44:01.426Z, pid: 8632] > /home/peaches/anaconda3/bin/python -m dvc --version - INITIALIZED
[version: 1.2.29, 2025-11-28T07:44:01.435Z, pid: 8632] > /home/peaches/anaconda3/bin/python -m dvc --version - FAILED with code 1 (14ms)
/home/peaches/anaconda3/bin/python: No module named dvc

[version: 1.2.29, 2025-11-28T07:44:01.440Z, pid: 0] > dvc --version - INITIALIZED
[version: 1.2.29, 2025-11-28T07:44:01.441Z, pid: 0] > dvc --version - FAILED (5ms)
Command failed with ENOENT: dvc --version
spawn dvc ENOENT
[version: 1.2.29, 2025-11-28T07:44:06.448Z, pid: 8634] > /home/peaches/anaconda3/bin/python -m dvc --version - INITIALIZED
[version: 1.2.29, 2025-11-28T07:44:06.457Z, pid: 8634] > /home/peaches/anaconda3/bin/python -m dvc --version - FAILED with code 1 (15ms)
/home/peaches/anaconda3/bin/python: No module named dvc

[version: 1.2.29, 2025-11-28T07:44:06.461Z, pid: 0] > dvc --version - INITIALIZED
[version: 1.2.29, 2025-11-28T07:44:06.462Z, pid: 0] > dvc --version - FAILED (5ms)
Command failed with ENOENT: dvc --version
spawn dvc ENOENT
[version: 1.2.29, 2025-11-28T07:44:11.466Z, pid: 8636] > /home/peaches/anaconda3/bin/python -m dvc --version - INITIALIZED
[version: 1.2.29, 2025-11-28T07:44:11.475Z, pid: 8636] > /home/peaches/anaconda3/bin/python -m dvc --version - FAILED with code 1 (14ms)
/home/peaches/anaconda3/bin/python: No module named dvc

[version: 1.2.29, 2025-11-28T07:44:11.480Z, pid: 0] > dvc --version - INITIALIZED
[version: 1.2.29, 2025-11-28T07:44:11.481Z, pid: 0] > dvc --version - FAILED (5ms)
Command failed with ENOENT: dvc --version
spawn dvc ENOENT
[version: 1.2.29, 2025-11-28T07:44:16.486Z, pid: 8638] > /home/peaches/anaconda3/bin/python -m dvc --version - INITIALIZED
[version: 1.2.29, 2025-11-28T07:44:16.495Z, pid: 8638] > /home/peaches/anaconda3/bin/python -m dvc --version - FAILED with code 1 (14ms)
/home/peaches/anaconda3/bin/python: No module named dvc

[version: 1.2.29, 2025-11-28T07:44:16.499Z, pid: 0] > dvc --version - INITIALIZED
[version: 1.2.29, 2025-11-28T07:44:16.500Z, pid: 0] > dvc --version - FAILED (5ms)
Command failed with ENOENT: dvc --version
spawn dvc ENOENT
[version: 1.2.29, 2025-11-28T07:44:21.507Z, pid: 8640] > /home/peaches/anaconda3/bin/python -m dvc --version - INITIALIZED
[version: 1.2.29, 2025-11-28T07:44:21.516Z, pid: 8640] > /home/peaches/anaconda3/bin/python -m dvc --version - FAILED with code 1 (15ms)
/home/peaches/anaconda3/bin/python: No module named dvc

[version: 1.2.29, 2025-11-28T07:44:21.521Z, pid: 0] > dvc --version - INITIALIZED
[version: 1.2.29, 2025-11-28T07:44:21.522Z, pid: 0] > dvc --version - FAILED (5ms)
Command failed with ENOENT: dvc --version
spawn dvc ENOENT
[version: 1.2.29, 2025-11-28T07:44:26.527Z, pid: 8642] > /home/peaches/anaconda3/bin/python -m dvc --version - INITIALIZED
[version: 1.2.29, 2025-11-28T07:44:26.536Z, pid: 8642] > /home/peaches/anaconda3/bin/python -m dvc --version - FAILED with code 1 (14ms)
/home/peaches/anaconda3/bin/python: No module named dvc

[version: 1.2.29, 2025-11-28T07:44:26.540Z, pid: 0] > dvc --version - INITIALIZED
[version: 1.2.29, 2025-11-28T07:44:26.540Z, pid: 0] > dvc --version - FAILED (4ms)
Command failed with ENOENT: dvc --version
spawn dvc ENOENT
[version: 1.2.29, 2025-11-28T07:44:31.546Z, pid: 8644] > /home/peaches/anaconda3/bin/python -m dvc --version - INITIALIZED
[version: 1.2.29, 2025-11-28T07:44:31.555Z, pid: 8644] > /home/peaches/anaconda3/bin/python -m dvc --version - FAILED with code 1 (14ms)
/home/peaches/anaconda3/bin/python: No module named dvc

[version: 1.2.29, 2025-11-28T07:44:31.560Z, pid: 0] > dvc --version - INITIALIZED
[version: 1.2.29, 2025-11-28T07:44:31.560Z, pid: 0] > dvc --version - FAILED (4ms)
Command failed with ENOENT: dvc --version
spawn dvc ENOENT
[version: 1.2.29, 2025-11-28T07:44:36.566Z, pid: 8646] > /home/peaches/anaconda3/bin/python -m dvc --version - INITIALIZED
[version: 1.2.29, 2025-11-28T07:44:36.576Z, pid: 8646] > /home/peaches/anaconda3/bin/python -m dvc --version - FAILED with code 1 (15ms)
/home/peaches/anaconda3/bin/python: No module named dvc

[version: 1.2.29, 2025-11-28T07:44:36.580Z, pid: 0] > dvc --version - INITIALIZED
[version: 1.2.29, 2025-11-28T07:44:36.581Z, pid: 0] > dvc --version - FAILED (5ms)
Command failed with ENOENT: dvc --version
spawn dvc ENOENT
[version: 1.2.29, 2025-11-28T07:44:41.588Z, pid: 8648] > /home/peaches/anaconda3/bin/python -m dvc --version - INITIALIZED
[version: 1.2.29, 2025-11-28T07:44:41.597Z, pid: 8648] > /home/peaches/anaconda3/bin/python -m dvc --version - FAILED with code 1 (15ms)
/home/peaches/anaconda3/bin/python: No module named dvc

[version: 1.2.29, 2025-11-28T07:44:41.602Z, pid: 0] > dvc --version - INITIALIZED
[version: 1.2.29, 2025-11-28T07:44:41.602Z, pid: 0] > dvc --version - FAILED (5ms)
Command failed with ENOENT: dvc --version
spawn dvc ENOENT
[version: 1.2.29, 2025-11-28T07:44:46.609Z, pid: 8650] > /home/peaches/anaconda3/bin/python -m dvc --version - INITIALIZED
[version: 1.2.29, 2025-11-28T07:44:46.618Z, pid: 8650] > /home/peaches/anaconda3/bin/python -m dvc --version - FAILED with code 1 (15ms)
/home/peaches/anaconda3/bin/python: No module named dvc

[version: 1.2.29, 2025-11-28T07:44:46.622Z, pid: 0] > dvc --version - INITIALIZED
[version: 1.2.29, 2025-11-28T07:44:46.623Z, pid: 0] > dvc --version - FAILED (4ms)
Command failed with ENOENT: dvc --version
spawn dvc ENOENT
[version: 1.2.29, 2025-11-28T07:44:51.628Z, pid: 8652] > /home/peaches/anaconda3/bin/python -m dvc --version - INITIALIZED
[version: 1.2.29, 2025-11-28T07:44:51.637Z, pid: 8652] > /home/peaches/anaconda3/bin/python -m dvc --version - FAILED with code 1 (13ms)
/home/peaches/anaconda3/bin/python: No module named dvc

[version: 1.2.29, 2025-11-28T07:44:51.642Z, pid: 0] > dvc --version - INITIALIZED
[version: 1.2.29, 2025-11-28T07:44:51.642Z, pid: 0] > dvc --version - FAILED (4ms)
Command failed with ENOENT: dvc --version
spawn dvc ENOENT
[version: 1.2.29, 2025-11-28T07:44:56.648Z, pid: 8654] > /home/peaches/anaconda3/bin/python -m dvc --version - INITIALIZED
[version: 1.2.29, 2025-11-28T07:44:56.657Z, pid: 8654] > /home/peaches/anaconda3/bin/python -m dvc --version - FAILED with code 1 (13ms)
/home/peaches/anaconda3/bin/python: No module named dvc

[version: 1.2.29, 2025-11-28T07:44:56.661Z, pid: 0] > dvc --version - INITIALIZED
[version: 1.2.29, 2025-11-28T07:44:56.662Z, pid: 0] > dvc --version - FAILED (5ms)
Command failed with ENOENT: dvc --version
spawn dvc ENOENT
[version: 1.2.29, 2025-11-28T07:45:01.667Z, pid: 8658] > /home/peaches/anaconda3/bin/python -m dvc --version - INITIALIZED
[version: 1.2.29, 2025-11-28T07:45:01.676Z, pid: 8658] > /home/peaches/anaconda3/bin/python -m dvc --version - FAILED with code 1 (14ms)
/home/peaches/anaconda3/bin/python: No module named dvc

[version: 1.2.29, 2025-11-28T07:45:01.681Z, pid: 0] > dvc --version - INITIALIZED
[version: 1.2.29, 2025-11-28T07:45:01.681Z, pid: 0] > dvc --version - FAILED (4ms)
Command failed with ENOENT: dvc --version
spawn dvc ENOENT
[version: 1.2.29, 2025-11-28T07:45:06.688Z, pid: 8660] > /home/peaches/anaconda3/bin/python -m dvc --version - INITIALIZED
[version: 1.2.29, 2025-11-28T07:45:06.697Z, pid: 8660] > /home/peaches/anaconda3/bin/python -m dvc --version - FAILED with code 1 (15ms)
/home/peaches/anaconda3/bin/python: No module named dvc

[version: 1.2.29, 2025-11-28T07:45:06.702Z, pid: 0] > dvc --version - INITIALIZED
[version: 1.2.29, 2025-11-28T07:45:06.702Z, pid: 0] > dvc --version - FAILED (5ms)
Command failed with ENOENT: dvc --version
spawn dvc ENOENT
[version: 1.2.29, 2025-11-28T07:45:11.709Z, pid: 8662] > /home/peaches/anaconda3/bin/python -m dvc --version - INITIALIZED
[version: 1.2.29, 2025-11-28T07:45:11.717Z, pid: 8662] > /home/peaches/anaconda3/bin/python -m dvc --version - FAILED with code 1 (15ms)
/home/peaches/anaconda3/bin/python: No module named dvc

[version: 1.2.29, 2025-11-28T07:45:11.722Z, pid: 0] > dvc --version - INITIALIZED
[version: 1.2.29, 2025-11-28T07:45:11.722Z, pid: 0] > dvc --version - FAILED (4ms)
Command failed with ENOENT: dvc --version
spawn dvc ENOENT
[version: 1.2.29, 2025-11-28T07:45:16.728Z, pid: 8664] > /home/peaches/anaconda3/bin/python -m dvc --version - INITIALIZED
[version: 1.2.29, 2025-11-28T07:45:16.737Z, pid: 8664] > /home/peaches/anaconda3/bin/python -m dvc --version - FAILED with code 1 (14ms)
/home/peaches/anaconda3/bin/python: No module named dvc

[version: 1.2.29, 2025-11-28T07:45:16.742Z, pid: 0] > dvc --version - INITIALIZED
[version: 1.2.29, 2025-11-28T07:45:16.743Z, pid: 0] > dvc --version - FAILED (5ms)
Command failed with ENOENT: dvc --version
spawn dvc ENOENT
[version: 1.2.29, 2025-11-28T07:45:21.750Z, pid: 8666] > /home/peaches/anaconda3/bin/python -m dvc --version - INITIALIZED
[version: 1.2.29, 2025-11-28T07:45:21.759Z, pid: 8666] > /home/peaches/anaconda3/bin/python -m dvc --version - FAILED with code 1 (15ms)
/home/peaches/anaconda3/bin/python: No module named dvc

[version: 1.2.29, 2025-11-28T07:45:21.764Z, pid: 0] > dvc --version - INITIALIZED
[version: 1.2.29, 2025-11-28T07:45:21.764Z, pid: 0] > dvc --version - FAILED (5ms)
Command failed with ENOENT: dvc --version
spawn dvc ENOENT
[version: 1.2.29, 2025-11-28T07:45:26.770Z, pid: 8668] > /home/peaches/anaconda3/bin/python -m dvc --version - INITIALIZED
[version: 1.2.29, 2025-11-28T07:45:26.779Z, pid: 8668] > /home/peaches/anaconda3/bin/python -m dvc --version - FAILED with code 1 (14ms)
/home/peaches/anaconda3/bin/python: No module named dvc

[version: 1.2.29, 2025-11-28T07:45:26.784Z, pid: 0] > dvc --version - INITIALIZED
[version: 1.2.29, 2025-11-28T07:45:26.784Z, pid: 0] > dvc --version - FAILED (4ms)
Command failed with ENOENT: dvc --version
spawn dvc ENOENT
[version: 1.2.29, 2025-11-28T07:45:31.791Z, pid: 8670] > /home/peaches/anaconda3/bin/python -m dvc --version - INITIALIZED
[version: 1.2.29, 2025-11-28T07:45:31.800Z, pid: 8670] > /home/peaches/anaconda3/bin/python -m dvc --version - FAILED with code 1 (15ms)
/home/peaches/anaconda3/bin/python: No module named dvc

[version: 1.2.29, 2025-11-28T07:45:31.804Z, pid: 0] > dvc --version - INITIALIZED
[version: 1.2.29, 2025-11-28T07:45:31.805Z, pid: 0] > dvc --version - FAILED (5ms)
Command failed with ENOENT: dvc --version
spawn dvc ENOENT
[version: 1.2.29, 2025-11-28T07:45:36.812Z, pid: 8672] > /home/peaches/anaconda3/bin/python -m dvc --version - INITIALIZED
[version: 1.2.29, 2025-11-28T07:45:36.821Z, pid: 8672] > /home/peaches/anaconda3/bin/python -m dvc --version - FAILED with code 1 (15ms)
/home/peaches/anaconda3/bin/python: No module named dvc

[version: 1.2.29, 2025-11-28T07:45:36.825Z, pid: 0] > dvc --version - INITIALIZED
[version: 1.2.29, 2025-11-28T07:45:36.826Z, pid: 0] > dvc --version - FAILED (5ms)
Command failed with ENOENT: dvc --version
spawn dvc ENOENT
[version: 1.2.29, 2025-11-28T07:45:41.831Z, pid: 8676] > /home/peaches/anaconda3/bin/python -m dvc --version - INITIALIZED
[version: 1.2.29, 2025-11-28T07:45:41.840Z, pid: 8676] > /home/peaches/anaconda3/bin/python -m dvc --version - FAILED with code 1 (13ms)
/home/peaches/anaconda3/bin/python: No module named dvc

[version: 1.2.29, 2025-11-28T07:45:41.845Z, pid: 0] > dvc --version - INITIALIZED
[version: 1.2.29, 2025-11-28T07:45:41.846Z, pid: 0] > dvc --version - FAILED (5ms)
Command failed with ENOENT: dvc --version
spawn dvc ENOENT
[version: 1.2.29, 2025-11-28T07:45:46.851Z, pid: 8678] > /home/peaches/anaconda3/bin/python -m dvc --version - INITIALIZED
[version: 1.2.29, 2025-11-28T07:45:46.860Z, pid: 8678] > /home/peaches/anaconda3/bin/python -m dvc --version - FAILED with code 1 (14ms)
/home/peaches/anaconda3/bin/python: No module named dvc

[version: 1.2.29, 2025-11-28T07:45:46.865Z, pid: 0] > dvc --version - INITIALIZED
[version: 1.2.29, 2025-11-28T07:45:46.865Z, pid: 0] > dvc --version - FAILED (4ms)
Command failed with ENOENT: dvc --version
spawn dvc ENOENT
[version: 1.2.29, 2025-11-28T07:45:51.871Z, pid: 8680] > /home/peaches/anaconda3/bin/python -m dvc --version - INITIALIZED
[version: 1.2.29, 2025-11-28T07:45:51.880Z, pid: 8680] > /home/peaches/anaconda3/bin/python -m dvc --version - FAILED with code 1 (14ms)
/home/peaches/anaconda3/bin/python: No module named dvc

[version: 1.2.29, 2025-11-28T07:45:51.885Z, pid: 0] > dvc --version - INITIALIZED
[version: 1.2.29, 2025-11-28T07:45:51.886Z, pid: 0] > dvc --version - FAILED (5ms)
Command failed with ENOENT: dvc --version
spawn dvc ENOENT
[version: 1.2.29, 2025-11-28T07:45:56.890Z, pid: 8683] > /home/peaches/anaconda3/bin/python -m dvc --version - INITIALIZED
[version: 1.2.29, 2025-11-28T07:45:56.899Z, pid: 8683] > /home/peaches/anaconda3/bin/python -m dvc --version - FAILED with code 1 (13ms)
/home/peaches/anaconda3/bin/python: No module named dvc

[version: 1.2.29, 2025-11-28T07:45:56.904Z, pid: 0] > dvc --version - INITIALIZED
[version: 1.2.29, 2025-11-28T07:45:56.905Z, pid: 0] > dvc --version - FAILED (5ms)
Command failed with ENOENT: dvc --version
spawn dvc ENOENT
[version: 1.2.29, 2025-11-28T07:46:01.910Z, pid: 8687] > /home/peaches/anaconda3/bin/python -m dvc --version - INITIALIZED
[version: 1.2.29, 2025-11-28T07:46:01.919Z, pid: 8687] > /home/peaches/anaconda3/bin/python -m dvc --version - FAILED with code 1 (15ms)
/home/peaches/anaconda3/bin/python: No module named dvc

[version: 1.2.29, 2025-11-28T07:46:01.923Z, pid: 0] > dvc --version - INITIALIZED
[version: 1.2.29, 2025-11-28T07:46:01.924Z, pid: 0] > dvc --version - FAILED (5ms)
Command failed with ENOENT: dvc --version
spawn dvc ENOENT
[version: 1.2.29, 2025-11-28T07:46:06.930Z, pid: 8689] > /home/peaches/anaconda3/bin/python -m dvc --version - INITIALIZED
[version: 1.2.29, 2025-11-28T07:46:06.938Z, pid: 8689] > /home/peaches/anaconda3/bin/python -m dvc --version - FAILED with code 1 (14ms)
/home/peaches/anaconda3/bin/python: No module named dvc

[version: 1.2.29, 2025-11-28T07:46:06.943Z, pid: 0] > dvc --version - INITIALIZED
[version: 1.2.29, 2025-11-28T07:46:06.944Z, pid: 0] > dvc --version - FAILED (5ms)
Command failed with ENOENT: dvc --version
spawn dvc ENOENT
[version: 1.2.29, 2025-11-28T07:46:11.949Z, pid: 8691] > /home/peaches/anaconda3/bin/python -m dvc --version - INITIALIZED
[version: 1.2.29, 2025-11-28T07:46:11.958Z, pid: 8691] > /home/peaches/anaconda3/bin/python -m dvc --version - FAILED with code 1 (14ms)
/home/peaches/anaconda3/bin/python: No module named dvc

[version: 1.2.29, 2025-11-28T07:46:11.963Z, pid: 0] > dvc --version - INITIALIZED
[version: 1.2.29, 2025-11-28T07:46:11.964Z, pid: 0] > dvc --version - FAILED (6ms)
Command failed with ENOENT: dvc --version
spawn dvc ENOENT
[version: 1.2.29, 2025-11-28T07:46:16.969Z, pid: 8693] > /home/peaches/anaconda3/bin/python -m dvc --version - INITIALIZED
[version: 1.2.29, 2025-11-28T07:46:16.978Z, pid: 8693] > /home/peaches/anaconda3/bin/python -m dvc --version - FAILED with code 1 (14ms)
/home/peaches/anaconda3/bin/python: No module named dvc

[version: 1.2.29, 2025-11-28T07:46:16.982Z, pid: 0] > dvc --version - INITIALIZED
[version: 1.2.29, 2025-11-28T07:46:16.983Z, pid: 0] > dvc --version - FAILED (5ms)
Command failed with ENOENT: dvc --version
spawn dvc ENOENT
[version: 1.2.29, 2025-11-28T07:46:21.989Z, pid: 8695] > /home/peaches/anaconda3/bin/python -m dvc --version - INITIALIZED
[version: 1.2.29, 2025-11-28T07:46:21.999Z, pid: 8695] > /home/peaches/anaconda3/bin/python -m dvc --version - FAILED with code 1 (15ms)
/home/peaches/anaconda3/bin/python: No module named dvc

[version: 1.2.29, 2025-11-28T07:46:22.003Z, pid: 0] > dvc --version - INITIALIZED
[version: 1.2.29, 2025-11-28T07:46:22.004Z, pid: 0] > dvc --version - FAILED (5ms)
Command failed with ENOENT: dvc --version
spawn dvc ENOENT
[version: 1.2.29, 2025-11-28T07:46:27.010Z, pid: 8697] > /home/peaches/anaconda3/bin/python -m dvc --version - INITIALIZED
[version: 1.2.29, 2025-11-28T07:46:27.020Z, pid: 8697] > /home/peaches/anaconda3/bin/python -m dvc --version - FAILED with code 1 (15ms)
/home/peaches/anaconda3/bin/python: No module named dvc

[version: 1.2.29, 2025-11-28T07:46:27.025Z, pid: 0] > dvc --version - INITIALIZED
[version: 1.2.29, 2025-11-28T07:46:27.025Z, pid: 0] > dvc --version - FAILED (5ms)
Command failed with ENOENT: dvc --version
spawn dvc ENOENT
[version: 1.2.29, 2025-11-28T07:46:32.031Z, pid: 8699] > /home/peaches/anaconda3/bin/python -m dvc --version - INITIALIZED
[version: 1.2.29, 2025-11-28T07:46:32.040Z, pid: 8699] > /home/peaches/anaconda3/bin/python -m dvc --version - FAILED with code 1 (13ms)
/home/peaches/anaconda3/bin/python: No module named dvc

[version: 1.2.29, 2025-11-28T07:46:32.044Z, pid: 0] > dvc --version - INITIALIZED
[version: 1.2.29, 2025-11-28T07:46:32.044Z, pid: 0] > dvc --version - FAILED (4ms)
Command failed with ENOENT: dvc --version
spawn dvc ENOENT
[version: 1.2.29, 2025-11-28T07:46:37.052Z, pid: 8701] > /home/peaches/anaconda3/bin/python -m dvc --version - INITIALIZED
[version: 1.2.29, 2025-11-28T07:46:37.061Z, pid: 8701] > /home/peaches/anaconda3/bin/python -m dvc --version - FAILED with code 1 (15ms)
/home/peaches/anaconda3/bin/python: No module named dvc

[version: 1.2.29, 2025-11-28T07:46:37.066Z, pid: 0] > dvc --version - INITIALIZED
[version: 1.2.29, 2025-11-28T07:46:37.067Z, pid: 0] > dvc --version - FAILED (5ms)
Command failed with ENOENT: dvc --version
spawn dvc ENOENT
[version: 1.2.29, 2025-11-28T07:46:42.072Z, pid: 8703] > /home/peaches/anaconda3/bin/python -m dvc --version - INITIALIZED
[version: 1.2.29, 2025-11-28T07:46:42.081Z, pid: 8703] > /home/peaches/anaconda3/bin/python -m dvc --version - FAILED with code 1 (14ms)
/home/peaches/anaconda3/bin/python: No module named dvc

[version: 1.2.29, 2025-11-28T07:46:42.086Z, pid: 0] > dvc --version - INITIALIZED
[version: 1.2.29, 2025-11-28T07:46:42.087Z, pid: 0] > dvc --version - FAILED (5ms)
Command failed with ENOENT: dvc --version
spawn dvc ENOENT
[version: 1.2.29, 2025-11-28T07:46:47.092Z, pid: 8705] > /home/peaches/anaconda3/bin/python -m dvc --version - INITIALIZED
[version: 1.2.29, 2025-11-28T07:46:47.101Z, pid: 8705] > /home/peaches/anaconda3/bin/python -m dvc --version - FAILED with code 1 (14ms)
/home/peaches/anaconda3/bin/python: No module named dvc

[version: 1.2.29, 2025-11-28T07:46:47.105Z, pid: 0] > dvc --version - INITIALIZED
[version: 1.2.29, 2025-11-28T07:46:47.106Z, pid: 0] > dvc --version - FAILED (5ms)
Command failed with ENOENT: dvc --version
spawn dvc ENOENT
[version: 1.2.29, 2025-11-28T07:46:52.112Z, pid: 8708] > /home/peaches/anaconda3/bin/python -m dvc --version - INITIALIZED
[version: 1.2.29, 2025-11-28T07:46:52.121Z, pid: 8708] > /home/peaches/anaconda3/bin/python -m dvc --version - FAILED with code 1 (14ms)
/home/peaches/anaconda3/bin/python: No module named dvc

[version: 1.2.29, 2025-11-28T07:46:52.126Z, pid: 0] > dvc --version - INITIALIZED
[version: 1.2.29, 2025-11-28T07:46:52.127Z, pid: 0] > dvc --version - FAILED (5ms)
Command failed with ENOENT: dvc --version
spawn dvc ENOENT
[version: 1.2.29, 2025-11-28T07:46:57.132Z, pid: 8710] > /home/peaches/anaconda3/bin/python -m dvc --version - INITIALIZED
[version: 1.2.29, 2025-11-28T07:46:57.141Z, pid: 8710] > /home/peaches/anaconda3/bin/python -m dvc --version - FAILED with code 1 (14ms)
/home/peaches/anaconda3/bin/python: No module named dvc

[version: 1.2.29, 2025-11-28T07:46:57.145Z, pid: 0] > dvc --version - INITIALIZED
[version: 1.2.29, 2025-11-28T07:46:57.146Z, pid: 0] > dvc --version - FAILED (5ms)
Command failed with ENOENT: dvc --version
spawn dvc ENOENT
[version: 1.2.29, 2025-11-28T07:47:02.152Z, pid: 8714] > /home/peaches/anaconda3/bin/python -m dvc --version - INITIALIZED
[version: 1.2.29, 2025-11-28T07:47:02.161Z, pid: 8714] > /home/peaches/anaconda3/bin/python -m dvc --version - FAILED with code 1 (14ms)
/home/peaches/anaconda3/bin/python: No module named dvc

[version: 1.2.29, 2025-11-28T07:47:02.166Z, pid: 0] > dvc --version - INITIALIZED
[version: 1.2.29, 2025-11-28T07:47:02.166Z, pid: 0] > dvc --version - FAILED (4ms)
Command failed with ENOENT: dvc --version
spawn dvc ENOENT
[version: 1.2.29, 2025-11-28T07:47:07.172Z, pid: 8716] > /home/peaches/anaconda3/bin/python -m dvc --version - INITIALIZED
[version: 1.2.29, 2025-11-28T07:47:07.181Z, pid: 8716] > /home/peaches/anaconda3/bin/python -m dvc --version - FAILED with code 1 (14ms)
/home/peaches/anaconda3/bin/python: No module named dvc

[version: 1.2.29, 2025-11-28T07:47:07.185Z, pid: 0] > dvc --version - INITIALIZED
[version: 1.2.29, 2025-11-28T07:47:07.186Z, pid: 0] > dvc --version - FAILED (5ms)
Command failed with ENOENT: dvc --version
spawn dvc ENOENT
[version: 1.2.29, 2025-11-28T07:47:12.191Z, pid: 8718] > /home/peaches/anaconda3/bin/python -m dvc --version - INITIALIZED
[version: 1.2.29, 2025-11-28T07:47:12.201Z, pid: 8718] > /home/peaches/anaconda3/bin/python -m dvc --version - FAILED with code 1 (14ms)
/home/peaches/anaconda3/bin/python: No module named dvc

[version: 1.2.29, 2025-11-28T07:47:12.205Z, pid: 0] > dvc --version - INITIALIZED
[version: 1.2.29, 2025-11-28T07:47:12.206Z, pid: 0] > dvc --version - FAILED (5ms)
Command failed with ENOENT: dvc --version
spawn dvc ENOENT
[version: 1.2.29, 2025-11-28T07:47:17.211Z, pid: 8720] > /home/peaches/anaconda3/bin/python -m dvc --version - INITIALIZED
[version: 1.2.29, 2025-11-28T07:47:17.220Z, pid: 8720] > /home/peaches/anaconda3/bin/python -m dvc --version - FAILED with code 1 (14ms)
/home/peaches/anaconda3/bin/python: No module named dvc

[version: 1.2.29, 2025-11-28T07:47:17.224Z, pid: 0] > dvc --version - INITIALIZED
[version: 1.2.29, 2025-11-28T07:47:17.225Z, pid: 0] > dvc --version - FAILED (5ms)
Command failed with ENOENT: dvc --version
spawn dvc ENOENT
[version: 1.2.29, 2025-11-28T07:47:22.232Z, pid: 8722] > /home/peaches/anaconda3/bin/python -m dvc --version - INITIALIZED
[version: 1.2.29, 2025-11-28T07:47:22.242Z, pid: 8722] > /home/peaches/anaconda3/bin/python -m dvc --version - FAILED with code 1 (16ms)
/home/peaches/anaconda3/bin/python: No module named dvc

[version: 1.2.29, 2025-11-28T07:47:22.247Z, pid: 0] > dvc --version - INITIALIZED
[version: 1.2.29, 2025-11-28T07:47:22.247Z, pid: 0] > dvc --version - FAILED (5ms)
Command failed with ENOENT: dvc --version
spawn dvc ENOENT
[version: 1.2.29, 2025-11-28T07:47:27.253Z, pid: 8724] > /home/peaches/anaconda3/bin/python -m dvc --version - INITIALIZED
[version: 1.2.29, 2025-11-28T07:47:27.263Z, pid: 8724] > /home/peaches/anaconda3/bin/python -m dvc --version - FAILED with code 1 (14ms)
/home/peaches/anaconda3/bin/python: No module named dvc

[version: 1.2.29, 2025-11-28T07:47:27.267Z, pid: 0] > dvc --version - INITIALIZED
[version: 1.2.29, 2025-11-28T07:47:27.268Z, pid: 0] > dvc --version - FAILED (5ms)
Command failed with ENOENT: dvc --version
spawn dvc ENOENT
[version: 1.2.29, 2025-11-28T07:47:32.273Z, pid: 8728] > /home/peaches/anaconda3/bin/python -m dvc --version - INITIALIZED
[version: 1.2.29, 2025-11-28T07:47:32.283Z, pid: 8728] > /home/peaches/anaconda3/bin/python -m dvc --version - FAILED with code 1 (15ms)
/home/peaches/anaconda3/bin/python: No module named dvc

[version: 1.2.29, 2025-11-28T07:47:32.288Z, pid: 0] > dvc --version - INITIALIZED
[version: 1.2.29, 2025-11-28T07:47:32.289Z, pid: 0] > dvc --version - FAILED (5ms)
Command failed with ENOENT: dvc --version
spawn dvc ENOENT
[version: 1.2.29, 2025-11-28T07:47:37.294Z, pid: 8730] > /home/peaches/anaconda3/bin/python -m dvc --version - INITIALIZED
[version: 1.2.29, 2025-11-28T07:47:37.303Z, pid: 8730] > /home/peaches/anaconda3/bin/python -m dvc --version - FAILED with code 1 (14ms)
/home/peaches/anaconda3/bin/python: No module named dvc

[version: 1.2.29, 2025-11-28T07:47:37.307Z, pid: 0] > dvc --version - INITIALIZED
[version: 1.2.29, 2025-11-28T07:47:37.308Z, pid: 0] > dvc --version - FAILED (5ms)
Command failed with ENOENT: dvc --version
spawn dvc ENOENT
[version: 1.2.29, 2025-11-28T07:47:42.312Z, pid: 8732] > /home/peaches/anaconda3/bin/python -m dvc --version - INITIALIZED
[version: 1.2.29, 2025-11-28T07:47:42.321Z, pid: 8732] > /home/peaches/anaconda3/bin/python -m dvc --version - FAILED with code 1 (13ms)
/home/peaches/anaconda3/bin/python: No module named dvc

[version: 1.2.29, 2025-11-28T07:47:42.326Z, pid: 0] > dvc --version - INITIALIZED
[version: 1.2.29, 2025-11-28T07:47:42.326Z, pid: 0] > dvc --version - FAILED (4ms)
Command failed with ENOENT: dvc --version
spawn dvc ENOENT
[version: 1.2.29, 2025-11-28T07:47:47.332Z, pid: 8734] > /home/peaches/anaconda3/bin/python -m dvc --version - INITIALIZED
[version: 1.2.29, 2025-11-28T07:47:47.341Z, pid: 8734] > /home/peaches/anaconda3/bin/python -m dvc --version - FAILED with code 1 (15ms)
/home/peaches/anaconda3/bin/python: No module named dvc

[version: 1.2.29, 2025-11-28T07:47:47.345Z, pid: 0] > dvc --version - INITIALIZED
[version: 1.2.29, 2025-11-28T07:47:47.346Z, pid: 0] > dvc --version - FAILED (5ms)
Command failed with ENOENT: dvc --version
spawn dvc ENOENT
[version: 1.2.29, 2025-11-28T07:47:52.352Z, pid: 8736] > /home/peaches/anaconda3/bin/python -m dvc --version - INITIALIZED
[version: 1.2.29, 2025-11-28T07:47:52.361Z, pid: 8736] > /home/peaches/anaconda3/bin/python -m dvc --version - FAILED with code 1 (14ms)
/home/peaches/anaconda3/bin/python: No module named dvc

[version: 1.2.29, 2025-11-28T07:47:52.366Z, pid: 0] > dvc --version - INITIALIZED
[version: 1.2.29, 2025-11-28T07:47:52.366Z, pid: 0] > dvc --version - FAILED (5ms)
Command failed with ENOENT: dvc --version
spawn dvc ENOENT
[version: 1.2.29, 2025-11-28T07:47:57.371Z, pid: 8740] > /home/peaches/anaconda3/bin/python -m dvc --version - INITIALIZED
[version: 1.2.29, 2025-11-28T07:47:57.380Z, pid: 8740] > /home/peaches/anaconda3/bin/python -m dvc --version - FAILED with code 1 (14ms)
/home/peaches/anaconda3/bin/python: No module named dvc

[version: 1.2.29, 2025-11-28T07:47:57.384Z, pid: 0] > dvc --version - INITIALIZED
[version: 1.2.29, 2025-11-28T07:47:57.385Z, pid: 0] > dvc --version - FAILED (5ms)
Command failed with ENOENT: dvc --version
spawn dvc ENOENT
[version: 1.2.29, 2025-11-28T07:48:02.392Z, pid: 8744] > /home/peaches/anaconda3/bin/python -m dvc --version - INITIALIZED
[version: 1.2.29, 2025-11-28T07:48:02.401Z, pid: 8744] > /home/peaches/anaconda3/bin/python -m dvc --version - FAILED with code 1 (14ms)
/home/peaches/anaconda3/bin/python: No module named dvc

[version: 1.2.29, 2025-11-28T07:48:02.405Z, pid: 0] > dvc --version - INITIALIZED
[version: 1.2.29, 2025-11-28T07:48:02.406Z, pid: 0] > dvc --version - FAILED (5ms)
Command failed with ENOENT: dvc --version
spawn dvc ENOENT
[version: 1.2.29, 2025-11-28T07:48:07.413Z, pid: 8746] > /home/peaches/anaconda3/bin/python -m dvc --version - INITIALIZED
[version: 1.2.29, 2025-11-28T07:48:07.422Z, pid: 8746] > /home/peaches/anaconda3/bin/python -m dvc --version - FAILED with code 1 (15ms)
/home/peaches/anaconda3/bin/python: No module named dvc

[version: 1.2.29, 2025-11-28T07:48:07.426Z, pid: 0] > dvc --version - INITIALIZED
[version: 1.2.29, 2025-11-28T07:48:07.427Z, pid: 0] > dvc --version - FAILED (5ms)
Command failed with ENOENT: dvc --version
spawn dvc ENOENT
[version: 1.2.29, 2025-11-28T07:48:12.433Z, pid: 8748] > /home/peaches/anaconda3/bin/python -m dvc --version - INITIALIZED
[version: 1.2.29, 2025-11-28T07:48:12.443Z, pid: 8748] > /home/peaches/anaconda3/bin/python -m dvc --version - FAILED with code 1 (15ms)
/home/peaches/anaconda3/bin/python: No module named dvc

[version: 1.2.29, 2025-11-28T07:48:12.447Z, pid: 0] > dvc --version - INITIALIZED
[version: 1.2.29, 2025-11-28T07:48:12.448Z, pid: 0] > dvc --version - FAILED (4ms)
Command failed with ENOENT: dvc --version
spawn dvc ENOENT
[version: 1.2.29, 2025-11-28T07:48:17.454Z, pid: 8750] > /home/peaches/anaconda3/bin/python -m dvc --version - INITIALIZED
[version: 1.2.29, 2025-11-28T07:48:17.463Z, pid: 8750] > /home/peaches/anaconda3/bin/python -m dvc --version - FAILED with code 1 (14ms)
/home/peaches/anaconda3/bin/python: No module named dvc

[version: 1.2.29, 2025-11-28T07:48:17.468Z, pid: 0] > dvc --version - INITIALIZED
[version: 1.2.29, 2025-11-28T07:48:17.468Z, pid: 0] > dvc --version - FAILED (4ms)
Command failed with ENOENT: dvc --version
spawn dvc ENOENT
[version: 1.2.29, 2025-11-28T07:48:22.474Z, pid: 8752] > /home/peaches/anaconda3/bin/python -m dvc --version - INITIALIZED
[version: 1.2.29, 2025-11-28T07:48:22.483Z, pid: 8752] > /home/peaches/anaconda3/bin/python -m dvc --version - FAILED with code 1 (14ms)
/home/peaches/anaconda3/bin/python: No module named dvc

[version: 1.2.29, 2025-11-28T07:48:22.487Z, pid: 0] > dvc --version - INITIALIZED
[version: 1.2.29, 2025-11-28T07:48:22.488Z, pid: 0] > dvc --version - FAILED (4ms)
Command failed with ENOENT: dvc --version
spawn dvc ENOENT
[version: 1.2.29, 2025-11-28T07:48:27.494Z, pid: 8754] > /home/peaches/anaconda3/bin/python -m dvc --version - INITIALIZED
[version: 1.2.29, 2025-11-28T07:48:27.503Z, pid: 8754] > /home/peaches/anaconda3/bin/python -m dvc --version - FAILED with code 1 (14ms)
/home/peaches/anaconda3/bin/python: No module named dvc

[version: 1.2.29, 2025-11-28T07:48:27.507Z, pid: 0] > dvc --version - INITIALIZED
[version: 1.2.29, 2025-11-28T07:48:27.508Z, pid: 0] > dvc --version - FAILED (5ms)
Command failed with ENOENT: dvc --version
spawn dvc ENOENT
[version: 1.2.29, 2025-11-28T07:48:32.513Z, pid: 8756] > /home/peaches/anaconda3/bin/python -m dvc --version - INITIALIZED
[version: 1.2.29, 2025-11-28T07:48:32.522Z, pid: 8756] > /home/peaches/anaconda3/bin/python -m dvc --version - FAILED with code 1 (14ms)
/home/peaches/anaconda3/bin/python: No module named dvc

[version: 1.2.29, 2025-11-28T07:48:32.526Z, pid: 0] > dvc --version - INITIALIZED
[version: 1.2.29, 2025-11-28T07:48:32.527Z, pid: 0] > dvc --version - FAILED (5ms)
Command failed with ENOENT: dvc --version
spawn dvc ENOENT
[version: 1.2.29, 2025-11-28T07:48:37.533Z, pid: 8806] > /home/peaches/anaconda3/bin/python -m dvc --version - INITIALIZED
[version: 1.2.29, 2025-11-28T07:48:37.543Z, pid: 8806] > /home/peaches/anaconda3/bin/python -m dvc --version - FAILED with code 1 (15ms)
/home/peaches/anaconda3/bin/python: No module named dvc

[version: 1.2.29, 2025-11-28T07:48:37.547Z, pid: 0] > dvc --version - INITIALIZED
[version: 1.2.29, 2025-11-28T07:48:37.548Z, pid: 0] > dvc --version - FAILED (4ms)
Command failed with ENOENT: dvc --version
spawn dvc ENOENT
[version: 1.2.29, 2025-11-28T08:16:24.603Z, pid: 8954] > /home/peaches/anaconda3/bin/python -m dvc --version - INITIALIZED
[version: 1.2.29, 2025-11-28T08:16:24.612Z, pid: 8954] > /home/peaches/anaconda3/bin/python -m dvc --version - FAILED with code 1 (14ms)
/home/peaches/anaconda3/bin/python: No module named dvc

[version: 1.2.29, 2025-11-28T08:16:24.618Z, pid: 0] > dvc --version - INITIALIZED
[version: 1.2.29, 2025-11-28T08:16:24.619Z, pid: 0] > dvc --version - FAILED (5ms)
Command failed with ENOENT: dvc --version
spawn dvc ENOENT
[version: 1.2.29, 2025-11-28T08:16:29.624Z, pid: 9025] > /home/peaches/anaconda3/bin/python -m dvc --version - INITIALIZED
[version: 1.2.29, 2025-11-28T08:16:29.633Z, pid: 9025] > /home/peaches/anaconda3/bin/python -m dvc --version - FAILED with code 1 (14ms)
/home/peaches/anaconda3/bin/python: No module named dvc

[version: 1.2.29, 2025-11-28T08:16:29.637Z, pid: 0] > dvc --version - INITIALIZED
[version: 1.2.29, 2025-11-28T08:16:29.638Z, pid: 0] > dvc --version - FAILED (5ms)
Command failed with ENOENT: dvc --version
spawn dvc ENOENT
[version: 1.2.29, 2025-11-28T08:16:34.643Z, pid: 9048] > /home/peaches/anaconda3/bin/python -m dvc --version - INITIALIZED
[version: 1.2.29, 2025-11-28T08:16:34.652Z, pid: 9048] > /home/peaches/anaconda3/bin/python -m dvc --version - FAILED with code 1 (14ms)
/home/peaches/anaconda3/bin/python: No module named dvc

[version: 1.2.29, 2025-11-28T08:16:34.656Z, pid: 0] > dvc --version - INITIALIZED
[version: 1.2.29, 2025-11-28T08:16:34.657Z, pid: 0] > dvc --version - FAILED (5ms)
Command failed with ENOENT: dvc --version
spawn dvc ENOENT
[version: 1.2.29, 2025-11-28T08:16:39.663Z, pid: 9070] > /home/peaches/anaconda3/bin/python -m dvc --version - INITIALIZED
[version: 1.2.29, 2025-11-28T08:16:39.672Z, pid: 9070] > /home/peaches/anaconda3/bin/python -m dvc --version - FAILED with code 1 (15ms)
/home/peaches/anaconda3/bin/python: No module named dvc

[version: 1.2.29, 2025-11-28T08:16:39.676Z, pid: 0] > dvc --version - INITIALIZED
[version: 1.2.29, 2025-11-28T08:16:39.677Z, pid: 0] > dvc --version - FAILED (4ms)
Command failed with ENOENT: dvc --version
spawn dvc ENOENT
[version: 1.2.29, 2025-11-28T08:16:44.683Z, pid: 9092] > /home/peaches/anaconda3/bin/python -m dvc --version - INITIALIZED
[version: 1.2.29, 2025-11-28T08:16:44.692Z, pid: 9092] > /home/peaches/anaconda3/bin/python -m dvc --version - FAILED with code 1 (15ms)
/home/peaches/anaconda3/bin/python: No module named dvc

[version: 1.2.29, 2025-11-28T08:16:44.696Z, pid: 0] > dvc --version - INITIALIZED
[version: 1.2.29, 2025-11-28T08:16:44.697Z, pid: 0] > dvc --version - FAILED (4ms)
Command failed with ENOENT: dvc --version
spawn dvc ENOENT
[version: 1.2.29, 2025-11-28T08:16:49.702Z, pid: 9115] > /home/peaches/anaconda3/bin/python -m dvc --version - INITIALIZED
[version: 1.2.29, 2025-11-28T08:16:49.712Z, pid: 9115] > /home/peaches/anaconda3/bin/python -m dvc --version - FAILED with code 1 (14ms)
/home/peaches/anaconda3/bin/python: No module named dvc

[version: 1.2.29, 2025-11-28T08:16:49.717Z, pid: 0] > dvc --version - INITIALIZED
[version: 1.2.29, 2025-11-28T08:16:49.717Z, pid: 0] > dvc --version - FAILED (5ms)
Command failed with ENOENT: dvc --version
spawn dvc ENOENT
[version: 1.2.29, 2025-11-28T08:16:54.722Z, pid: 9137] > /home/peaches/anaconda3/bin/python -m dvc --version - INITIALIZED
[version: 1.2.29, 2025-11-28T08:16:54.732Z, pid: 9137] > /home/peaches/anaconda3/bin/python -m dvc --version - FAILED with code 1 (14ms)
/home/peaches/anaconda3/bin/python: No module named dvc

[version: 1.2.29, 2025-11-28T08:16:54.736Z, pid: 0] > dvc --version - INITIALIZED
[version: 1.2.29, 2025-11-28T08:16:54.737Z, pid: 0] > dvc --version - FAILED (5ms)
Command failed with ENOENT: dvc --version
spawn dvc ENOENT
[version: 1.2.29, 2025-11-28T08:16:59.744Z, pid: 9159] > /home/peaches/anaconda3/bin/python -m dvc --version - INITIALIZED
[version: 1.2.29, 2025-11-28T08:16:59.753Z, pid: 9159] > /home/peaches/anaconda3/bin/python -m dvc --version - FAILED with code 1 (15ms)
/home/peaches/anaconda3/bin/python: No module named dvc

[version: 1.2.29, 2025-11-28T08:16:59.758Z, pid: 0] > dvc --version - INITIALIZED
[version: 1.2.29, 2025-11-28T08:16:59.758Z, pid: 0] > dvc --version - FAILED (4ms)
Command failed with ENOENT: dvc --version
spawn dvc ENOENT
[version: 1.2.29, 2025-11-28T08:17:04.764Z, pid: 9181] > /home/peaches/anaconda3/bin/python -m dvc --version - INITIALIZED
[version: 1.2.29, 2025-11-28T08:17:04.773Z, pid: 9181] > /home/peaches/anaconda3/bin/python -m dvc --version - FAILED with code 1 (14ms)
/home/peaches/anaconda3/bin/python: No module named dvc

[version: 1.2.29, 2025-11-28T08:17:04.778Z, pid: 0] > dvc --version - INITIALIZED
[version: 1.2.29, 2025-11-28T08:17:04.779Z, pid: 0] > dvc --version - FAILED (5ms)
Command failed with ENOENT: dvc --version
spawn dvc ENOENT
[version: 1.2.29, 2025-11-28T08:17:09.784Z, pid: 9203] > /home/peaches/anaconda3/bin/python -m dvc --version - INITIALIZED
[version: 1.2.29, 2025-11-28T08:17:09.794Z, pid: 9203] > /home/peaches/anaconda3/bin/python -m dvc --version - FAILED with code 1 (15ms)
/home/peaches/anaconda3/bin/python: No module named dvc

[version: 1.2.29, 2025-11-28T08:17:09.798Z, pid: 0] > dvc --version - INITIALIZED
[version: 1.2.29, 2025-11-28T08:17:09.799Z, pid: 0] > dvc --version - FAILED (5ms)
Command failed with ENOENT: dvc --version
spawn dvc ENOENT
[version: 1.2.29, 2025-11-28T08:17:14.804Z, pid: 9226] > /home/peaches/anaconda3/bin/python -m dvc --version - INITIALIZED
[version: 1.2.29, 2025-11-28T08:17:14.813Z, pid: 9226] > /home/peaches/anaconda3/bin/python -m dvc --version - FAILED with code 1 (13ms)
/home/peaches/anaconda3/bin/python: No module named dvc

[version: 1.2.29, 2025-11-28T08:17:14.818Z, pid: 0] > dvc --version - INITIALIZED
[version: 1.2.29, 2025-11-28T08:17:14.819Z, pid: 0] > dvc --version - FAILED (5ms)
Command failed with ENOENT: dvc --version
spawn dvc ENOENT
[version: 1.2.29, 2025-11-28T08:17:19.824Z, pid: 9248] > /home/peaches/anaconda3/bin/python -m dvc --version - INITIALIZED
[version: 1.2.29, 2025-11-28T08:17:19.833Z, pid: 9248] > /home/peaches/anaconda3/bin/python -m dvc --version - FAILED with code 1 (14ms)
/home/peaches/anaconda3/bin/python: No module named dvc

[version: 1.2.29, 2025-11-28T08:17:19.838Z, pid: 0] > dvc --version - INITIALIZED
[version: 1.2.29, 2025-11-28T08:17:19.839Z, pid: 0] > dvc --version - FAILED (5ms)
Command failed with ENOENT: dvc --version
spawn dvc ENOENT
[version: 1.2.29, 2025-11-28T08:17:24.844Z, pid: 9270] > /home/peaches/anaconda3/bin/python -m dvc --version - INITIALIZED
[version: 1.2.29, 2025-11-28T08:17:24.854Z, pid: 9270] > /home/peaches/anaconda3/bin/python -m dvc --version - FAILED with code 1 (15ms)
/home/peaches/anaconda3/bin/python: No module named dvc

[version: 1.2.29, 2025-11-28T08:17:24.858Z, pid: 0] > dvc --version - INITIALIZED
[version: 1.2.29, 2025-11-28T08:17:24.859Z, pid: 0] > dvc --version - FAILED (5ms)
Command failed with ENOENT: dvc --version
spawn dvc ENOENT
[version: 1.2.29, 2025-11-28T08:17:29.863Z, pid: 9294] > /home/peaches/anaconda3/bin/python -m dvc --version - INITIALIZED
[version: 1.2.29, 2025-11-28T08:17:29.873Z, pid: 9294] > /home/peaches/anaconda3/bin/python -m dvc --version - FAILED with code 1 (14ms)
/home/peaches/anaconda3/bin/python: No module named dvc

[version: 1.2.29, 2025-11-28T08:17:29.878Z, pid: 0] > dvc --version - INITIALIZED
[version: 1.2.29, 2025-11-28T08:17:29.878Z, pid: 0] > dvc --version - FAILED (5ms)
Command failed with ENOENT: dvc --version
spawn dvc ENOENT
[version: 1.2.29, 2025-11-28T08:17:34.883Z, pid: 9316] > /home/peaches/anaconda3/bin/python -m dvc --version - INITIALIZED
[version: 1.2.29, 2025-11-28T08:17:34.892Z, pid: 9316] > /home/peaches/anaconda3/bin/python -m dvc --version - FAILED with code 1 (14ms)
/home/peaches/anaconda3/bin/python: No module named dvc

[version: 1.2.29, 2025-11-28T08:17:34.897Z, pid: 0] > dvc --version - INITIALIZED
[version: 1.2.29, 2025-11-28T08:17:34.898Z, pid: 0] > dvc --version - FAILED (5ms)
Command failed with ENOENT: dvc --version
spawn dvc ENOENT
[version: 1.2.29, 2025-11-28T08:17:39.903Z, pid: 9339] > /home/peaches/anaconda3/bin/python -m dvc --version - INITIALIZED
[version: 1.2.29, 2025-11-28T08:17:39.913Z, pid: 9339] > /home/peaches/anaconda3/bin/python -m dvc --version - FAILED with code 1 (15ms)
/home/peaches/anaconda3/bin/python: No module named dvc

[version: 1.2.29, 2025-11-28T08:17:39.917Z, pid: 0] > dvc --version - INITIALIZED
[version: 1.2.29, 2025-11-28T08:17:39.918Z, pid: 0] > dvc --version - FAILED (5ms)
Command failed with ENOENT: dvc --version
spawn dvc ENOENT
[version: 1.2.29, 2025-11-28T08:17:44.923Z, pid: 9361] > /home/peaches/anaconda3/bin/python -m dvc --version - INITIALIZED
[version: 1.2.29, 2025-11-28T08:17:44.932Z, pid: 9361] > /home/peaches/anaconda3/bin/python -m dvc --version - FAILED with code 1 (14ms)
/home/peaches/anaconda3/bin/python: No module named dvc

[version: 1.2.29, 2025-11-28T08:17:44.937Z, pid: 0] > dvc --version - INITIALIZED
[version: 1.2.29, 2025-11-28T08:17:44.938Z, pid: 0] > dvc --version - FAILED (5ms)
Command failed with ENOENT: dvc --version
spawn dvc ENOENT
[version: 1.2.29, 2025-11-28T08:17:49.943Z, pid: 9383] > /home/peaches/anaconda3/bin/python -m dvc --version - INITIALIZED
[version: 1.2.29, 2025-11-28T08:17:49.952Z, pid: 9383] > /home/peaches/anaconda3/bin/python -m dvc --version - FAILED with code 1 (14ms)
/home/peaches/anaconda3/bin/python: No module named dvc

[version: 1.2.29, 2025-11-28T08:17:49.957Z, pid: 0] > dvc --version - INITIALIZED
[version: 1.2.29, 2025-11-28T08:17:49.957Z, pid: 0] > dvc --version - FAILED (5ms)
Command failed with ENOENT: dvc --version
spawn dvc ENOENT
[version: 1.2.29, 2025-11-28T08:17:54.963Z, pid: 9407] > /home/peaches/anaconda3/bin/python -m dvc --version - INITIALIZED
[version: 1.2.29, 2025-11-28T08:17:54.973Z, pid: 9407] > /home/peaches/anaconda3/bin/python -m dvc --version - FAILED with code 1 (14ms)
/home/peaches/anaconda3/bin/python: No module named dvc

[version: 1.2.29, 2025-11-28T08:17:54.977Z, pid: 0] > dvc --version - INITIALIZED
[version: 1.2.29, 2025-11-28T08:17:54.978Z, pid: 0] > dvc --version - FAILED (5ms)
Command failed with ENOENT: dvc --version
spawn dvc ENOENT
[version: 1.2.29, 2025-11-28T08:17:59.985Z, pid: 9429] > /home/peaches/anaconda3/bin/python -m dvc --version - INITIALIZED
[version: 1.2.29, 2025-11-28T08:17:59.995Z, pid: 9429] > /home/peaches/anaconda3/bin/python -m dvc --version - FAILED with code 1 (15ms)
/home/peaches/anaconda3/bin/python: No module named dvc

[version: 1.2.29, 2025-11-28T08:18:00.000Z, pid: 0] > dvc --version - INITIALIZED
[version: 1.2.29, 2025-11-28T08:18:00.001Z, pid: 0] > dvc --version - FAILED (5ms)
Command failed with ENOENT: dvc --version
spawn dvc ENOENT
[version: 1.2.29, 2025-11-28T08:18:05.006Z, pid: 9451] > /home/peaches/anaconda3/bin/python -m dvc --version - INITIALIZED
[version: 1.2.29, 2025-11-28T08:18:05.016Z, pid: 9451] > /home/peaches/anaconda3/bin/python -m dvc --version - FAILED with code 1 (14ms)
/home/peaches/anaconda3/bin/python: No module named dvc

[version: 1.2.29, 2025-11-28T08:18:05.020Z, pid: 0] > dvc --version - INITIALIZED
[version: 1.2.29, 2025-11-28T08:18:05.021Z, pid: 0] > dvc --version - FAILED (5ms)
Command failed with ENOENT: dvc --version
spawn dvc ENOENT
[version: 1.2.29, 2025-11-28T08:18:10.026Z, pid: 9473] > /home/peaches/anaconda3/bin/python -m dvc --version - INITIALIZED
[version: 1.2.29, 2025-11-28T08:18:10.037Z, pid: 9473] > /home/peaches/anaconda3/bin/python -m dvc --version - FAILED with code 1 (14ms)
/home/peaches/anaconda3/bin/python: No module named dvc

[version: 1.2.29, 2025-11-28T08:18:10.041Z, pid: 0] > dvc --version - INITIALIZED
[version: 1.2.29, 2025-11-28T08:18:10.042Z, pid: 0] > dvc --version - FAILED (5ms)
Command failed with ENOENT: dvc --version
spawn dvc ENOENT
[version: 1.2.29, 2025-11-28T08:18:15.046Z, pid: 9495] > /home/peaches/anaconda3/bin/python -m dvc --version - INITIALIZED
[version: 1.2.29, 2025-11-28T08:18:15.056Z, pid: 9495] > /home/peaches/anaconda3/bin/python -m dvc --version - FAILED with code 1 (14ms)
/home/peaches/anaconda3/bin/python: No module named dvc

[version: 1.2.29, 2025-11-28T08:18:15.060Z, pid: 0] > dvc --version - INITIALIZED
[version: 1.2.29, 2025-11-28T08:18:15.061Z, pid: 0] > dvc --version - FAILED (5ms)
Command failed with ENOENT: dvc --version
spawn dvc ENOENT
[version: 1.2.29, 2025-11-28T08:18:20.067Z, pid: 9517] > /home/peaches/anaconda3/bin/python -m dvc --version - INITIALIZED
[version: 1.2.29, 2025-11-28T08:18:20.077Z, pid: 9517] > /home/peaches/anaconda3/bin/python -m dvc --version - FAILED with code 1 (15ms)
/home/peaches/anaconda3/bin/python: No module named dvc

[version: 1.2.29, 2025-11-28T08:18:20.082Z, pid: 0] > dvc --version - INITIALIZED
[version: 1.2.29, 2025-11-28T08:18:20.082Z, pid: 0] > dvc --version - FAILED (5ms)
Command failed with ENOENT: dvc --version
spawn dvc ENOENT
[version: 1.2.29, 2025-11-28T08:18:25.087Z, pid: 9539] > /home/peaches/anaconda3/bin/python -m dvc --version - INITIALIZED
[version: 1.2.29, 2025-11-28T08:18:25.096Z, pid: 9539] > /home/peaches/anaconda3/bin/python -m dvc --version - FAILED with code 1 (13ms)
/home/peaches/anaconda3/bin/python: No module named dvc

[version: 1.2.29, 2025-11-28T08:18:25.101Z, pid: 0] > dvc --version - INITIALIZED
[version: 1.2.29, 2025-11-28T08:18:25.102Z, pid: 0] > dvc --version - FAILED (5ms)
Command failed with ENOENT: dvc --version
spawn dvc ENOENT
[version: 1.2.29, 2025-11-28T08:18:30.107Z, pid: 9563] > /home/peaches/anaconda3/bin/python -m dvc --version - INITIALIZED
[version: 1.2.29, 2025-11-28T08:18:30.116Z, pid: 9563] > /home/peaches/anaconda3/bin/python -m dvc --version - FAILED with code 1 (13ms)
/home/peaches/anaconda3/bin/python: No module named dvc

[version: 1.2.29, 2025-11-28T08:18:30.120Z, pid: 0] > dvc --version - INITIALIZED
[version: 1.2.29, 2025-11-28T08:18:30.121Z, pid: 0] > dvc --version - FAILED (5ms)
Command failed with ENOENT: dvc --version
spawn dvc ENOENT
[version: 1.2.29, 2025-11-28T08:18:35.126Z, pid: 9585] > /home/peaches/anaconda3/bin/python -m dvc --version - INITIALIZED
[version: 1.2.29, 2025-11-28T08:18:35.135Z, pid: 9585] > /home/peaches/anaconda3/bin/python -m dvc --version - FAILED with code 1 (14ms)
/home/peaches/anaconda3/bin/python: No module named dvc

[version: 1.2.29, 2025-11-28T08:18:35.139Z, pid: 0] > dvc --version - INITIALIZED
[version: 1.2.29, 2025-11-28T08:18:35.140Z, pid: 0] > dvc --version - FAILED (5ms)
Command failed with ENOENT: dvc --version
spawn dvc ENOENT
[version: 1.2.29, 2025-11-28T08:18:40.146Z, pid: 9607] > /home/peaches/anaconda3/bin/python -m dvc --version - INITIALIZED
[version: 1.2.29, 2025-11-28T08:18:40.156Z, pid: 9607] > /home/peaches/anaconda3/bin/python -m dvc --version - FAILED with code 1 (16ms)
/home/peaches/anaconda3/bin/python: No module named dvc

[version: 1.2.29, 2025-11-28T08:18:40.160Z, pid: 0] > dvc --version - INITIALIZED
[version: 1.2.29, 2025-11-28T08:18:40.161Z, pid: 0] > dvc --version - FAILED (5ms)
Command failed with ENOENT: dvc --version
spawn dvc ENOENT
[version: 1.2.29, 2025-11-28T08:18:45.167Z, pid: 9629] > /home/peaches/anaconda3/bin/python -m dvc --version - INITIALIZED
[version: 1.2.29, 2025-11-28T08:18:45.176Z, pid: 9629] > /home/peaches/anaconda3/bin/python -m dvc --version - FAILED with code 1 (14ms)
/home/peaches/anaconda3/bin/python: No module named dvc

[version: 1.2.29, 2025-11-28T08:18:45.180Z, pid: 0] > dvc --version - INITIALIZED
[version: 1.2.29, 2025-11-28T08:18:45.181Z, pid: 0] > dvc --version - FAILED (5ms)
Command failed with ENOENT: dvc --version
spawn dvc ENOENT
[version: 1.2.29, 2025-11-28T08:18:50.186Z, pid: 9651] > /home/peaches/anaconda3/bin/python -m dvc --version - INITIALIZED
[version: 1.2.29, 2025-11-28T08:18:50.195Z, pid: 9651] > /home/peaches/anaconda3/bin/python -m dvc --version - FAILED with code 1 (14ms)
/home/peaches/anaconda3/bin/python: No module named dvc

[version: 1.2.29, 2025-11-28T08:18:50.200Z, pid: 0] > dvc --version - INITIALIZED
[version: 1.2.29, 2025-11-28T08:18:50.201Z, pid: 0] > dvc --version - FAILED (5ms)
Command failed with ENOENT: dvc --version
spawn dvc ENOENT
[version: 1.2.29, 2025-11-28T08:18:55.206Z, pid: 9673] > /home/peaches/anaconda3/bin/python -m dvc --version - INITIALIZED
[version: 1.2.29, 2025-11-28T08:18:55.216Z, pid: 9673] > /home/peaches/anaconda3/bin/python -m dvc --version - FAILED with code 1 (14ms)
/home/peaches/anaconda3/bin/python: No module named dvc

[version: 1.2.29, 2025-11-28T08:18:55.220Z, pid: 0] > dvc --version - INITIALIZED
[version: 1.2.29, 2025-11-28T08:18:55.220Z, pid: 0] > dvc --version - FAILED (4ms)
Command failed with ENOENT: dvc --version
spawn dvc ENOENT
[version: 1.2.29, 2025-11-28T08:19:00.226Z, pid: 9695] > /home/peaches/anaconda3/bin/python -m dvc --version - INITIALIZED
[version: 1.2.29, 2025-11-28T08:19:00.235Z, pid: 9695] > /home/peaches/anaconda3/bin/python -m dvc --version - FAILED with code 1 (14ms)
/home/peaches/anaconda3/bin/python: No module named dvc

[version: 1.2.29, 2025-11-28T08:19:00.240Z, pid: 0] > dvc --version - INITIALIZED
[version: 1.2.29, 2025-11-28T08:19:00.240Z, pid: 0] > dvc --version - FAILED (4ms)
Command failed with ENOENT: dvc --version
spawn dvc ENOENT
[version: 1.2.29, 2025-11-28T08:19:05.246Z, pid: 9717] > /home/peaches/anaconda3/bin/python -m dvc --version - INITIALIZED
[version: 1.2.29, 2025-11-28T08:19:05.255Z, pid: 9717] > /home/peaches/anaconda3/bin/python -m dvc --version - FAILED with code 1 (15ms)
/home/peaches/anaconda3/bin/python: No module named dvc

[version: 1.2.29, 2025-11-28T08:19:05.259Z, pid: 0] > dvc --version - INITIALIZED
[version: 1.2.29, 2025-11-28T08:19:05.260Z, pid: 0] > dvc --version - FAILED (5ms)
Command failed with ENOENT: dvc --version
spawn dvc ENOENT
[version: 1.2.29, 2025-11-28T08:19:10.266Z, pid: 9739] > /home/peaches/anaconda3/bin/python -m dvc --version - INITIALIZED
[version: 1.2.29, 2025-11-28T08:19:10.275Z, pid: 9739] > /home/peaches/anaconda3/bin/python -m dvc --version - FAILED with code 1 (15ms)
/home/peaches/anaconda3/bin/python: No module named dvc

[version: 1.2.29, 2025-11-28T08:19:10.279Z, pid: 0] > dvc --version - INITIALIZED
[version: 1.2.29, 2025-11-28T08:19:10.280Z, pid: 0] > dvc --version - FAILED (5ms)
Command failed with ENOENT: dvc --version
spawn dvc ENOENT
[version: 1.2.29, 2025-11-28T08:19:15.286Z, pid: 9761] > /home/peaches/anaconda3/bin/python -m dvc --version - INITIALIZED
[version: 1.2.29, 2025-11-28T08:19:15.295Z, pid: 9761] > /home/peaches/anaconda3/bin/python -m dvc --version - FAILED with code 1 (15ms)
/home/peaches/anaconda3/bin/python: No module named dvc

[version: 1.2.29, 2025-11-28T08:19:15.299Z, pid: 0] > dvc --version - INITIALIZED
[version: 1.2.29, 2025-11-28T08:19:15.300Z, pid: 0] > dvc --version - FAILED (5ms)
Command failed with ENOENT: dvc --version
spawn dvc ENOENT
[version: 1.2.29, 2025-11-28T08:19:20.306Z, pid: 9783] > /home/peaches/anaconda3/bin/python -m dvc --version - INITIALIZED
[version: 1.2.29, 2025-11-28T08:19:20.315Z, pid: 9783] > /home/peaches/anaconda3/bin/python -m dvc --version - FAILED with code 1 (15ms)
/home/peaches/anaconda3/bin/python: No module named dvc

[version: 1.2.29, 2025-11-28T08:19:20.320Z, pid: 0] > dvc --version - INITIALIZED
[version: 1.2.29, 2025-11-28T08:19:20.320Z, pid: 0] > dvc --version - FAILED (4ms)
Command failed with ENOENT: dvc --version
spawn dvc ENOENT
[version: 1.2.29, 2025-11-28T08:19:25.326Z, pid: 9805] > /home/peaches/anaconda3/bin/python -m dvc --version - INITIALIZED
[version: 1.2.29, 2025-11-28T08:19:25.335Z, pid: 9805] > /home/peaches/anaconda3/bin/python -m dvc --version - FAILED with code 1 (14ms)
/home/peaches/anaconda3/bin/python: No module named dvc

[version: 1.2.29, 2025-11-28T08:19:25.340Z, pid: 0] > dvc --version - INITIALIZED
[version: 1.2.29, 2025-11-28T08:19:25.340Z, pid: 0] > dvc --version - FAILED (4ms)
Command failed with ENOENT: dvc --version
spawn dvc ENOENT
[version: 1.2.29, 2025-11-28T08:19:30.346Z, pid: 9829] > /home/peaches/anaconda3/bin/python -m dvc --version - INITIALIZED
[version: 1.2.29, 2025-11-28T08:19:30.356Z, pid: 9829] > /home/peaches/anaconda3/bin/python -m dvc --version - FAILED with code 1 (16ms)
/home/peaches/anaconda3/bin/python: No module named dvc

[version: 1.2.29, 2025-11-28T08:19:30.360Z, pid: 0] > dvc --version - INITIALIZED
[version: 1.2.29, 2025-11-28T08:19:30.361Z, pid: 0] > dvc --version - FAILED (5ms)
Command failed with ENOENT: dvc --version
spawn dvc ENOENT
[version: 1.2.29, 2025-11-28T08:19:35.367Z, pid: 9851] > /home/peaches/anaconda3/bin/python -m dvc --version - INITIALIZED
[version: 1.2.29, 2025-11-28T08:19:35.376Z, pid: 9851] > /home/peaches/anaconda3/bin/python -m dvc --version - FAILED with code 1 (15ms)
/home/peaches/anaconda3/bin/python: No module named dvc

[version: 1.2.29, 2025-11-28T08:19:35.380Z, pid: 0] > dvc --version - INITIALIZED
[version: 1.2.29, 2025-11-28T08:19:35.381Z, pid: 0] > dvc --version - FAILED (5ms)
Command failed with ENOENT: dvc --version
spawn dvc ENOENT
[version: 1.2.29, 2025-11-28T08:19:40.386Z, pid: 9874] > /home/peaches/anaconda3/bin/python -m dvc --version - INITIALIZED
[version: 1.2.29, 2025-11-28T08:19:40.395Z, pid: 9874] > /home/peaches/anaconda3/bin/python -m dvc --version - FAILED with code 1 (14ms)
/home/peaches/anaconda3/bin/python: No module named dvc

[version: 1.2.29, 2025-11-28T08:19:40.399Z, pid: 0] > dvc --version - INITIALIZED
[version: 1.2.29, 2025-11-28T08:19:40.400Z, pid: 0] > dvc --version - FAILED (5ms)
Command failed with ENOENT: dvc --version
spawn dvc ENOENT
[version: 1.2.29, 2025-11-28T08:19:45.406Z, pid: 9896] > /home/peaches/anaconda3/bin/python -m dvc --version - INITIALIZED
[version: 1.2.29, 2025-11-28T08:19:45.415Z, pid: 9896] > /home/peaches/anaconda3/bin/python -m dvc --version - FAILED with code 1 (15ms)
/home/peaches/anaconda3/bin/python: No module named dvc

[version: 1.2.29, 2025-11-28T08:19:45.420Z, pid: 0] > dvc --version - INITIALIZED
[version: 1.2.29, 2025-11-28T08:19:45.421Z, pid: 0] > dvc --version - FAILED (5ms)
Command failed with ENOENT: dvc --version
spawn dvc ENOENT
[version: 1.2.29, 2025-11-28T08:19:50.427Z, pid: 9918] > /home/peaches/anaconda3/bin/python -m dvc --version - INITIALIZED
[version: 1.2.29, 2025-11-28T08:19:50.436Z, pid: 9918] > /home/peaches/anaconda3/bin/python -m dvc --version - FAILED with code 1 (15ms)
/home/peaches/anaconda3/bin/python: No module named dvc

[version: 1.2.29, 2025-11-28T08:19:50.440Z, pid: 0] > dvc --version - INITIALIZED
[version: 1.2.29, 2025-11-28T08:19:50.441Z, pid: 0] > dvc --version - FAILED (5ms)
Command failed with ENOENT: dvc --version
spawn dvc ENOENT
[version: 1.2.29, 2025-11-28T08:19:55.446Z, pid: 9940] > /home/peaches/anaconda3/bin/python -m dvc --version - INITIALIZED
[version: 1.2.29, 2025-11-28T08:19:55.455Z, pid: 9940] > /home/peaches/anaconda3/bin/python -m dvc --version - FAILED with code 1 (14ms)
/home/peaches/anaconda3/bin/python: No module named dvc

[version: 1.2.29, 2025-11-28T08:19:55.459Z, pid: 0] > dvc --version - INITIALIZED
[version: 1.2.29, 2025-11-28T08:19:55.460Z, pid: 0] > dvc --version - FAILED (5ms)
Command failed with ENOENT: dvc --version
spawn dvc ENOENT
[version: 1.2.29, 2025-11-28T08:20:00.464Z, pid: 9962] > /home/peaches/anaconda3/bin/python -m dvc --version - INITIALIZED
[version: 1.2.29, 2025-11-28T08:20:00.473Z, pid: 9962] > /home/peaches/anaconda3/bin/python -m dvc --version - FAILED with code 1 (13ms)
/home/peaches/anaconda3/bin/python: No module named dvc

[version: 1.2.29, 2025-11-28T08:20:00.477Z, pid: 0] > dvc --version - INITIALIZED
[version: 1.2.29, 2025-11-28T08:20:00.478Z, pid: 0] > dvc --version - FAILED (5ms)
Command failed with ENOENT: dvc --version
spawn dvc ENOENT
[version: 1.2.29, 2025-11-28T08:20:05.484Z, pid: 9984] > /home/peaches/anaconda3/bin/python -m dvc --version - INITIALIZED
[version: 1.2.29, 2025-11-28T08:20:05.492Z, pid: 9984] > /home/peaches/anaconda3/bin/python -m dvc --version - FAILED with code 1 (14ms)
/home/peaches/anaconda3/bin/python: No module named dvc

[version: 1.2.29, 2025-11-28T08:20:05.497Z, pid: 0] > dvc --version - INITIALIZED
[version: 1.2.29, 2025-11-28T08:20:05.498Z, pid: 0] > dvc --version - FAILED (4ms)
Command failed with ENOENT: dvc --version
spawn dvc ENOENT
[version: 1.2.29, 2025-11-28T08:20:10.503Z, pid: 10006] > /home/peaches/anaconda3/bin/python -m dvc --version - INITIALIZED
[version: 1.2.29, 2025-11-28T08:20:10.513Z, pid: 10006] > /home/peaches/anaconda3/bin/python -m dvc --version - FAILED with code 1 (14ms)
/home/peaches/anaconda3/bin/python: No module named dvc

[version: 1.2.29, 2025-11-28T08:20:10.518Z, pid: 0] > dvc --version - INITIALIZED
[version: 1.2.29, 2025-11-28T08:20:10.520Z, pid: 0] > dvc --version - FAILED (7ms)
Command failed with ENOENT: dvc --version
spawn dvc ENOENT
[version: 1.2.29, 2025-11-28T08:20:15.529Z, pid: 10031] > /home/peaches/anaconda3/bin/python -m dvc --version - INITIALIZED
[version: 1.2.29, 2025-11-28T08:20:15.539Z, pid: 10031] > /home/peaches/anaconda3/bin/python -m dvc --version - FAILED with code 1 (19ms)
/home/peaches/anaconda3/bin/python: No module named dvc

[version: 1.2.29, 2025-11-28T08:20:15.544Z, pid: 0] > dvc --version - INITIALIZED
[version: 1.2.29, 2025-11-28T08:20:15.544Z, pid: 0] > dvc --version - FAILED (5ms)
Command failed with ENOENT: dvc --version
spawn dvc ENOENT
[version: 1.2.29, 2025-11-28T08:20:20.548Z, pid: 10054] > /home/peaches/anaconda3/bin/python -m dvc --version - INITIALIZED
[version: 1.2.29, 2025-11-28T08:20:20.557Z, pid: 10054] > /home/peaches/anaconda3/bin/python -m dvc --version - FAILED with code 1 (13ms)
/home/peaches/anaconda3/bin/python: No module named dvc

[version: 1.2.29, 2025-11-28T08:20:20.562Z, pid: 0] > dvc --version - INITIALIZED
[version: 1.2.29, 2025-11-28T08:20:20.563Z, pid: 0] > dvc --version - FAILED (6ms)
Command failed with ENOENT: dvc --version
spawn dvc ENOENT
[version: 1.2.29, 2025-11-28T08:20:25.568Z, pid: 10076] > /home/peaches/anaconda3/bin/python -m dvc --version - INITIALIZED
[version: 1.2.29, 2025-11-28T08:20:25.577Z, pid: 10076] > /home/peaches/anaconda3/bin/python -m dvc --version - FAILED with code 1 (14ms)
/home/peaches/anaconda3/bin/python: No module named dvc

[version: 1.2.29, 2025-11-28T08:20:25.582Z, pid: 0] > dvc --version - INITIALIZED
[version: 1.2.29, 2025-11-28T08:20:25.583Z, pid: 0] > dvc --version - FAILED (4ms)
Command failed with ENOENT: dvc --version
spawn dvc ENOENT
[version: 1.2.29, 2025-11-28T08:20:30.589Z, pid: 10100] > /home/peaches/anaconda3/bin/python -m dvc --version - INITIALIZED
[version: 1.2.29, 2025-11-28T08:20:30.598Z, pid: 10100] > /home/peaches/anaconda3/bin/python -m dvc --version - FAILED with code 1 (15ms)
/home/peaches/anaconda3/bin/python: No module named dvc

[version: 1.2.29, 2025-11-28T08:20:30.603Z, pid: 0] > dvc --version - INITIALIZED
[version: 1.2.29, 2025-11-28T08:20:30.603Z, pid: 0] > dvc --version - FAILED (5ms)
Command failed with ENOENT: dvc --version
spawn dvc ENOENT
[version: 1.2.29, 2025-11-28T08:20:35.609Z, pid: 10124] > /home/peaches/anaconda3/bin/python -m dvc --version - INITIALIZED
[version: 1.2.29, 2025-11-28T08:20:35.619Z, pid: 10124] > /home/peaches/anaconda3/bin/python -m dvc --version - FAILED with code 1 (15ms)
/home/peaches/anaconda3/bin/python: No module named dvc

[version: 1.2.29, 2025-11-28T08:20:35.623Z, pid: 0] > dvc --version - INITIALIZED
[version: 1.2.29, 2025-11-28T08:20:35.624Z, pid: 0] > dvc --version - FAILED (5ms)
Command failed with ENOENT: dvc --version
spawn dvc ENOENT
[version: 1.2.29, 2025-11-28T08:20:40.629Z, pid: 10146] > /home/peaches/anaconda3/bin/python -m dvc --version - INITIALIZED
[version: 1.2.29, 2025-11-28T08:20:40.638Z, pid: 10146] > /home/peaches/anaconda3/bin/python -m dvc --version - FAILED with code 1 (14ms)
/home/peaches/anaconda3/bin/python: No module named dvc

[version: 1.2.29, 2025-11-28T08:20:40.643Z, pid: 0] > dvc --version - INITIALIZED
[version: 1.2.29, 2025-11-28T08:20:40.644Z, pid: 0] > dvc --version - FAILED (5ms)
Command failed with ENOENT: dvc --version
spawn dvc ENOENT
[version: 1.2.29, 2025-11-28T08:20:45.649Z, pid: 10169] > /home/peaches/anaconda3/bin/python -m dvc --version - INITIALIZED
[version: 1.2.29, 2025-11-28T08:20:45.659Z, pid: 10169] > /home/peaches/anaconda3/bin/python -m dvc --version - FAILED with code 1 (15ms)
/home/peaches/anaconda3/bin/python: No module named dvc

[version: 1.2.29, 2025-11-28T08:20:45.664Z, pid: 0] > dvc --version - INITIALIZED
[version: 1.2.29, 2025-11-28T08:20:45.664Z, pid: 0] > dvc --version - FAILED (5ms)
Command failed with ENOENT: dvc --version
spawn dvc ENOENT
[version: 1.2.29, 2025-11-28T08:20:50.671Z, pid: 10191] > /home/peaches/anaconda3/bin/python -m dvc --version - INITIALIZED
[version: 1.2.29, 2025-11-28T08:20:50.681Z, pid: 10191] > /home/peaches/anaconda3/bin/python -m dvc --version - FAILED with code 1 (16ms)
/home/peaches/anaconda3/bin/python: No module named dvc

[version: 1.2.29, 2025-11-28T08:20:50.685Z, pid: 0] > dvc --version - INITIALIZED
[version: 1.2.29, 2025-11-28T08:20:50.686Z, pid: 0] > dvc --version - FAILED (5ms)
Command failed with ENOENT: dvc --version
spawn dvc ENOENT
[version: 1.2.29, 2025-11-28T08:20:55.692Z, pid: 10213] > /home/peaches/anaconda3/bin/python -m dvc --version - INITIALIZED
[version: 1.2.29, 2025-11-28T08:20:55.701Z, pid: 10213] > /home/peaches/anaconda3/bin/python -m dvc --version - FAILED with code 1 (15ms)
/home/peaches/anaconda3/bin/python: No module named dvc

[version: 1.2.29, 2025-11-28T08:20:55.705Z, pid: 0] > dvc --version - INITIALIZED
[version: 1.2.29, 2025-11-28T08:20:55.706Z, pid: 0] > dvc --version - FAILED (5ms)
Command failed with ENOENT: dvc --version
spawn dvc ENOENT
[version: 1.2.29, 2025-11-28T08:21:00.712Z, pid: 10235] > /home/peaches/anaconda3/bin/python -m dvc --version - INITIALIZED
[version: 1.2.29, 2025-11-28T08:21:00.721Z, pid: 10235] > /home/peaches/anaconda3/bin/python -m dvc --version - FAILED with code 1 (15ms)
/home/peaches/anaconda3/bin/python: No module named dvc

[version: 1.2.29, 2025-11-28T08:21:00.725Z, pid: 0] > dvc --version - INITIALIZED
[version: 1.2.29, 2025-11-28T08:21:00.726Z, pid: 0] > dvc --version - FAILED (5ms)
Command failed with ENOENT: dvc --version
spawn dvc ENOENT
[version: 1.2.29, 2025-11-28T08:21:05.730Z, pid: 10258] > /home/peaches/anaconda3/bin/python -m dvc --version - INITIALIZED
[version: 1.2.29, 2025-11-28T08:21:05.740Z, pid: 10258] > /home/peaches/anaconda3/bin/python -m dvc --version - FAILED with code 1 (14ms)
/home/peaches/anaconda3/bin/python: No module named dvc

[version: 1.2.29, 2025-11-28T08:21:05.744Z, pid: 0] > dvc --version - INITIALIZED
[version: 1.2.29, 2025-11-28T08:21:05.745Z, pid: 0] > dvc --version - FAILED (5ms)
Command failed with ENOENT: dvc --version
spawn dvc ENOENT
[version: 1.2.29, 2025-11-28T08:21:10.751Z, pid: 10280] > /home/peaches/anaconda3/bin/python -m dvc --version - INITIALIZED
[version: 1.2.29, 2025-11-28T08:21:10.760Z, pid: 10280] > /home/peaches/anaconda3/bin/python -m dvc --version - FAILED with code 1 (14ms)
/home/peaches/anaconda3/bin/python: No module named dvc

[version: 1.2.29, 2025-11-28T08:21:10.765Z, pid: 0] > dvc --version - INITIALIZED
[version: 1.2.29, 2025-11-28T08:21:10.765Z, pid: 0] > dvc --version - FAILED (4ms)
Command failed with ENOENT: dvc --version
spawn dvc ENOENT
[version: 1.2.29, 2025-11-28T08:21:15.771Z, pid: 10302] > /home/peaches/anaconda3/bin/python -m dvc --version - INITIALIZED
[version: 1.2.29, 2025-11-28T08:21:15.780Z, pid: 10302] > /home/peaches/anaconda3/bin/python -m dvc --version - FAILED with code 1 (14ms)
/home/peaches/anaconda3/bin/python: No module named dvc

[version: 1.2.29, 2025-11-28T08:21:15.785Z, pid: 0] > dvc --version - INITIALIZED
[version: 1.2.29, 2025-11-28T08:21:15.785Z, pid: 0] > dvc --version - FAILED (4ms)
Command failed with ENOENT: dvc --version
spawn dvc ENOENT
[version: 1.2.29, 2025-11-28T08:21:20.791Z, pid: 10324] > /home/peaches/anaconda3/bin/python -m dvc --version - INITIALIZED
[version: 1.2.29, 2025-11-28T08:21:20.800Z, pid: 10324] > /home/peaches/anaconda3/bin/python -m dvc --version - FAILED with code 1 (15ms)
/home/peaches/anaconda3/bin/python: No module named dvc

[version: 1.2.29, 2025-11-28T08:21:20.804Z, pid: 0] > dvc --version - INITIALIZED
[version: 1.2.29, 2025-11-28T08:21:20.805Z, pid: 0] > dvc --version - FAILED (5ms)
Command failed with ENOENT: dvc --version
spawn dvc ENOENT
[version: 1.2.29, 2025-11-28T08:21:25.811Z, pid: 10350] > /home/peaches/anaconda3/bin/python -m dvc --version - INITIALIZED
[version: 1.2.29, 2025-11-28T08:21:25.820Z, pid: 10350] > /home/peaches/anaconda3/bin/python -m dvc --version - FAILED with code 1 (15ms)
/home/peaches/anaconda3/bin/python: No module named dvc

[version: 1.2.29, 2025-11-28T08:21:25.825Z, pid: 0] > dvc --version - INITIALIZED
[version: 1.2.29, 2025-11-28T08:21:25.826Z, pid: 0] > dvc --version - FAILED (6ms)
Command failed with ENOENT: dvc --version
spawn dvc ENOENT
[version: 1.2.29, 2025-11-28T08:21:30.832Z, pid: 10375] > /home/peaches/anaconda3/bin/python -m dvc --version - INITIALIZED
[version: 1.2.29, 2025-11-28T08:21:30.841Z, pid: 10375] > /home/peaches/anaconda3/bin/python -m dvc --version - FAILED with code 1 (15ms)
/home/peaches/anaconda3/bin/python: No module named dvc

[version: 1.2.29, 2025-11-28T08:21:30.846Z, pid: 0] > dvc --version - INITIALIZED
[version: 1.2.29, 2025-11-28T08:21:30.847Z, pid: 0] > dvc --version - FAILED (5ms)
Command failed with ENOENT: dvc --version
spawn dvc ENOENT
[version: 1.2.29, 2025-11-28T08:21:35.853Z, pid: 10397] > /home/peaches/anaconda3/bin/python -m dvc --version - INITIALIZED
[version: 1.2.29, 2025-11-28T08:21:35.862Z, pid: 10397] > /home/peaches/anaconda3/bin/python -m dvc --version - FAILED with code 1 (15ms)
/home/peaches/anaconda3/bin/python: No module named dvc

[version: 1.2.29, 2025-11-28T08:21:35.866Z, pid: 0] > dvc --version - INITIALIZED
[version: 1.2.29, 2025-11-28T08:21:35.867Z, pid: 0] > dvc --version - FAILED (5ms)
Command failed with ENOENT: dvc --version
spawn dvc ENOENT
[version: 1.2.29, 2025-11-28T08:21:40.873Z, pid: 10420] > /home/peaches/anaconda3/bin/python -m dvc --version - INITIALIZED
[version: 1.2.29, 2025-11-28T08:21:40.882Z, pid: 10420] > /home/peaches/anaconda3/bin/python -m dvc --version - FAILED with code 1 (14ms)
/home/peaches/anaconda3/bin/python: No module named dvc

[version: 1.2.29, 2025-11-28T08:21:40.887Z, pid: 0] > dvc --version - INITIALIZED
[version: 1.2.29, 2025-11-28T08:21:40.888Z, pid: 0] > dvc --version - FAILED (6ms)
Command failed with ENOENT: dvc --version
spawn dvc ENOENT
[version: 1.2.29, 2025-11-28T08:21:45.894Z, pid: 10442] > /home/peaches/anaconda3/bin/python -m dvc --version - INITIALIZED
[version: 1.2.29, 2025-11-28T08:21:45.903Z, pid: 10442] > /home/peaches/anaconda3/bin/python -m dvc --version - FAILED with code 1 (15ms)
/home/peaches/anaconda3/bin/python: No module named dvc

[version: 1.2.29, 2025-11-28T08:21:45.907Z, pid: 0] > dvc --version - INITIALIZED
[version: 1.2.29, 2025-11-28T08:21:45.908Z, pid: 0] > dvc --version - FAILED (5ms)
Command failed with ENOENT: dvc --version
spawn dvc ENOENT
[version: 1.2.29, 2025-11-28T08:21:50.913Z, pid: 10464] > /home/peaches/anaconda3/bin/python -m dvc --version - INITIALIZED
[version: 1.2.29, 2025-11-28T08:21:50.922Z, pid: 10464] > /home/peaches/anaconda3/bin/python -m dvc --version - FAILED with code 1 (14ms)
/home/peaches/anaconda3/bin/python: No module named dvc

[version: 1.2.29, 2025-11-28T08:21:50.926Z, pid: 0] > dvc --version - INITIALIZED
[version: 1.2.29, 2025-11-28T08:21:50.927Z, pid: 0] > dvc --version - FAILED (5ms)
Command failed with ENOENT: dvc --version
spawn dvc ENOENT
[version: 1.2.29, 2025-11-28T08:21:55.933Z, pid: 10486] > /home/peaches/anaconda3/bin/python -m dvc --version - INITIALIZED
[version: 1.2.29, 2025-11-28T08:21:55.942Z, pid: 10486] > /home/peaches/anaconda3/bin/python -m dvc --version - FAILED with code 1 (14ms)
/home/peaches/anaconda3/bin/python: No module named dvc

[version: 1.2.29, 2025-11-28T08:21:55.946Z, pid: 0] > dvc --version - INITIALIZED
[version: 1.2.29, 2025-11-28T08:21:55.947Z, pid: 0] > dvc --version - FAILED (5ms)
Command failed with ENOENT: dvc --version
spawn dvc ENOENT
[version: 1.2.29, 2025-11-28T08:22:00.952Z, pid: 10508] > /home/peaches/anaconda3/bin/python -m dvc --version - INITIALIZED
[version: 1.2.29, 2025-11-28T08:22:00.961Z, pid: 10508] > /home/peaches/anaconda3/bin/python -m dvc --version - FAILED with code 1 (14ms)
/home/peaches/anaconda3/bin/python: No module named dvc

[version: 1.2.29, 2025-11-28T08:22:00.966Z, pid: 0] > dvc --version - INITIALIZED
[version: 1.2.29, 2025-11-28T08:22:00.967Z, pid: 0] > dvc --version - FAILED (6ms)
Command failed with ENOENT: dvc --version
spawn dvc ENOENT
[version: 1.2.29, 2025-11-28T08:22:05.972Z, pid: 10530] > /home/peaches/anaconda3/bin/python -m dvc --version - INITIALIZED
[version: 1.2.29, 2025-11-28T08:22:05.981Z, pid: 10530] > /home/peaches/anaconda3/bin/python -m dvc --version - FAILED with code 1 (14ms)
/home/peaches/anaconda3/bin/python: No module named dvc

[version: 1.2.29, 2025-11-28T08:22:05.986Z, pid: 0] > dvc --version - INITIALIZED
[version: 1.2.29, 2025-11-28T08:22:05.987Z, pid: 0] > dvc --version - FAILED (4ms)
Command failed with ENOENT: dvc --version
spawn dvc ENOENT
[version: 1.2.29, 2025-11-28T08:22:10.994Z, pid: 10552] > /home/peaches/anaconda3/bin/python -m dvc --version - INITIALIZED
[version: 1.2.29, 2025-11-28T08:22:11.003Z, pid: 10552] > /home/peaches/anaconda3/bin/python -m dvc --version - FAILED with code 1 (15ms)
/home/peaches/anaconda3/bin/python: No module named dvc

[version: 1.2.29, 2025-11-28T08:22:11.008Z, pid: 0] > dvc --version - INITIALIZED
[version: 1.2.29, 2025-11-28T08:22:11.009Z, pid: 0] > dvc --version - FAILED (5ms)
Command failed with ENOENT: dvc --version
spawn dvc ENOENT
[version: 1.2.29, 2025-11-28T08:22:16.016Z, pid: 10574] > /home/peaches/anaconda3/bin/python -m dvc --version - INITIALIZED
[version: 1.2.29, 2025-11-28T08:22:16.025Z, pid: 10574] > /home/peaches/anaconda3/bin/python -m dvc --version - FAILED with code 1 (15ms)
/home/peaches/anaconda3/bin/python: No module named dvc

[version: 1.2.29, 2025-11-28T08:22:16.029Z, pid: 0] > dvc --version - INITIALIZED
[version: 1.2.29, 2025-11-28T08:22:16.030Z, pid: 0] > dvc --version - FAILED (5ms)
Command failed with ENOENT: dvc --version
spawn dvc ENOENT
[version: 1.2.29, 2025-11-28T08:22:21.035Z, pid: 10596] > /home/peaches/anaconda3/bin/python -m dvc --version - INITIALIZED
[version: 1.2.29, 2025-11-28T08:22:21.044Z, pid: 10596] > /home/peaches/anaconda3/bin/python -m dvc --version - FAILED with code 1 (14ms)
/home/peaches/anaconda3/bin/python: No module named dvc

[version: 1.2.29, 2025-11-28T08:22:21.048Z, pid: 0] > dvc --version - INITIALIZED
[version: 1.2.29, 2025-11-28T08:22:21.049Z, pid: 0] > dvc --version - FAILED (5ms)
Command failed with ENOENT: dvc --version
spawn dvc ENOENT
[version: 1.2.29, 2025-11-28T08:22:26.056Z, pid: 10618] > /home/peaches/anaconda3/bin/python -m dvc --version - INITIALIZED
[version: 1.2.29, 2025-11-28T08:22:26.065Z, pid: 10618] > /home/peaches/anaconda3/bin/python -m dvc --version - FAILED with code 1 (15ms)
/home/peaches/anaconda3/bin/python: No module named dvc

[version: 1.2.29, 2025-11-28T08:22:26.070Z, pid: 0] > dvc --version - INITIALIZED
[version: 1.2.29, 2025-11-28T08:22:26.070Z, pid: 0] > dvc --version - FAILED (5ms)
Command failed with ENOENT: dvc --version
spawn dvc ENOENT
[version: 1.2.29, 2025-11-28T08:22:31.074Z, pid: 10642] > /home/peaches/anaconda3/bin/python -m dvc --version - INITIALIZED
[version: 1.2.29, 2025-11-28T08:22:31.083Z, pid: 10642] > /home/peaches/anaconda3/bin/python -m dvc --version - FAILED with code 1 (13ms)
/home/peaches/anaconda3/bin/python: No module named dvc

[version: 1.2.29, 2025-11-28T08:22:31.088Z, pid: 0] > dvc --version - INITIALIZED
[version: 1.2.29, 2025-11-28T08:22:31.089Z, pid: 0] > dvc --version - FAILED (5ms)
Command failed with ENOENT: dvc --version
spawn dvc ENOENT
[version: 1.2.29, 2025-11-28T08:22:36.094Z, pid: 10664] > /home/peaches/anaconda3/bin/python -m dvc --version - INITIALIZED
[version: 1.2.29, 2025-11-28T08:22:36.103Z, pid: 10664] > /home/peaches/anaconda3/bin/python -m dvc --version - FAILED with code 1 (14ms)
/home/peaches/anaconda3/bin/python: No module named dvc

[version: 1.2.29, 2025-11-28T08:22:36.107Z, pid: 0] > dvc --version - INITIALIZED
[version: 1.2.29, 2025-11-28T08:22:36.108Z, pid: 0] > dvc --version - FAILED (5ms)
Command failed with ENOENT: dvc --version
spawn dvc ENOENT
[version: 1.2.29, 2025-11-28T08:22:41.113Z, pid: 10686] > /home/peaches/anaconda3/bin/python -m dvc --version - INITIALIZED
[version: 1.2.29, 2025-11-28T08:22:41.122Z, pid: 10686] > /home/peaches/anaconda3/bin/python -m dvc --version - FAILED with code 1 (14ms)
/home/peaches/anaconda3/bin/python: No module named dvc

[version: 1.2.29, 2025-11-28T08:22:41.126Z, pid: 0] > dvc --version - INITIALIZED
[version: 1.2.29, 2025-11-28T08:22:41.127Z, pid: 0] > dvc --version - FAILED (5ms)
Command failed with ENOENT: dvc --version
spawn dvc ENOENT
[version: 1.2.29, 2025-11-28T08:22:46.133Z, pid: 10708] > /home/peaches/anaconda3/bin/python -m dvc --version - INITIALIZED
[version: 1.2.29, 2025-11-28T08:22:46.142Z, pid: 10708] > /home/peaches/anaconda3/bin/python -m dvc --version - FAILED with code 1 (14ms)
/home/peaches/anaconda3/bin/python: No module named dvc

[version: 1.2.29, 2025-11-28T08:22:46.146Z, pid: 0] > dvc --version - INITIALIZED
[version: 1.2.29, 2025-11-28T08:22:46.147Z, pid: 0] > dvc --version - FAILED (5ms)
Command failed with ENOENT: dvc --version
spawn dvc ENOENT
[version: 1.2.29, 2025-11-28T08:22:51.152Z, pid: 10730] > /home/peaches/anaconda3/bin/python -m dvc --version - INITIALIZED
[version: 1.2.29, 2025-11-28T08:22:51.161Z, pid: 10730] > /home/peaches/anaconda3/bin/python -m dvc --version - FAILED with code 1 (13ms)
/home/peaches/anaconda3/bin/python: No module named dvc

[version: 1.2.29, 2025-11-28T08:22:51.166Z, pid: 0] > dvc --version - INITIALIZED
[version: 1.2.29, 2025-11-28T08:22:51.167Z, pid: 0] > dvc --version - FAILED (5ms)
Command failed with ENOENT: dvc --version
spawn dvc ENOENT
[version: 1.2.29, 2025-11-28T08:22:56.172Z, pid: 10752] > /home/peaches/anaconda3/bin/python -m dvc --version - INITIALIZED
[version: 1.2.29, 2025-11-28T08:22:56.181Z, pid: 10752] > /home/peaches/anaconda3/bin/python -m dvc --version - FAILED with code 1 (13ms)
/home/peaches/anaconda3/bin/python: No module named dvc

[version: 1.2.29, 2025-11-28T08:22:56.186Z, pid: 0] > dvc --version - INITIALIZED
[version: 1.2.29, 2025-11-28T08:22:56.187Z, pid: 0] > dvc --version - FAILED (5ms)
Command failed with ENOENT: dvc --version
spawn dvc ENOENT
[version: 1.2.29, 2025-11-28T08:23:01.194Z, pid: 10774] > /home/peaches/anaconda3/bin/python -m dvc --version - INITIALIZED
[version: 1.2.29, 2025-11-28T08:23:01.204Z, pid: 10774] > /home/peaches/anaconda3/bin/python -m dvc --version - FAILED with code 1 (17ms)
/home/peaches/anaconda3/bin/python: No module named dvc

[version: 1.2.29, 2025-11-28T08:23:01.208Z, pid: 0] > dvc --version - INITIALIZED
[version: 1.2.29, 2025-11-28T08:23:01.209Z, pid: 0] > dvc --version - FAILED (5ms)
Command failed with ENOENT: dvc --version
spawn dvc ENOENT
[version: 1.2.29, 2025-11-28T08:23:06.215Z, pid: 10796] > /home/peaches/anaconda3/bin/python -m dvc --version - INITIALIZED
[version: 1.2.29, 2025-11-28T08:23:06.224Z, pid: 10796] > /home/peaches/anaconda3/bin/python -m dvc --version - FAILED with code 1 (14ms)
/home/peaches/anaconda3/bin/python: No module named dvc

[version: 1.2.29, 2025-11-28T08:23:06.228Z, pid: 0] > dvc --version - INITIALIZED
[version: 1.2.29, 2025-11-28T08:23:06.228Z, pid: 0] > dvc --version - FAILED (4ms)
Command failed with ENOENT: dvc --version
spawn dvc ENOENT
[version: 1.2.29, 2025-11-28T08:23:11.235Z, pid: 10818] > /home/peaches/anaconda3/bin/python -m dvc --version - INITIALIZED
[version: 1.2.29, 2025-11-28T08:23:11.244Z, pid: 10818] > /home/peaches/anaconda3/bin/python -m dvc --version - FAILED with code 1 (15ms)
/home/peaches/anaconda3/bin/python: No module named dvc

[version: 1.2.29, 2025-11-28T08:23:11.248Z, pid: 0] > dvc --version - INITIALIZED
[version: 1.2.29, 2025-11-28T08:23:11.249Z, pid: 0] > dvc --version - FAILED (5ms)
Command failed with ENOENT: dvc --version
spawn dvc ENOENT
[version: 1.2.29, 2025-11-28T08:23:16.254Z, pid: 10840] > /home/peaches/anaconda3/bin/python -m dvc --version - INITIALIZED
[version: 1.2.29, 2025-11-28T08:23:16.264Z, pid: 10840] > /home/peaches/anaconda3/bin/python -m dvc --version - FAILED with code 1 (14ms)
/home/peaches/anaconda3/bin/python: No module named dvc

[version: 1.2.29, 2025-11-28T08:23:16.268Z, pid: 0] > dvc --version - INITIALIZED
[version: 1.2.29, 2025-11-28T08:23:16.268Z, pid: 0] > dvc --version - FAILED (4ms)
Command failed with ENOENT: dvc --version
spawn dvc ENOENT
[version: 1.2.29, 2025-11-28T08:23:21.274Z, pid: 10862] > /home/peaches/anaconda3/bin/python -m dvc --version - INITIALIZED
[version: 1.2.29, 2025-11-28T08:23:21.283Z, pid: 10862] > /home/peaches/anaconda3/bin/python -m dvc --version - FAILED with code 1 (14ms)
/home/peaches/anaconda3/bin/python: No module named dvc

[version: 1.2.29, 2025-11-28T08:23:21.288Z, pid: 0] > dvc --version - INITIALIZED
[version: 1.2.29, 2025-11-28T08:23:21.288Z, pid: 0] > dvc --version - FAILED (4ms)
Command failed with ENOENT: dvc --version
spawn dvc ENOENT
[version: 1.2.29, 2025-11-28T08:23:26.294Z, pid: 10884] > /home/peaches/anaconda3/bin/python -m dvc --version - INITIALIZED
[version: 1.2.29, 2025-11-28T08:23:26.303Z, pid: 10884] > /home/peaches/anaconda3/bin/python -m dvc --version - FAILED with code 1 (13ms)
/home/peaches/anaconda3/bin/python: No module named dvc

[version: 1.2.29, 2025-11-28T08:23:26.307Z, pid: 0] > dvc --version - INITIALIZED
[version: 1.2.29, 2025-11-28T08:23:26.308Z, pid: 0] > dvc --version - FAILED (4ms)
Command failed with ENOENT: dvc --version
spawn dvc ENOENT
[version: 1.2.29, 2025-11-28T08:23:31.312Z, pid: 10908] > /home/peaches/anaconda3/bin/python -m dvc --version - INITIALIZED
[version: 1.2.29, 2025-11-28T08:23:31.321Z, pid: 10908] > /home/peaches/anaconda3/bin/python -m dvc --version - FAILED with code 1 (13ms)
/home/peaches/anaconda3/bin/python: No module named dvc

[version: 1.2.29, 2025-11-28T08:23:31.326Z, pid: 0] > dvc --version - INITIALIZED
[version: 1.2.29, 2025-11-28T08:23:31.326Z, pid: 0] > dvc --version - FAILED (4ms)
Command failed with ENOENT: dvc --version
spawn dvc ENOENT
[version: 1.2.29, 2025-11-28T08:23:36.331Z, pid: 10930] > /home/peaches/anaconda3/bin/python -m dvc --version - INITIALIZED
[version: 1.2.29, 2025-11-28T08:23:36.341Z, pid: 10930] > /home/peaches/anaconda3/bin/python -m dvc --version - FAILED with code 1 (15ms)
/home/peaches/anaconda3/bin/python: No module named dvc

[version: 1.2.29, 2025-11-28T08:23:36.345Z, pid: 0] > dvc --version - INITIALIZED
[version: 1.2.29, 2025-11-28T08:23:36.346Z, pid: 0] > dvc --version - FAILED (5ms)
Command failed with ENOENT: dvc --version
spawn dvc ENOENT
[version: 1.2.29, 2025-11-28T08:23:41.352Z, pid: 10953] > /home/peaches/anaconda3/bin/python -m dvc --version - INITIALIZED
[version: 1.2.29, 2025-11-28T08:23:41.362Z, pid: 10953] > /home/peaches/anaconda3/bin/python -m dvc --version - FAILED with code 1 (15ms)
/home/peaches/anaconda3/bin/python: No module named dvc

[version: 1.2.29, 2025-11-28T08:23:41.366Z, pid: 0] > dvc --version - INITIALIZED
[version: 1.2.29, 2025-11-28T08:23:41.367Z, pid: 0] > dvc --version - FAILED (5ms)
Command failed with ENOENT: dvc --version
spawn dvc ENOENT
[version: 1.2.29, 2025-11-28T08:23:46.372Z, pid: 10975] > /home/peaches/anaconda3/bin/python -m dvc --version - INITIALIZED
[version: 1.2.29, 2025-11-28T08:23:46.381Z, pid: 10975] > /home/peaches/anaconda3/bin/python -m dvc --version - FAILED with code 1 (13ms)
/home/peaches/anaconda3/bin/python: No module named dvc

[version: 1.2.29, 2025-11-28T08:23:46.385Z, pid: 0] > dvc --version - INITIALIZED
[version: 1.2.29, 2025-11-28T08:23:46.386Z, pid: 0] > dvc --version - FAILED (5ms)
Command failed with ENOENT: dvc --version
spawn dvc ENOENT
[version: 1.2.29, 2025-11-28T08:23:51.392Z, pid: 10998] > /home/peaches/anaconda3/bin/python -m dvc --version - INITIALIZED
[version: 1.2.29, 2025-11-28T08:23:51.401Z, pid: 10998] > /home/peaches/anaconda3/bin/python -m dvc --version - FAILED with code 1 (15ms)
/home/peaches/anaconda3/bin/python: No module named dvc

[version: 1.2.29, 2025-11-28T08:23:51.406Z, pid: 0] > dvc --version - INITIALIZED
[version: 1.2.29, 2025-11-28T08:23:51.407Z, pid: 0] > dvc --version - FAILED (5ms)
Command failed with ENOENT: dvc --version
spawn dvc ENOENT
[version: 1.2.29, 2025-11-28T08:23:56.413Z, pid: 11020] > /home/peaches/anaconda3/bin/python -m dvc --version - INITIALIZED
[version: 1.2.29, 2025-11-28T08:23:56.422Z, pid: 11020] > /home/peaches/anaconda3/bin/python -m dvc --version - FAILED with code 1 (15ms)
/home/peaches/anaconda3/bin/python: No module named dvc

[version: 1.2.29, 2025-11-28T08:23:56.426Z, pid: 0] > dvc --version - INITIALIZED
[version: 1.2.29, 2025-11-28T08:23:56.427Z, pid: 0] > dvc --version - FAILED (4ms)
Command failed with ENOENT: dvc --version
spawn dvc ENOENT
[version: 1.2.29, 2025-11-28T08:24:01.434Z, pid: 11042] > /home/peaches/anaconda3/bin/python -m dvc --version - INITIALIZED
[version: 1.2.29, 2025-11-28T08:24:01.443Z, pid: 11042] > /home/peaches/anaconda3/bin/python -m dvc --version - FAILED with code 1 (15ms)
/home/peaches/anaconda3/bin/python: No module named dvc

[version: 1.2.29, 2025-11-28T08:24:01.447Z, pid: 0] > dvc --version - INITIALIZED
[version: 1.2.29, 2025-11-28T08:24:01.448Z, pid: 0] > dvc --version - FAILED (5ms)
Command failed with ENOENT: dvc --version
spawn dvc ENOENT
[version: 1.2.29, 2025-11-28T08:24:06.453Z, pid: 11064] > /home/peaches/anaconda3/bin/python -m dvc --version - INITIALIZED
[version: 1.2.29, 2025-11-28T08:24:06.462Z, pid: 11064] > /home/peaches/anaconda3/bin/python -m dvc --version - FAILED with code 1 (14ms)
/home/peaches/anaconda3/bin/python: No module named dvc

[version: 1.2.29, 2025-11-28T08:24:06.467Z, pid: 0] > dvc --version - INITIALIZED
[version: 1.2.29, 2025-11-28T08:24:06.467Z, pid: 0] > dvc --version - FAILED (5ms)
Command failed with ENOENT: dvc --version
spawn dvc ENOENT
[version: 1.2.29, 2025-11-28T08:24:11.471Z, pid: 11086] > /home/peaches/anaconda3/bin/python -m dvc --version - INITIALIZED
[version: 1.2.29, 2025-11-28T08:24:11.480Z, pid: 11086] > /home/peaches/anaconda3/bin/python -m dvc --version - FAILED with code 1 (13ms)
/home/peaches/anaconda3/bin/python: No module named dvc

[version: 1.2.29, 2025-11-28T08:24:11.485Z, pid: 0] > dvc --version - INITIALIZED
[version: 1.2.29, 2025-11-28T08:24:11.486Z, pid: 0] > dvc --version - FAILED (4ms)
Command failed with ENOENT: dvc --version
spawn dvc ENOENT
[version: 1.2.29, 2025-11-28T08:24:16.491Z, pid: 11108] > /home/peaches/anaconda3/bin/python -m dvc --version - INITIALIZED
[version: 1.2.29, 2025-11-28T08:24:16.501Z, pid: 11108] > /home/peaches/anaconda3/bin/python -m dvc --version - FAILED with code 1 (15ms)
/home/peaches/anaconda3/bin/python: No module named dvc

[version: 1.2.29, 2025-11-28T08:24:16.505Z, pid: 0] > dvc --version - INITIALIZED
[version: 1.2.29, 2025-11-28T08:24:16.505Z, pid: 0] > dvc --version - FAILED (4ms)
Command failed with ENOENT: dvc --version
spawn dvc ENOENT
[version: 1.2.29, 2025-11-28T08:24:21.511Z, pid: 11130] > /home/peaches/anaconda3/bin/python -m dvc --version - INITIALIZED
[version: 1.2.29, 2025-11-28T08:24:21.520Z, pid: 11130] > /home/peaches/anaconda3/bin/python -m dvc --version - FAILED with code 1 (14ms)
/home/peaches/anaconda3/bin/python: No module named dvc

[version: 1.2.29, 2025-11-28T08:24:21.524Z, pid: 0] > dvc --version - INITIALIZED
[version: 1.2.29, 2025-11-28T08:24:21.525Z, pid: 0] > dvc --version - FAILED (5ms)
Command failed with ENOENT: dvc --version
spawn dvc ENOENT
[version: 1.2.29, 2025-11-28T08:24:26.531Z, pid: 11152] > /home/peaches/anaconda3/bin/python -m dvc --version - INITIALIZED
[version: 1.2.29, 2025-11-28T08:24:26.540Z, pid: 11152] > /home/peaches/anaconda3/bin/python -m dvc --version - FAILED with code 1 (15ms)
/home/peaches/anaconda3/bin/python: No module named dvc

[version: 1.2.29, 2025-11-28T08:24:26.544Z, pid: 0] > dvc --version - INITIALIZED
[version: 1.2.29, 2025-11-28T08:24:26.545Z, pid: 0] > dvc --version - FAILED (5ms)
Command failed with ENOENT: dvc --version
spawn dvc ENOENT
[version: 1.2.29, 2025-11-28T08:24:31.551Z, pid: 11179] > /home/peaches/anaconda3/bin/python -m dvc --version - INITIALIZED
[version: 1.2.29, 2025-11-28T08:24:31.560Z, pid: 11179] > /home/peaches/anaconda3/bin/python -m dvc --version - FAILED with code 1 (15ms)
/home/peaches/anaconda3/bin/python: No module named dvc

[version: 1.2.29, 2025-11-28T08:24:31.565Z, pid: 0] > dvc --version - INITIALIZED
[version: 1.2.29, 2025-11-28T08:24:31.565Z, pid: 0] > dvc --version - FAILED (5ms)
Command failed with ENOENT: dvc --version
spawn dvc ENOENT
[version: 1.2.29, 2025-11-28T08:24:36.573Z, pid: 11201] > /home/peaches/anaconda3/bin/python -m dvc --version - INITIALIZED
[version: 1.2.29, 2025-11-28T08:24:36.582Z, pid: 11201] > /home/peaches/anaconda3/bin/python -m dvc --version - FAILED with code 1 (15ms)
/home/peaches/anaconda3/bin/python: No module named dvc

[version: 1.2.29, 2025-11-28T08:24:36.587Z, pid: 0] > dvc --version - INITIALIZED
[version: 1.2.29, 2025-11-28T08:24:36.588Z, pid: 0] > dvc --version - FAILED (5ms)
Command failed with ENOENT: dvc --version
spawn dvc ENOENT
[version: 1.2.29, 2025-11-28T08:24:41.594Z, pid: 11223] > /home/peaches/anaconda3/bin/python -m dvc --version - INITIALIZED
[version: 1.2.29, 2025-11-28T08:24:41.603Z, pid: 11223] > /home/peaches/anaconda3/bin/python -m dvc --version - FAILED with code 1 (15ms)
/home/peaches/anaconda3/bin/python: No module named dvc

[version: 1.2.29, 2025-11-28T08:24:41.608Z, pid: 0] > dvc --version - INITIALIZED
[version: 1.2.29, 2025-11-28T08:24:41.609Z, pid: 0] > dvc --version - FAILED (5ms)
Command failed with ENOENT: dvc --version
spawn dvc ENOENT
[version: 1.2.29, 2025-11-28T08:24:46.616Z, pid: 11246] > /home/peaches/anaconda3/bin/python -m dvc --version - INITIALIZED
[version: 1.2.29, 2025-11-28T08:24:46.625Z, pid: 11246] > /home/peaches/anaconda3/bin/python -m dvc --version - FAILED with code 1 (15ms)
/home/peaches/anaconda3/bin/python: No module named dvc

[version: 1.2.29, 2025-11-28T08:24:46.629Z, pid: 0] > dvc --version - INITIALIZED
[version: 1.2.29, 2025-11-28T08:24:46.630Z, pid: 0] > dvc --version - FAILED (5ms)
Command failed with ENOENT: dvc --version
spawn dvc ENOENT
[version: 1.2.29, 2025-11-28T08:24:51.635Z, pid: 11268] > /home/peaches/anaconda3/bin/python -m dvc --version - INITIALIZED
[version: 1.2.29, 2025-11-28T08:24:51.645Z, pid: 11268] > /home/peaches/anaconda3/bin/python -m dvc --version - FAILED with code 1 (14ms)
/home/peaches/anaconda3/bin/python: No module named dvc

[version: 1.2.29, 2025-11-28T08:24:51.649Z, pid: 0] > dvc --version - INITIALIZED
[version: 1.2.29, 2025-11-28T08:24:51.650Z, pid: 0] > dvc --version - FAILED (5ms)
Command failed with ENOENT: dvc --version
spawn dvc ENOENT
[version: 1.2.29, 2025-11-28T08:24:56.656Z, pid: 11290] > /home/peaches/anaconda3/bin/python -m dvc --version - INITIALIZED
[version: 1.2.29, 2025-11-28T08:24:56.665Z, pid: 11290] > /home/peaches/anaconda3/bin/python -m dvc --version - FAILED with code 1 (15ms)
/home/peaches/anaconda3/bin/python: No module named dvc

[version: 1.2.29, 2025-11-28T08:24:56.670Z, pid: 0] > dvc --version - INITIALIZED
[version: 1.2.29, 2025-11-28T08:24:56.671Z, pid: 0] > dvc --version - FAILED (6ms)
Command failed with ENOENT: dvc --version
spawn dvc ENOENT
[version: 1.2.29, 2025-11-28T08:25:01.676Z, pid: 11312] > /home/peaches/anaconda3/bin/python -m dvc --version - INITIALIZED
[version: 1.2.29, 2025-11-28T08:25:01.685Z, pid: 11312] > /home/peaches/anaconda3/bin/python -m dvc --version - FAILED with code 1 (14ms)
/home/peaches/anaconda3/bin/python: No module named dvc

[version: 1.2.29, 2025-11-28T08:25:01.689Z, pid: 0] > dvc --version - INITIALIZED
[version: 1.2.29, 2025-11-28T08:25:01.690Z, pid: 0] > dvc --version - FAILED (5ms)
Command failed with ENOENT: dvc --version
spawn dvc ENOENT
[version: 1.2.29, 2025-11-28T08:25:06.696Z, pid: 11334] > /home/peaches/anaconda3/bin/python -m dvc --version - INITIALIZED
[version: 1.2.29, 2025-11-28T08:25:06.705Z, pid: 11334] > /home/peaches/anaconda3/bin/python -m dvc --version - FAILED with code 1 (15ms)
/home/peaches/anaconda3/bin/python: No module named dvc

[version: 1.2.29, 2025-11-28T08:25:06.709Z, pid: 0] > dvc --version - INITIALIZED
[version: 1.2.29, 2025-11-28T08:25:06.710Z, pid: 0] > dvc --version - FAILED (5ms)
Command failed with ENOENT: dvc --version
spawn dvc ENOENT
[version: 1.2.29, 2025-11-28T08:25:11.715Z, pid: 11356] > /home/peaches/anaconda3/bin/python -m dvc --version - INITIALIZED
[version: 1.2.29, 2025-11-28T08:25:11.727Z, pid: 11356] > /home/peaches/anaconda3/bin/python -m dvc --version - FAILED with code 1 (17ms)
/home/peaches/anaconda3/bin/python: No module named dvc

[version: 1.2.29, 2025-11-28T08:25:11.733Z, pid: 0] > dvc --version - INITIALIZED
[version: 1.2.29, 2025-11-28T08:25:11.734Z, pid: 0] > dvc --version - FAILED (6ms)
Command failed with ENOENT: dvc --version
spawn dvc ENOENT
[version: 1.2.29, 2025-11-28T08:25:16.739Z, pid: 11382] > /home/peaches/anaconda3/bin/python -m dvc --version - INITIALIZED
[version: 1.2.29, 2025-11-28T08:25:16.749Z, pid: 11382] > /home/peaches/anaconda3/bin/python -m dvc --version - FAILED with code 1 (15ms)
/home/peaches/anaconda3/bin/python: No module named dvc

[version: 1.2.29, 2025-11-28T08:25:16.753Z, pid: 0] > dvc --version - INITIALIZED
[version: 1.2.29, 2025-11-28T08:25:16.754Z, pid: 0] > dvc --version - FAILED (5ms)
Command failed with ENOENT: dvc --version
spawn dvc ENOENT
[version: 1.2.29, 2025-11-28T08:25:21.759Z, pid: 11404] > /home/peaches/anaconda3/bin/python -m dvc --version - INITIALIZED
[version: 1.2.29, 2025-11-28T08:25:21.768Z, pid: 11404] > /home/peaches/anaconda3/bin/python -m dvc --version - FAILED with code 1 (14ms)
/home/peaches/anaconda3/bin/python: No module named dvc

[version: 1.2.29, 2025-11-28T08:25:21.773Z, pid: 0] > dvc --version - INITIALIZED
[version: 1.2.29, 2025-11-28T08:25:21.774Z, pid: 0] > dvc --version - FAILED (4ms)
Command failed with ENOENT: dvc --version
spawn dvc ENOENT
[version: 1.2.29, 2025-11-28T08:25:26.778Z, pid: 11426] > /home/peaches/anaconda3/bin/python -m dvc --version - INITIALIZED
[version: 1.2.29, 2025-11-28T08:25:26.788Z, pid: 11426] > /home/peaches/anaconda3/bin/python -m dvc --version - FAILED with code 1 (14ms)
/home/peaches/anaconda3/bin/python: No module named dvc

[version: 1.2.29, 2025-11-28T08:25:26.792Z, pid: 0] > dvc --version - INITIALIZED
[version: 1.2.29, 2025-11-28T08:25:26.793Z, pid: 0] > dvc --version - FAILED (5ms)
Command failed with ENOENT: dvc --version
spawn dvc ENOENT
[version: 1.2.29, 2025-11-28T08:25:31.798Z, pid: 11450] > /home/peaches/anaconda3/bin/python -m dvc --version - INITIALIZED
[version: 1.2.29, 2025-11-28T08:25:31.807Z, pid: 11450] > /home/peaches/anaconda3/bin/python -m dvc --version - FAILED with code 1 (14ms)
/home/peaches/anaconda3/bin/python: No module named dvc

[version: 1.2.29, 2025-11-28T08:25:31.812Z, pid: 0] > dvc --version - INITIALIZED
[version: 1.2.29, 2025-11-28T08:25:31.813Z, pid: 0] > dvc --version - FAILED (5ms)
Command failed with ENOENT: dvc --version
spawn dvc ENOENT
[version: 1.2.29, 2025-11-28T08:25:36.818Z, pid: 11475] > /home/peaches/anaconda3/bin/python -m dvc --version - INITIALIZED
[version: 1.2.29, 2025-11-28T08:25:36.827Z, pid: 11475] > /home/peaches/anaconda3/bin/python -m dvc --version - FAILED with code 1 (14ms)
/home/peaches/anaconda3/bin/python: No module named dvc

[version: 1.2.29, 2025-11-28T08:25:36.832Z, pid: 0] > dvc --version - INITIALIZED
[version: 1.2.29, 2025-11-28T08:25:36.833Z, pid: 0] > dvc --version - FAILED (6ms)
Command failed with ENOENT: dvc --version
spawn dvc ENOENT
[version: 1.2.29, 2025-11-28T08:25:41.839Z, pid: 11497] > /home/peaches/anaconda3/bin/python -m dvc --version - INITIALIZED
[version: 1.2.29, 2025-11-28T08:25:41.848Z, pid: 11497] > /home/peaches/anaconda3/bin/python -m dvc --version - FAILED with code 1 (15ms)
/home/peaches/anaconda3/bin/python: No module named dvc

[version: 1.2.29, 2025-11-28T08:25:41.853Z, pid: 0] > dvc --version - INITIALIZED
[version: 1.2.29, 2025-11-28T08:25:41.854Z, pid: 0] > dvc --version - FAILED (5ms)
Command failed with ENOENT: dvc --version
spawn dvc ENOENT
[version: 1.2.29, 2025-11-28T08:25:46.861Z, pid: 11519] > /home/peaches/anaconda3/bin/python -m dvc --version - INITIALIZED
[version: 1.2.29, 2025-11-28T08:25:46.870Z, pid: 11519] > /home/peaches/anaconda3/bin/python -m dvc --version - FAILED with code 1 (16ms)
/home/peaches/anaconda3/bin/python: No module named dvc

[version: 1.2.29, 2025-11-28T08:25:46.874Z, pid: 0] > dvc --version - INITIALIZED
[version: 1.2.29, 2025-11-28T08:25:46.875Z, pid: 0] > dvc --version - FAILED (5ms)
Command failed with ENOENT: dvc --version
spawn dvc ENOENT
[version: 1.2.29, 2025-11-28T08:25:51.880Z, pid: 11541] > /home/peaches/anaconda3/bin/python -m dvc --version - INITIALIZED
[version: 1.2.29, 2025-11-28T08:25:51.890Z, pid: 11541] > /home/peaches/anaconda3/bin/python -m dvc --version - FAILED with code 1 (15ms)
/home/peaches/anaconda3/bin/python: No module named dvc

[version: 1.2.29, 2025-11-28T08:25:51.894Z, pid: 0] > dvc --version - INITIALIZED
[version: 1.2.29, 2025-11-28T08:25:51.895Z, pid: 0] > dvc --version - FAILED (5ms)
Command failed with ENOENT: dvc --version
spawn dvc ENOENT
[version: 1.2.29, 2025-11-28T08:25:56.902Z, pid: 11563] > /home/peaches/anaconda3/bin/python -m dvc --version - INITIALIZED
[version: 1.2.29, 2025-11-28T08:25:56.911Z, pid: 11563] > /home/peaches/anaconda3/bin/python -m dvc --version - FAILED with code 1 (15ms)
/home/peaches/anaconda3/bin/python: No module named dvc

[version: 1.2.29, 2025-11-28T08:25:56.915Z, pid: 0] > dvc --version - INITIALIZED
[version: 1.2.29, 2025-11-28T08:25:56.916Z, pid: 0] > dvc --version - FAILED (5ms)
Command failed with ENOENT: dvc --version
spawn dvc ENOENT
[version: 1.2.29, 2025-11-28T08:26:01.921Z, pid: 11585] > /home/peaches/anaconda3/bin/python -m dvc --version - INITIALIZED
[version: 1.2.29, 2025-11-28T08:26:01.930Z, pid: 11585] > /home/peaches/anaconda3/bin/python -m dvc --version - FAILED with code 1 (14ms)
/home/peaches/anaconda3/bin/python: No module named dvc

[version: 1.2.29, 2025-11-28T08:26:01.934Z, pid: 0] > dvc --version - INITIALIZED
[version: 1.2.29, 2025-11-28T08:26:01.935Z, pid: 0] > dvc --version - FAILED (5ms)
Command failed with ENOENT: dvc --version
spawn dvc ENOENT
[version: 1.2.29, 2025-11-28T08:26:06.940Z, pid: 11608] > /home/peaches/anaconda3/bin/python -m dvc --version - INITIALIZED
[version: 1.2.29, 2025-11-28T08:26:06.949Z, pid: 11608] > /home/peaches/anaconda3/bin/python -m dvc --version - FAILED with code 1 (14ms)
/home/peaches/anaconda3/bin/python: No module named dvc

[version: 1.2.29, 2025-11-28T08:26:06.953Z, pid: 0] > dvc --version - INITIALIZED
[version: 1.2.29, 2025-11-28T08:26:06.954Z, pid: 0] > dvc --version - FAILED (5ms)
Command failed with ENOENT: dvc --version
spawn dvc ENOENT
[version: 1.2.29, 2025-11-28T08:26:11.959Z, pid: 11630] > /home/peaches/anaconda3/bin/python -m dvc --version - INITIALIZED
[version: 1.2.29, 2025-11-28T08:26:11.969Z, pid: 11630] > /home/peaches/anaconda3/bin/python -m dvc --version - FAILED with code 1 (15ms)
/home/peaches/anaconda3/bin/python: No module named dvc

[version: 1.2.29, 2025-11-28T08:26:11.973Z, pid: 0] > dvc --version - INITIALIZED
[version: 1.2.29, 2025-11-28T08:26:11.974Z, pid: 0] > dvc --version - FAILED (5ms)
Command failed with ENOENT: dvc --version
spawn dvc ENOENT
[version: 1.2.29, 2025-11-28T08:26:16.980Z, pid: 11652] > /home/peaches/anaconda3/bin/python -m dvc --version - INITIALIZED
[version: 1.2.29, 2025-11-28T08:26:16.989Z, pid: 11652] > /home/peaches/anaconda3/bin/python -m dvc --version - FAILED with code 1 (15ms)
/home/peaches/anaconda3/bin/python: No module named dvc

[version: 1.2.29, 2025-11-28T08:26:16.994Z, pid: 0] > dvc --version - INITIALIZED
[version: 1.2.29, 2025-11-28T08:26:16.994Z, pid: 0] > dvc --version - FAILED (4ms)
Command failed with ENOENT: dvc --version
spawn dvc ENOENT
[version: 1.2.29, 2025-11-28T08:26:21.999Z, pid: 11674] > /home/peaches/anaconda3/bin/python -m dvc --version - INITIALIZED
[version: 1.2.29, 2025-11-28T08:26:22.008Z, pid: 11674] > /home/peaches/anaconda3/bin/python -m dvc --version - FAILED with code 1 (14ms)
/home/peaches/anaconda3/bin/python: No module named dvc

[version: 1.2.29, 2025-11-28T08:26:22.012Z, pid: 0] > dvc --version - INITIALIZED
[version: 1.2.29, 2025-11-28T08:26:22.013Z, pid: 0] > dvc --version - FAILED (5ms)
Command failed with ENOENT: dvc --version
spawn dvc ENOENT
[version: 1.2.29, 2025-11-28T08:26:27.019Z, pid: 11698] > /home/peaches/anaconda3/bin/python -m dvc --version - INITIALIZED
[version: 1.2.29, 2025-11-28T08:26:27.029Z, pid: 11698] > /home/peaches/anaconda3/bin/python -m dvc --version - FAILED with code 1 (16ms)
/home/peaches/anaconda3/bin/python: No module named dvc

[version: 1.2.29, 2025-11-28T08:26:27.033Z, pid: 0] > dvc --version - INITIALIZED
[version: 1.2.29, 2025-11-28T08:26:27.034Z, pid: 0] > dvc --version - FAILED (5ms)
Command failed with ENOENT: dvc --version
spawn dvc ENOENT
[version: 1.2.29, 2025-11-28T08:26:32.039Z, pid: 11723] > /home/peaches/anaconda3/bin/python -m dvc --version - INITIALIZED
[version: 1.2.29, 2025-11-28T08:26:32.048Z, pid: 11723] > /home/peaches/anaconda3/bin/python -m dvc --version - FAILED with code 1 (14ms)
/home/peaches/anaconda3/bin/python: No module named dvc

[version: 1.2.29, 2025-11-28T08:26:32.053Z, pid: 0] > dvc --version - INITIALIZED
[version: 1.2.29, 2025-11-28T08:26:32.054Z, pid: 0] > dvc --version - FAILED (5ms)
Command failed with ENOENT: dvc --version
spawn dvc ENOENT
[version: 1.2.29, 2025-11-28T08:26:37.060Z, pid: 11745] > /home/peaches/anaconda3/bin/python -m dvc --version - INITIALIZED
[version: 1.2.29, 2025-11-28T08:26:37.069Z, pid: 11745] > /home/peaches/anaconda3/bin/python -m dvc --version - FAILED with code 1 (15ms)
/home/peaches/anaconda3/bin/python: No module named dvc

[version: 1.2.29, 2025-11-28T08:26:37.074Z, pid: 0] > dvc --version - INITIALIZED
[version: 1.2.29, 2025-11-28T08:26:37.075Z, pid: 0] > dvc --version - FAILED (5ms)
Command failed with ENOENT: dvc --version
spawn dvc ENOENT
[version: 1.2.29, 2025-11-28T08:26:42.081Z, pid: 11767] > /home/peaches/anaconda3/bin/python -m dvc --version - INITIALIZED
[version: 1.2.29, 2025-11-28T08:26:42.090Z, pid: 11767] > /home/peaches/anaconda3/bin/python -m dvc --version - FAILED with code 1 (15ms)
/home/peaches/anaconda3/bin/python: No module named dvc

[version: 1.2.29, 2025-11-28T08:26:42.095Z, pid: 0] > dvc --version - INITIALIZED
[version: 1.2.29, 2025-11-28T08:26:42.096Z, pid: 0] > dvc --version - FAILED (5ms)
Command failed with ENOENT: dvc --version
spawn dvc ENOENT
[version: 1.2.29, 2025-11-28T08:26:47.101Z, pid: 11789] > /home/peaches/anaconda3/bin/python -m dvc --version - INITIALIZED
[version: 1.2.29, 2025-11-28T08:26:47.110Z, pid: 11789] > /home/peaches/anaconda3/bin/python -m dvc --version - FAILED with code 1 (14ms)
/home/peaches/anaconda3/bin/python: No module named dvc

[version: 1.2.29, 2025-11-28T08:26:47.115Z, pid: 0] > dvc --version - INITIALIZED
[version: 1.2.29, 2025-11-28T08:26:47.116Z, pid: 0] > dvc --version - FAILED (5ms)
Command failed with ENOENT: dvc --version
spawn dvc ENOENT
[version: 1.2.29, 2025-11-28T08:26:52.121Z, pid: 11811] > /home/peaches/anaconda3/bin/python -m dvc --version - INITIALIZED
[version: 1.2.29, 2025-11-28T08:26:52.130Z, pid: 11811] > /home/peaches/anaconda3/bin/python -m dvc --version - FAILED with code 1 (14ms)
/home/peaches/anaconda3/bin/python: No module named dvc

[version: 1.2.29, 2025-11-28T08:26:52.135Z, pid: 0] > dvc --version - INITIALIZED
[version: 1.2.29, 2025-11-28T08:26:52.136Z, pid: 0] > dvc --version - FAILED (5ms)
Command failed with ENOENT: dvc --version
spawn dvc ENOENT
[version: 1.2.29, 2025-11-28T08:26:57.142Z, pid: 11833] > /home/peaches/anaconda3/bin/python -m dvc --version - INITIALIZED
[version: 1.2.29, 2025-11-28T08:26:57.151Z, pid: 11833] > /home/peaches/anaconda3/bin/python -m dvc --version - FAILED with code 1 (14ms)
/home/peaches/anaconda3/bin/python: No module named dvc

[version: 1.2.29, 2025-11-28T08:26:57.156Z, pid: 0] > dvc --version - INITIALIZED
[version: 1.2.29, 2025-11-28T08:26:57.156Z, pid: 0] > dvc --version - FAILED (4ms)
Command failed with ENOENT: dvc --version
spawn dvc ENOENT
[version: 1.2.29, 2025-11-28T08:27:02.163Z, pid: 11855] > /home/peaches/anaconda3/bin/python -m dvc --version - INITIALIZED
[version: 1.2.29, 2025-11-28T08:27:02.172Z, pid: 11855] > /home/peaches/anaconda3/bin/python -m dvc --version - FAILED with code 1 (15ms)
/home/peaches/anaconda3/bin/python: No module named dvc

[version: 1.2.29, 2025-11-28T08:27:02.176Z, pid: 0] > dvc --version - INITIALIZED
[version: 1.2.29, 2025-11-28T08:27:02.177Z, pid: 0] > dvc --version - FAILED (5ms)
Command failed with ENOENT: dvc --version
spawn dvc ENOENT
[version: 1.2.29, 2025-11-28T08:27:07.184Z, pid: 11877] > /home/peaches/anaconda3/bin/python -m dvc --version - INITIALIZED
[version: 1.2.29, 2025-11-28T08:27:07.193Z, pid: 11877] > /home/peaches/anaconda3/bin/python -m dvc --version - FAILED with code 1 (15ms)
/home/peaches/anaconda3/bin/python: No module named dvc

[version: 1.2.29, 2025-11-28T08:27:07.197Z, pid: 0] > dvc --version - INITIALIZED
[version: 1.2.29, 2025-11-28T08:27:07.198Z, pid: 0] > dvc --version - FAILED (5ms)
Command failed with ENOENT: dvc --version
spawn dvc ENOENT
[version: 1.2.29, 2025-11-28T08:27:12.206Z, pid: 11899] > /home/peaches/anaconda3/bin/python -m dvc --version - INITIALIZED
[version: 1.2.29, 2025-11-28T08:27:12.215Z, pid: 11899] > /home/peaches/anaconda3/bin/python -m dvc --version - FAILED with code 1 (15ms)
/home/peaches/anaconda3/bin/python: No module named dvc

[version: 1.2.29, 2025-11-28T08:27:12.220Z, pid: 0] > dvc --version - INITIALIZED
[version: 1.2.29, 2025-11-28T08:27:12.220Z, pid: 0] > dvc --version - FAILED (5ms)
Command failed with ENOENT: dvc --version
spawn dvc ENOENT
[version: 1.2.29, 2025-11-28T08:27:17.227Z, pid: 11921] > /home/peaches/anaconda3/bin/python -m dvc --version - INITIALIZED
[version: 1.2.29, 2025-11-28T08:27:17.236Z, pid: 11921] > /home/peaches/anaconda3/bin/python -m dvc --version - FAILED with code 1 (15ms)
/home/peaches/anaconda3/bin/python: No module named dvc

[version: 1.2.29, 2025-11-28T08:27:17.240Z, pid: 0] > dvc --version - INITIALIZED
[version: 1.2.29, 2025-11-28T08:27:17.241Z, pid: 0] > dvc --version - FAILED (5ms)
Command failed with ENOENT: dvc --version
spawn dvc ENOENT
[version: 1.2.29, 2025-11-28T08:27:22.249Z, pid: 11943] > /home/peaches/anaconda3/bin/python -m dvc --version - INITIALIZED
[version: 1.2.29, 2025-11-28T08:27:22.258Z, pid: 11943] > /home/peaches/anaconda3/bin/python -m dvc --version - FAILED with code 1 (15ms)
/home/peaches/anaconda3/bin/python: No module named dvc

[version: 1.2.29, 2025-11-28T08:27:22.262Z, pid: 0] > dvc --version - INITIALIZED
[version: 1.2.29, 2025-11-28T08:27:22.263Z, pid: 0] > dvc --version - FAILED (4ms)
Command failed with ENOENT: dvc --version
spawn dvc ENOENT
[version: 1.2.29, 2025-11-28T08:27:27.270Z, pid: 11965] > /home/peaches/anaconda3/bin/python -m dvc --version - INITIALIZED
[version: 1.2.29, 2025-11-28T08:27:27.279Z, pid: 11965] > /home/peaches/anaconda3/bin/python -m dvc --version - FAILED with code 1 (15ms)
/home/peaches/anaconda3/bin/python: No module named dvc

[version: 1.2.29, 2025-11-28T08:27:27.284Z, pid: 0] > dvc --version - INITIALIZED
[version: 1.2.29, 2025-11-28T08:27:27.285Z, pid: 0] > dvc --version - FAILED (4ms)
Command failed with ENOENT: dvc --version
spawn dvc ENOENT
[version: 1.2.29, 2025-11-28T08:27:32.291Z, pid: 11989] > /home/peaches/anaconda3/bin/python -m dvc --version - INITIALIZED
[version: 1.2.29, 2025-11-28T08:27:32.300Z, pid: 11989] > /home/peaches/anaconda3/bin/python -m dvc --version - FAILED with code 1 (15ms)
/home/peaches/anaconda3/bin/python: No module named dvc

[version: 1.2.29, 2025-11-28T08:27:32.305Z, pid: 0] > dvc --version - INITIALIZED
[version: 1.2.29, 2025-11-28T08:27:32.306Z, pid: 0] > dvc --version - FAILED (5ms)
Command failed with ENOENT: dvc --version
spawn dvc ENOENT
[version: 1.2.29, 2025-11-28T08:27:37.310Z, pid: 12012] > /home/peaches/anaconda3/bin/python -m dvc --version - INITIALIZED
[version: 1.2.29, 2025-11-28T08:27:37.319Z, pid: 12012] > /home/peaches/anaconda3/bin/python -m dvc --version - FAILED with code 1 (13ms)
/home/peaches/anaconda3/bin/python: No module named dvc

[version: 1.2.29, 2025-11-28T08:27:37.324Z, pid: 0] > dvc --version - INITIALIZED
[version: 1.2.29, 2025-11-28T08:27:37.325Z, pid: 0] > dvc --version - FAILED (5ms)
Command failed with ENOENT: dvc --version
spawn dvc ENOENT
[version: 1.2.29, 2025-11-28T08:27:42.330Z, pid: 12035] > /home/peaches/anaconda3/bin/python -m dvc --version - INITIALIZED
[version: 1.2.29, 2025-11-28T08:27:42.339Z, pid: 12035] > /home/peaches/anaconda3/bin/python -m dvc --version - FAILED with code 1 (14ms)
/home/peaches/anaconda3/bin/python: No module named dvc

[version: 1.2.29, 2025-11-28T08:27:42.344Z, pid: 0] > dvc --version - INITIALIZED
[version: 1.2.29, 2025-11-28T08:27:42.344Z, pid: 0] > dvc --version - FAILED (5ms)
Command failed with ENOENT: dvc --version
spawn dvc ENOENT
[version: 1.2.29, 2025-11-28T08:27:47.351Z, pid: 12059] > /home/peaches/anaconda3/bin/python -m dvc --version - INITIALIZED
[version: 1.2.29, 2025-11-28T08:27:47.360Z, pid: 12059] > /home/peaches/anaconda3/bin/python -m dvc --version - FAILED with code 1 (14ms)
/home/peaches/anaconda3/bin/python: No module named dvc

[version: 1.2.29, 2025-11-28T08:27:47.364Z, pid: 0] > dvc --version - INITIALIZED
[version: 1.2.29, 2025-11-28T08:27:47.365Z, pid: 0] > dvc --version - FAILED (5ms)
Command failed with ENOENT: dvc --version
spawn dvc ENOENT
[version: 1.2.29, 2025-11-28T08:27:52.371Z, pid: 12081] > /home/peaches/anaconda3/bin/python -m dvc --version - INITIALIZED
[version: 1.2.29, 2025-11-28T08:27:52.380Z, pid: 12081] > /home/peaches/anaconda3/bin/python -m dvc --version - FAILED with code 1 (15ms)
/home/peaches/anaconda3/bin/python: No module named dvc

[version: 1.2.29, 2025-11-28T08:27:52.385Z, pid: 0] > dvc --version - INITIALIZED
[version: 1.2.29, 2025-11-28T08:27:52.386Z, pid: 0] > dvc --version - FAILED (5ms)
Command failed with ENOENT: dvc --version
spawn dvc ENOENT
[version: 1.2.29, 2025-11-28T08:27:57.391Z, pid: 12103] > /home/peaches/anaconda3/bin/python -m dvc --version - INITIALIZED
[version: 1.2.29, 2025-11-28T08:27:57.400Z, pid: 12103] > /home/peaches/anaconda3/bin/python -m dvc --version - FAILED with code 1 (14ms)
/home/peaches/anaconda3/bin/python: No module named dvc

[version: 1.2.29, 2025-11-28T08:27:57.405Z, pid: 0] > dvc --version - INITIALIZED
[version: 1.2.29, 2025-11-28T08:27:57.406Z, pid: 0] > dvc --version - FAILED (5ms)
Command failed with ENOENT: dvc --version
spawn dvc ENOENT
[version: 1.2.29, 2025-11-28T08:28:02.411Z, pid: 12125] > /home/peaches/anaconda3/bin/python -m dvc --version - INITIALIZED
[version: 1.2.29, 2025-11-28T08:28:02.420Z, pid: 12125] > /home/peaches/anaconda3/bin/python -m dvc --version - FAILED with code 1 (14ms)
/home/peaches/anaconda3/bin/python: No module named dvc

[version: 1.2.29, 2025-11-28T08:28:02.424Z, pid: 0] > dvc --version - INITIALIZED
[version: 1.2.29, 2025-11-28T08:28:02.425Z, pid: 0] > dvc --version - FAILED (5ms)
Command failed with ENOENT: dvc --version
spawn dvc ENOENT
[version: 1.2.29, 2025-11-28T08:28:07.430Z, pid: 12147] > /home/peaches/anaconda3/bin/python -m dvc --version - INITIALIZED
[version: 1.2.29, 2025-11-28T08:28:07.439Z, pid: 12147] > /home/peaches/anaconda3/bin/python -m dvc --version - FAILED with code 1 (14ms)
/home/peaches/anaconda3/bin/python: No module named dvc

[version: 1.2.29, 2025-11-28T08:28:07.444Z, pid: 0] > dvc --version - INITIALIZED
[version: 1.2.29, 2025-11-28T08:28:07.445Z, pid: 0] > dvc --version - FAILED (5ms)
Command failed with ENOENT: dvc --version
spawn dvc ENOENT
[version: 1.2.29, 2025-11-28T08:28:12.450Z, pid: 12169] > /home/peaches/anaconda3/bin/python -m dvc --version - INITIALIZED
[version: 1.2.29, 2025-11-28T08:28:12.459Z, pid: 12169] > /home/peaches/anaconda3/bin/python -m dvc --version - FAILED with code 1 (14ms)
/home/peaches/anaconda3/bin/python: No module named dvc

[version: 1.2.29, 2025-11-28T08:28:12.464Z, pid: 0] > dvc --version - INITIALIZED
[version: 1.2.29, 2025-11-28T08:28:12.465Z, pid: 0] > dvc --version - FAILED (5ms)
Command failed with ENOENT: dvc --version
spawn dvc ENOENT
[version: 1.2.29, 2025-11-28T08:28:17.471Z, pid: 12192] > /home/peaches/anaconda3/bin/python -m dvc --version - INITIALIZED
[version: 1.2.29, 2025-11-28T08:28:17.480Z, pid: 12192] > /home/peaches/anaconda3/bin/python -m dvc --version - FAILED with code 1 (15ms)
/home/peaches/anaconda3/bin/python: No module named dvc

[version: 1.2.29, 2025-11-28T08:28:17.485Z, pid: 0] > dvc --version - INITIALIZED
[version: 1.2.29, 2025-11-28T08:28:17.486Z, pid: 0] > dvc --version - FAILED (5ms)
Command failed with ENOENT: dvc --version
spawn dvc ENOENT
[version: 1.2.29, 2025-11-28T08:28:22.492Z, pid: 12214] > /home/peaches/anaconda3/bin/python -m dvc --version - INITIALIZED
[version: 1.2.29, 2025-11-28T08:28:22.501Z, pid: 12214] > /home/peaches/anaconda3/bin/python -m dvc --version - FAILED with code 1 (14ms)
/home/peaches/anaconda3/bin/python: No module named dvc

[version: 1.2.29, 2025-11-28T08:28:22.506Z, pid: 0] > dvc --version - INITIALIZED
[version: 1.2.29, 2025-11-28T08:28:22.507Z, pid: 0] > dvc --version - FAILED (5ms)
Command failed with ENOENT: dvc --version
spawn dvc ENOENT
[version: 1.2.29, 2025-11-28T08:28:27.512Z, pid: 12236] > /home/peaches/anaconda3/bin/python -m dvc --version - INITIALIZED
[version: 1.2.29, 2025-11-28T08:28:27.521Z, pid: 12236] > /home/peaches/anaconda3/bin/python -m dvc --version - FAILED with code 1 (14ms)
/home/peaches/anaconda3/bin/python: No module named dvc

[version: 1.2.29, 2025-11-28T08:28:27.526Z, pid: 0] > dvc --version - INITIALIZED
[version: 1.2.29, 2025-11-28T08:28:27.527Z, pid: 0] > dvc --version - FAILED (4ms)
Command failed with ENOENT: dvc --version
spawn dvc ENOENT
[version: 1.2.29, 2025-11-28T08:28:32.533Z, pid: 12260] > /home/peaches/anaconda3/bin/python -m dvc --version - INITIALIZED
[version: 1.2.29, 2025-11-28T08:28:32.542Z, pid: 12260] > /home/peaches/anaconda3/bin/python -m dvc --version - FAILED with code 1 (15ms)
/home/peaches/anaconda3/bin/python: No module named dvc

[version: 1.2.29, 2025-11-28T08:28:32.547Z, pid: 0] > dvc --version - INITIALIZED
[version: 1.2.29, 2025-11-28T08:28:32.547Z, pid: 0] > dvc --version - FAILED (5ms)
Command failed with ENOENT: dvc --version
spawn dvc ENOENT
[version: 1.2.29, 2025-11-28T08:28:37.555Z, pid: 12282] > /home/peaches/anaconda3/bin/python -m dvc --version - INITIALIZED
[version: 1.2.29, 2025-11-28T08:28:37.564Z, pid: 12282] > /home/peaches/anaconda3/bin/python -m dvc --version - FAILED with code 1 (15ms)
/home/peaches/anaconda3/bin/python: No module named dvc

[version: 1.2.29, 2025-11-28T08:28:37.568Z, pid: 0] > dvc --version - INITIALIZED
[version: 1.2.29, 2025-11-28T08:28:37.569Z, pid: 0] > dvc --version - FAILED (5ms)
Command failed with ENOENT: dvc --version
spawn dvc ENOENT
[version: 1.2.29, 2025-11-28T08:28:42.574Z, pid: 12304] > /home/peaches/anaconda3/bin/python -m dvc --version - INITIALIZED
[version: 1.2.29, 2025-11-28T08:28:42.583Z, pid: 12304] > /home/peaches/anaconda3/bin/python -m dvc --version - FAILED with code 1 (14ms)
/home/peaches/anaconda3/bin/python: No module named dvc

[version: 1.2.29, 2025-11-28T08:28:42.587Z, pid: 0] > dvc --version - INITIALIZED
[version: 1.2.29, 2025-11-28T08:28:42.588Z, pid: 0] > dvc --version - FAILED (5ms)
Command failed with ENOENT: dvc --version
spawn dvc ENOENT
[version: 1.2.29, 2025-11-28T08:28:47.593Z, pid: 12326] > /home/peaches/anaconda3/bin/python -m dvc --version - INITIALIZED
[version: 1.2.29, 2025-11-28T08:28:47.602Z, pid: 12326] > /home/peaches/anaconda3/bin/python -m dvc --version - FAILED with code 1 (14ms)
/home/peaches/anaconda3/bin/python: No module named dvc

[version: 1.2.29, 2025-11-28T08:28:47.606Z, pid: 0] > dvc --version - INITIALIZED
[version: 1.2.29, 2025-11-28T08:28:47.607Z, pid: 0] > dvc --version - FAILED (5ms)
Command failed with ENOENT: dvc --version
spawn dvc ENOENT
[version: 1.2.29, 2025-11-28T08:28:52.613Z, pid: 12348] > /home/peaches/anaconda3/bin/python -m dvc --version - INITIALIZED
[version: 1.2.29, 2025-11-28T08:28:52.622Z, pid: 12348] > /home/peaches/anaconda3/bin/python -m dvc --version - FAILED with code 1 (15ms)
/home/peaches/anaconda3/bin/python: No module named dvc

[version: 1.2.29, 2025-11-28T08:28:52.626Z, pid: 0] > dvc --version - INITIALIZED
[version: 1.2.29, 2025-11-28T08:28:52.627Z, pid: 0] > dvc --version - FAILED (5ms)
Command failed with ENOENT: dvc --version
spawn dvc ENOENT
[version: 1.2.29, 2025-11-28T08:28:57.632Z, pid: 12370] > /home/peaches/anaconda3/bin/python -m dvc --version - INITIALIZED
[version: 1.2.29, 2025-11-28T08:28:57.641Z, pid: 12370] > /home/peaches/anaconda3/bin/python -m dvc --version - FAILED with code 1 (14ms)
/home/peaches/anaconda3/bin/python: No module named dvc

[version: 1.2.29, 2025-11-28T08:28:57.646Z, pid: 0] > dvc --version - INITIALIZED
[version: 1.2.29, 2025-11-28T08:28:57.646Z, pid: 0] > dvc --version - FAILED (5ms)
Command failed with ENOENT: dvc --version
spawn dvc ENOENT
[version: 1.2.29, 2025-11-28T08:29:02.652Z, pid: 12392] > /home/peaches/anaconda3/bin/python -m dvc --version - INITIALIZED
[version: 1.2.29, 2025-11-28T08:29:02.661Z, pid: 12392] > /home/peaches/anaconda3/bin/python -m dvc --version - FAILED with code 1 (14ms)
/home/peaches/anaconda3/bin/python: No module named dvc

[version: 1.2.29, 2025-11-28T08:29:02.665Z, pid: 0] > dvc --version - INITIALIZED
[version: 1.2.29, 2025-11-28T08:29:02.666Z, pid: 0] > dvc --version - FAILED (4ms)
Command failed with ENOENT: dvc --version
spawn dvc ENOENT
[version: 1.2.29, 2025-11-28T08:29:07.671Z, pid: 12414] > /home/peaches/anaconda3/bin/python -m dvc --version - INITIALIZED
[version: 1.2.29, 2025-11-28T08:29:07.680Z, pid: 12414] > /home/peaches/anaconda3/bin/python -m dvc --version - FAILED with code 1 (14ms)
/home/peaches/anaconda3/bin/python: No module named dvc

[version: 1.2.29, 2025-11-28T08:29:07.685Z, pid: 0] > dvc --version - INITIALIZED
[version: 1.2.29, 2025-11-28T08:29:07.686Z, pid: 0] > dvc --version - FAILED (5ms)
Command failed with ENOENT: dvc --version
spawn dvc ENOENT
[version: 1.2.29, 2025-11-28T08:29:12.692Z, pid: 12436] > /home/peaches/anaconda3/bin/python -m dvc --version - INITIALIZED
[version: 1.2.29, 2025-11-28T08:29:12.702Z, pid: 12436] > /home/peaches/anaconda3/bin/python -m dvc --version - FAILED with code 1 (16ms)
/home/peaches/anaconda3/bin/python: No module named dvc

[version: 1.2.29, 2025-11-28T08:29:12.706Z, pid: 0] > dvc --version - INITIALIZED
[version: 1.2.29, 2025-11-28T08:29:12.707Z, pid: 0] > dvc --version - FAILED (5ms)
Command failed with ENOENT: dvc --version
spawn dvc ENOENT
[version: 1.2.29, 2025-11-28T08:29:17.713Z, pid: 12458] > /home/peaches/anaconda3/bin/python -m dvc --version - INITIALIZED
[version: 1.2.29, 2025-11-28T08:29:17.722Z, pid: 12458] > /home/peaches/anaconda3/bin/python -m dvc --version - FAILED with code 1 (15ms)
/home/peaches/anaconda3/bin/python: No module named dvc

[version: 1.2.29, 2025-11-28T08:29:17.726Z, pid: 0] > dvc --version - INITIALIZED
[version: 1.2.29, 2025-11-28T08:29:17.727Z, pid: 0] > dvc --version - FAILED (4ms)
Command failed with ENOENT: dvc --version
spawn dvc ENOENT
[version: 1.2.29, 2025-11-28T08:29:22.733Z, pid: 12480] > /home/peaches/anaconda3/bin/python -m dvc --version - INITIALIZED
[version: 1.2.29, 2025-11-28T08:29:22.742Z, pid: 12480] > /home/peaches/anaconda3/bin/python -m dvc --version - FAILED with code 1 (15ms)
/home/peaches/anaconda3/bin/python: No module named dvc

[version: 1.2.29, 2025-11-28T08:29:22.747Z, pid: 0] > dvc --version - INITIALIZED
[version: 1.2.29, 2025-11-28T08:29:22.748Z, pid: 0] > dvc --version - FAILED (5ms)
Command failed with ENOENT: dvc --version
spawn dvc ENOENT
[version: 1.2.29, 2025-11-28T08:29:27.754Z, pid: 12502] > /home/peaches/anaconda3/bin/python -m dvc --version - INITIALIZED
[version: 1.2.29, 2025-11-28T08:29:27.763Z, pid: 12502] > /home/peaches/anaconda3/bin/python -m dvc --version - FAILED with code 1 (15ms)
/home/peaches/anaconda3/bin/python: No module named dvc

[version: 1.2.29, 2025-11-28T08:29:27.768Z, pid: 0] > dvc --version - INITIALIZED
[version: 1.2.29, 2025-11-28T08:29:27.768Z, pid: 0] > dvc --version - FAILED (4ms)
Command failed with ENOENT: dvc --version
spawn dvc ENOENT
[version: 1.2.29, 2025-11-28T08:29:32.775Z, pid: 12526] > /home/peaches/anaconda3/bin/python -m dvc --version - INITIALIZED
[version: 1.2.29, 2025-11-28T08:29:32.784Z, pid: 12526] > /home/peaches/anaconda3/bin/python -m dvc --version - FAILED with code 1 (15ms)
/home/peaches/anaconda3/bin/python: No module named dvc

[version: 1.2.29, 2025-11-28T08:29:32.788Z, pid: 0] > dvc --version - INITIALIZED
[version: 1.2.29, 2025-11-28T08:29:32.789Z, pid: 0] > dvc --version - FAILED (5ms)
Command failed with ENOENT: dvc --version
spawn dvc ENOENT
[version: 1.2.29, 2025-11-28T08:29:37.795Z, pid: 12549] > /home/peaches/anaconda3/bin/python -m dvc --version - INITIALIZED
[version: 1.2.29, 2025-11-28T08:29:37.805Z, pid: 12549] > /home/peaches/anaconda3/bin/python -m dvc --version - FAILED with code 1 (15ms)
/home/peaches/anaconda3/bin/python: No module named dvc

[version: 1.2.29, 2025-11-28T08:29:37.809Z, pid: 0] > dvc --version - INITIALIZED
[version: 1.2.29, 2025-11-28T08:29:37.810Z, pid: 0] > dvc --version - FAILED (5ms)
Command failed with ENOENT: dvc --version
spawn dvc ENOENT
[version: 1.2.29, 2025-11-28T08:29:42.814Z, pid: 12571] > /home/peaches/anaconda3/bin/python -m dvc --version - INITIALIZED
[version: 1.2.29, 2025-11-28T08:29:42.824Z, pid: 12571] > /home/peaches/anaconda3/bin/python -m dvc --version - FAILED with code 1 (14ms)
/home/peaches/anaconda3/bin/python: No module named dvc

[version: 1.2.29, 2025-11-28T08:29:42.829Z, pid: 0] > dvc --version - INITIALIZED
[version: 1.2.29, 2025-11-28T08:29:42.829Z, pid: 0] > dvc --version - FAILED (4ms)
Command failed with ENOENT: dvc --version
spawn dvc ENOENT
[version: 1.2.29, 2025-11-28T08:29:47.834Z, pid: 12593] > /home/peaches/anaconda3/bin/python -m dvc --version - INITIALIZED
[version: 1.2.29, 2025-11-28T08:29:47.843Z, pid: 12593] > /home/peaches/anaconda3/bin/python -m dvc --version - FAILED with code 1 (14ms)
/home/peaches/anaconda3/bin/python: No module named dvc

[version: 1.2.29, 2025-11-28T08:29:47.848Z, pid: 0] > dvc --version - INITIALIZED
[version: 1.2.29, 2025-11-28T08:29:47.849Z, pid: 0] > dvc --version - FAILED (5ms)
Command failed with ENOENT: dvc --version
spawn dvc ENOENT
[version: 1.2.29, 2025-11-28T08:29:52.855Z, pid: 12615] > /home/peaches/anaconda3/bin/python -m dvc --version - INITIALIZED
[version: 1.2.29, 2025-11-28T08:29:52.864Z, pid: 12615] > /home/peaches/anaconda3/bin/python -m dvc --version - FAILED with code 1 (14ms)
/home/peaches/anaconda3/bin/python: No module named dvc

[version: 1.2.29, 2025-11-28T08:29:52.868Z, pid: 0] > dvc --version - INITIALIZED
[version: 1.2.29, 2025-11-28T08:29:52.869Z, pid: 0] > dvc --version - FAILED (5ms)
Command failed with ENOENT: dvc --version
spawn dvc ENOENT
[version: 1.2.29, 2025-11-28T08:29:57.875Z, pid: 12637] > /home/peaches/anaconda3/bin/python -m dvc --version - INITIALIZED
[version: 1.2.29, 2025-11-28T08:29:57.884Z, pid: 12637] > /home/peaches/anaconda3/bin/python -m dvc --version - FAILED with code 1 (15ms)
/home/peaches/anaconda3/bin/python: No module named dvc

[version: 1.2.29, 2025-11-28T08:29:57.888Z, pid: 0] > dvc --version - INITIALIZED
[version: 1.2.29, 2025-11-28T08:29:57.889Z, pid: 0] > dvc --version - FAILED (5ms)
Command failed with ENOENT: dvc --version
spawn dvc ENOENT
[version: 1.2.29, 2025-11-28T08:30:02.896Z, pid: 12659] > /home/peaches/anaconda3/bin/python -m dvc --version - INITIALIZED
[version: 1.2.29, 2025-11-28T08:30:02.904Z, pid: 12659] > /home/peaches/anaconda3/bin/python -m dvc --version - FAILED with code 1 (15ms)
/home/peaches/anaconda3/bin/python: No module named dvc

[version: 1.2.29, 2025-11-28T08:30:02.909Z, pid: 0] > dvc --version - INITIALIZED
[version: 1.2.29, 2025-11-28T08:30:02.910Z, pid: 0] > dvc --version - FAILED (4ms)
Command failed with ENOENT: dvc --version
spawn dvc ENOENT
[version: 1.2.29, 2025-11-28T08:30:07.916Z, pid: 12681] > /home/peaches/anaconda3/bin/python -m dvc --version - INITIALIZED
[version: 1.2.29, 2025-11-28T08:30:07.926Z, pid: 12681] > /home/peaches/anaconda3/bin/python -m dvc --version - FAILED with code 1 (15ms)
/home/peaches/anaconda3/bin/python: No module named dvc

[version: 1.2.29, 2025-11-28T08:30:07.934Z, pid: 0] > dvc --version - INITIALIZED
[version: 1.2.29, 2025-11-28T08:30:07.935Z, pid: 0] > dvc --version - FAILED (7ms)
Command failed with ENOENT: dvc --version
spawn dvc ENOENT
[version: 1.2.29, 2025-11-28T08:30:12.940Z, pid: 12708] > /home/peaches/anaconda3/bin/python -m dvc --version - INITIALIZED
[version: 1.2.29, 2025-11-28T08:30:12.950Z, pid: 12708] > /home/peaches/anaconda3/bin/python -m dvc --version - FAILED with code 1 (15ms)
/home/peaches/anaconda3/bin/python: No module named dvc

[version: 1.2.29, 2025-11-28T08:30:12.955Z, pid: 0] > dvc --version - INITIALIZED
[version: 1.2.29, 2025-11-28T08:30:12.955Z, pid: 0] > dvc --version - FAILED (5ms)
Command failed with ENOENT: dvc --version
spawn dvc ENOENT
[version: 1.2.29, 2025-11-28T08:30:17.960Z, pid: 12730] > /home/peaches/anaconda3/bin/python -m dvc --version - INITIALIZED
[version: 1.2.29, 2025-11-28T08:30:17.970Z, pid: 12730] > /home/peaches/anaconda3/bin/python -m dvc --version - FAILED with code 1 (14ms)
/home/peaches/anaconda3/bin/python: No module named dvc

[version: 1.2.29, 2025-11-28T08:30:17.974Z, pid: 0] > dvc --version - INITIALIZED
[version: 1.2.29, 2025-11-28T08:30:17.975Z, pid: 0] > dvc --version - FAILED (5ms)
Command failed with ENOENT: dvc --version
spawn dvc ENOENT
[version: 1.2.29, 2025-11-28T08:30:22.980Z, pid: 12752] > /home/peaches/anaconda3/bin/python -m dvc --version - INITIALIZED
[version: 1.2.29, 2025-11-28T08:30:22.989Z, pid: 12752] > /home/peaches/anaconda3/bin/python -m dvc --version - FAILED with code 1 (14ms)
/home/peaches/anaconda3/bin/python: No module named dvc

[version: 1.2.29, 2025-11-28T08:30:22.994Z, pid: 0] > dvc --version - INITIALIZED
[version: 1.2.29, 2025-11-28T08:30:22.995Z, pid: 0] > dvc --version - FAILED (4ms)
Command failed with ENOENT: dvc --version
spawn dvc ENOENT
[version: 1.2.29, 2025-11-28T08:30:28.000Z, pid: 12774] > /home/peaches/anaconda3/bin/python -m dvc --version - INITIALIZED
[version: 1.2.29, 2025-11-28T08:30:28.009Z, pid: 12774] > /home/peaches/anaconda3/bin/python -m dvc --version - FAILED with code 1 (14ms)
/home/peaches/anaconda3/bin/python: No module named dvc

[version: 1.2.29, 2025-11-28T08:30:28.014Z, pid: 0] > dvc --version - INITIALIZED
[version: 1.2.29, 2025-11-28T08:30:28.014Z, pid: 0] > dvc --version - FAILED (4ms)
Command failed with ENOENT: dvc --version
spawn dvc ENOENT
[version: 1.2.29, 2025-11-28T08:30:33.020Z, pid: 12798] > /home/peaches/anaconda3/bin/python -m dvc --version - INITIALIZED
[version: 1.2.29, 2025-11-28T08:30:33.029Z, pid: 12798] > /home/peaches/anaconda3/bin/python -m dvc --version - FAILED with code 1 (13ms)
/home/peaches/anaconda3/bin/python: No module named dvc

[version: 1.2.29, 2025-11-28T08:30:33.034Z, pid: 0] > dvc --version - INITIALIZED
[version: 1.2.29, 2025-11-28T08:30:33.035Z, pid: 0] > dvc --version - FAILED (5ms)
Command failed with ENOENT: dvc --version
spawn dvc ENOENT
[version: 1.2.29, 2025-11-28T08:30:38.041Z, pid: 12822] > /home/peaches/anaconda3/bin/python -m dvc --version - INITIALIZED
[version: 1.2.29, 2025-11-28T08:30:38.051Z, pid: 12822] > /home/peaches/anaconda3/bin/python -m dvc --version - FAILED with code 1 (15ms)
/home/peaches/anaconda3/bin/python: No module named dvc

[version: 1.2.29, 2025-11-28T08:30:38.055Z, pid: 0] > dvc --version - INITIALIZED
[version: 1.2.29, 2025-11-28T08:30:38.056Z, pid: 0] > dvc --version - FAILED (5ms)
Command failed with ENOENT: dvc --version
spawn dvc ENOENT
[version: 1.2.29, 2025-11-28T08:30:43.061Z, pid: 12845] > /home/peaches/anaconda3/bin/python -m dvc --version - INITIALIZED
[version: 1.2.29, 2025-11-28T08:30:43.070Z, pid: 12845] > /home/peaches/anaconda3/bin/python -m dvc --version - FAILED with code 1 (14ms)
/home/peaches/anaconda3/bin/python: No module named dvc

[version: 1.2.29, 2025-11-28T08:30:43.075Z, pid: 0] > dvc --version - INITIALIZED
[version: 1.2.29, 2025-11-28T08:30:43.076Z, pid: 0] > dvc --version - FAILED (4ms)
Command failed with ENOENT: dvc --version
spawn dvc ENOENT
[version: 1.2.29, 2025-11-28T08:30:48.083Z, pid: 12867] > /home/peaches/anaconda3/bin/python -m dvc --version - INITIALIZED
[version: 1.2.29, 2025-11-28T08:30:48.092Z, pid: 12867] > /home/peaches/anaconda3/bin/python -m dvc --version - FAILED with code 1 (15ms)
/home/peaches/anaconda3/bin/python: No module named dvc

[version: 1.2.29, 2025-11-28T08:30:48.097Z, pid: 0] > dvc --version - INITIALIZED
[version: 1.2.29, 2025-11-28T08:30:48.098Z, pid: 0] > dvc --version - FAILED (5ms)
Command failed with ENOENT: dvc --version
spawn dvc ENOENT
[version: 1.2.29, 2025-11-28T08:30:53.105Z, pid: 12889] > /home/peaches/anaconda3/bin/python -m dvc --version - INITIALIZED
[version: 1.2.29, 2025-11-28T08:30:53.114Z, pid: 12889] > /home/peaches/anaconda3/bin/python -m dvc --version - FAILED with code 1 (15ms)
/home/peaches/anaconda3/bin/python: No module named dvc

[version: 1.2.29, 2025-11-28T08:30:53.118Z, pid: 0] > dvc --version - INITIALIZED
[version: 1.2.29, 2025-11-28T08:30:53.119Z, pid: 0] > dvc --version - FAILED (5ms)
Command failed with ENOENT: dvc --version
spawn dvc ENOENT
[version: 1.2.29, 2025-11-28T08:30:58.125Z, pid: 12911] > /home/peaches/anaconda3/bin/python -m dvc --version - INITIALIZED
[version: 1.2.29, 2025-11-28T08:30:58.135Z, pid: 12911] > /home/peaches/anaconda3/bin/python -m dvc --version - FAILED with code 1 (15ms)
/home/peaches/anaconda3/bin/python: No module named dvc

[version: 1.2.29, 2025-11-28T08:30:58.139Z, pid: 0] > dvc --version - INITIALIZED
[version: 1.2.29, 2025-11-28T08:30:58.140Z, pid: 0] > dvc --version - FAILED (5ms)
Command failed with ENOENT: dvc --version
spawn dvc ENOENT
[version: 1.2.29, 2025-11-28T08:31:03.145Z, pid: 12933] > /home/peaches/anaconda3/bin/python -m dvc --version - INITIALIZED
[version: 1.2.29, 2025-11-28T08:31:03.154Z, pid: 12933] > /home/peaches/anaconda3/bin/python -m dvc --version - FAILED with code 1 (14ms)
/home/peaches/anaconda3/bin/python: No module named dvc

[version: 1.2.29, 2025-11-28T08:31:03.158Z, pid: 0] > dvc --version - INITIALIZED
[version: 1.2.29, 2025-11-28T08:31:03.159Z, pid: 0] > dvc --version - FAILED (5ms)
Command failed with ENOENT: dvc --version
spawn dvc ENOENT
[version: 1.2.29, 2025-11-28T08:31:08.165Z, pid: 12956] > /home/peaches/anaconda3/bin/python -m dvc --version - INITIALIZED
[version: 1.2.29, 2025-11-28T08:31:08.174Z, pid: 12956] > /home/peaches/anaconda3/bin/python -m dvc --version - FAILED with code 1 (15ms)
/home/peaches/anaconda3/bin/python: No module named dvc

[version: 1.2.29, 2025-11-28T08:31:08.178Z, pid: 0] > dvc --version - INITIALIZED
[version: 1.2.29, 2025-11-28T08:31:08.179Z, pid: 0] > dvc --version - FAILED (5ms)
Command failed with ENOENT: dvc --version
spawn dvc ENOENT
[version: 1.2.29, 2025-11-28T08:31:13.186Z, pid: 12978] > /home/peaches/anaconda3/bin/python -m dvc --version - INITIALIZED
[version: 1.2.29, 2025-11-28T08:31:13.195Z, pid: 12978] > /home/peaches/anaconda3/bin/python -m dvc --version - FAILED with code 1 (14ms)
/home/peaches/anaconda3/bin/python: No module named dvc

[version: 1.2.29, 2025-11-28T08:31:13.200Z, pid: 0] > dvc --version - INITIALIZED
[version: 1.2.29, 2025-11-28T08:31:13.200Z, pid: 0] > dvc --version - FAILED (5ms)
Command failed with ENOENT: dvc --version
spawn dvc ENOENT
[version: 1.2.29, 2025-11-28T08:31:18.206Z, pid: 13000] > /home/peaches/anaconda3/bin/python -m dvc --version - INITIALIZED
[version: 1.2.29, 2025-11-28T08:31:18.215Z, pid: 13000] > /home/peaches/anaconda3/bin/python -m dvc --version - FAILED with code 1 (14ms)
/home/peaches/anaconda3/bin/python: No module named dvc

[version: 1.2.29, 2025-11-28T08:31:18.220Z, pid: 0] > dvc --version - INITIALIZED
[version: 1.2.29, 2025-11-28T08:31:18.220Z, pid: 0] > dvc --version - FAILED (4ms)
Command failed with ENOENT: dvc --version
spawn dvc ENOENT
[version: 1.2.29, 2025-11-28T08:31:23.228Z, pid: 13022] > /home/peaches/anaconda3/bin/python -m dvc --version - INITIALIZED
[version: 1.2.29, 2025-11-28T08:31:23.237Z, pid: 13022] > /home/peaches/anaconda3/bin/python -m dvc --version - FAILED with code 1 (15ms)
/home/peaches/anaconda3/bin/python: No module named dvc

[version: 1.2.29, 2025-11-28T08:31:23.241Z, pid: 0] > dvc --version - INITIALIZED
[version: 1.2.29, 2025-11-28T08:31:23.242Z, pid: 0] > dvc --version - FAILED (5ms)
Command failed with ENOENT: dvc --version
spawn dvc ENOENT
[version: 1.2.29, 2025-11-28T08:31:28.249Z, pid: 13047] > /home/peaches/anaconda3/bin/python -m dvc --version - INITIALIZED
[version: 1.2.29, 2025-11-28T08:31:28.258Z, pid: 13047] > /home/peaches/anaconda3/bin/python -m dvc --version - FAILED with code 1 (15ms)
/home/peaches/anaconda3/bin/python: No module named dvc

[version: 1.2.29, 2025-11-28T08:31:28.263Z, pid: 0] > dvc --version - INITIALIZED
[version: 1.2.29, 2025-11-28T08:31:28.264Z, pid: 0] > dvc --version - FAILED (6ms)
Command failed with ENOENT: dvc --version
spawn dvc ENOENT
[version: 1.2.29, 2025-11-28T08:31:33.270Z, pid: 13071] > /home/peaches/anaconda3/bin/python -m dvc --version - INITIALIZED
[version: 1.2.29, 2025-11-28T08:31:33.279Z, pid: 13071] > /home/peaches/anaconda3/bin/python -m dvc --version - FAILED with code 1 (15ms)
/home/peaches/anaconda3/bin/python: No module named dvc

[version: 1.2.29, 2025-11-28T08:31:33.283Z, pid: 0] > dvc --version - INITIALIZED
[version: 1.2.29, 2025-11-28T08:31:33.284Z, pid: 0] > dvc --version - FAILED (5ms)
Command failed with ENOENT: dvc --version
spawn dvc ENOENT
[version: 1.2.29, 2025-11-28T08:31:38.290Z, pid: 13094] > /home/peaches/anaconda3/bin/python -m dvc --version - INITIALIZED
[version: 1.2.29, 2025-11-28T08:31:38.300Z, pid: 13094] > /home/peaches/anaconda3/bin/python -m dvc --version - FAILED with code 1 (15ms)
/home/peaches/anaconda3/bin/python: No module named dvc

[version: 1.2.29, 2025-11-28T08:31:38.305Z, pid: 0] > dvc --version - INITIALIZED
[version: 1.2.29, 2025-11-28T08:31:38.306Z, pid: 0] > dvc --version - FAILED (4ms)
Command failed with ENOENT: dvc --version
spawn dvc ENOENT
[version: 1.2.29, 2025-11-28T08:31:43.312Z, pid: 13116] > /home/peaches/anaconda3/bin/python -m dvc --version - INITIALIZED
[version: 1.2.29, 2025-11-28T08:31:43.321Z, pid: 13116] > /home/peaches/anaconda3/bin/python -m dvc --version - FAILED with code 1 (14ms)
/home/peaches/anaconda3/bin/python: No module named dvc

[version: 1.2.29, 2025-11-28T08:31:43.326Z, pid: 0] > dvc --version - INITIALIZED
[version: 1.2.29, 2025-11-28T08:31:43.327Z, pid: 0] > dvc --version - FAILED (5ms)
Command failed with ENOENT: dvc --version
spawn dvc ENOENT
[version: 1.2.29, 2025-11-28T08:31:48.332Z, pid: 13138] > /home/peaches/anaconda3/bin/python -m dvc --version - INITIALIZED
[version: 1.2.29, 2025-11-28T08:31:48.341Z, pid: 13138] > /home/peaches/anaconda3/bin/python -m dvc --version - FAILED with code 1 (14ms)
/home/peaches/anaconda3/bin/python: No module named dvc

[version: 1.2.29, 2025-11-28T08:31:48.346Z, pid: 0] > dvc --version - INITIALIZED
[version: 1.2.29, 2025-11-28T08:31:48.347Z, pid: 0] > dvc --version - FAILED (5ms)
Command failed with ENOENT: dvc --version
spawn dvc ENOENT
[version: 1.2.29, 2025-11-28T08:31:53.353Z, pid: 13160] > /home/peaches/anaconda3/bin/python -m dvc --version - INITIALIZED
[version: 1.2.29, 2025-11-28T08:31:53.362Z, pid: 13160] > /home/peaches/anaconda3/bin/python -m dvc --version - FAILED with code 1 (15ms)
/home/peaches/anaconda3/bin/python: No module named dvc

[version: 1.2.29, 2025-11-28T08:31:53.366Z, pid: 0] > dvc --version - INITIALIZED
[version: 1.2.29, 2025-11-28T08:31:53.367Z, pid: 0] > dvc --version - FAILED (5ms)
Command failed with ENOENT: dvc --version
spawn dvc ENOENT
[version: 1.2.29, 2025-11-28T08:31:58.372Z, pid: 13182] > /home/peaches/anaconda3/bin/python -m dvc --version - INITIALIZED
[version: 1.2.29, 2025-11-28T08:31:58.381Z, pid: 13182] > /home/peaches/anaconda3/bin/python -m dvc --version - FAILED with code 1 (14ms)
/home/peaches/anaconda3/bin/python: No module named dvc

[version: 1.2.29, 2025-11-28T08:31:58.386Z, pid: 0] > dvc --version - INITIALIZED
[version: 1.2.29, 2025-11-28T08:31:58.387Z, pid: 0] > dvc --version - FAILED (5ms)
Command failed with ENOENT: dvc --version
spawn dvc ENOENT
[version: 1.2.29, 2025-11-28T08:32:03.393Z, pid: 13211] > /home/peaches/anaconda3/bin/python -m dvc --version - INITIALIZED
[version: 1.2.29, 2025-11-28T08:32:03.403Z, pid: 13211] > /home/peaches/anaconda3/bin/python -m dvc --version - FAILED with code 1 (16ms)
/home/peaches/anaconda3/bin/python: No module named dvc

[version: 1.2.29, 2025-11-28T08:32:03.407Z, pid: 0] > dvc --version - INITIALIZED
[version: 1.2.29, 2025-11-28T08:32:03.408Z, pid: 0] > dvc --version - FAILED (5ms)
Command failed with ENOENT: dvc --version
spawn dvc ENOENT
[version: 1.2.29, 2025-11-28T08:32:08.414Z, pid: 13233] > /home/peaches/anaconda3/bin/python -m dvc --version - INITIALIZED
[version: 1.2.29, 2025-11-28T08:32:08.423Z, pid: 13233] > /home/peaches/anaconda3/bin/python -m dvc --version - FAILED with code 1 (15ms)
/home/peaches/anaconda3/bin/python: No module named dvc

[version: 1.2.29, 2025-11-28T08:32:08.427Z, pid: 0] > dvc --version - INITIALIZED
[version: 1.2.29, 2025-11-28T08:32:08.428Z, pid: 0] > dvc --version - FAILED (5ms)
Command failed with ENOENT: dvc --version
spawn dvc ENOENT
[version: 1.2.29, 2025-11-28T08:32:13.436Z, pid: 13255] > /home/peaches/anaconda3/bin/python -m dvc --version - INITIALIZED
[version: 1.2.29, 2025-11-28T08:32:13.445Z, pid: 13255] > /home/peaches/anaconda3/bin/python -m dvc --version - FAILED with code 1 (15ms)
/home/peaches/anaconda3/bin/python: No module named dvc

[version: 1.2.29, 2025-11-28T08:32:13.449Z, pid: 0] > dvc --version - INITIALIZED
[version: 1.2.29, 2025-11-28T08:32:13.450Z, pid: 0] > dvc --version - FAILED (5ms)
Command failed with ENOENT: dvc --version
spawn dvc ENOENT
[version: 1.2.29, 2025-11-28T08:32:18.456Z, pid: 13277] > /home/peaches/anaconda3/bin/python -m dvc --version - INITIALIZED
[version: 1.2.29, 2025-11-28T08:32:18.466Z, pid: 13277] > /home/peaches/anaconda3/bin/python -m dvc --version - FAILED with code 1 (16ms)
/home/peaches/anaconda3/bin/python: No module named dvc

[version: 1.2.29, 2025-11-28T08:32:18.470Z, pid: 0] > dvc --version - INITIALIZED
[version: 1.2.29, 2025-11-28T08:32:18.471Z, pid: 0] > dvc --version - FAILED (5ms)
Command failed with ENOENT: dvc --version
spawn dvc ENOENT
[version: 1.2.29, 2025-11-28T08:32:23.476Z, pid: 13299] > /home/peaches/anaconda3/bin/python -m dvc --version - INITIALIZED
[version: 1.2.29, 2025-11-28T08:32:23.485Z, pid: 13299] > /home/peaches/anaconda3/bin/python -m dvc --version - FAILED with code 1 (14ms)
/home/peaches/anaconda3/bin/python: No module named dvc

[version: 1.2.29, 2025-11-28T08:32:23.490Z, pid: 0] > dvc --version - INITIALIZED
[version: 1.2.29, 2025-11-28T08:32:23.491Z, pid: 0] > dvc --version - FAILED (6ms)
Command failed with ENOENT: dvc --version
spawn dvc ENOENT
[version: 1.2.29, 2025-11-28T08:32:28.496Z, pid: 13323] > /home/peaches/anaconda3/bin/python -m dvc --version - INITIALIZED
[version: 1.2.29, 2025-11-28T08:32:28.505Z, pid: 13323] > /home/peaches/anaconda3/bin/python -m dvc --version - FAILED with code 1 (14ms)
/home/peaches/anaconda3/bin/python: No module named dvc

[version: 1.2.29, 2025-11-28T08:32:28.510Z, pid: 0] > dvc --version - INITIALIZED
[version: 1.2.29, 2025-11-28T08:32:28.510Z, pid: 0] > dvc --version - FAILED (5ms)
Command failed with ENOENT: dvc --version
spawn dvc ENOENT
[version: 1.2.29, 2025-11-28T08:32:33.516Z, pid: 13345] > /home/peaches/anaconda3/bin/python -m dvc --version - INITIALIZED
[version: 1.2.29, 2025-11-28T08:32:33.526Z, pid: 13345] > /home/peaches/anaconda3/bin/python -m dvc --version - FAILED with code 1 (14ms)
/home/peaches/anaconda3/bin/python: No module named dvc

[version: 1.2.29, 2025-11-28T08:32:33.530Z, pid: 0] > dvc --version - INITIALIZED
[version: 1.2.29, 2025-11-28T08:32:33.531Z, pid: 0] > dvc --version - FAILED (5ms)
Command failed with ENOENT: dvc --version
spawn dvc ENOENT
[version: 1.2.29, 2025-11-28T08:32:38.537Z, pid: 13369] > /home/peaches/anaconda3/bin/python -m dvc --version - INITIALIZED
[version: 1.2.29, 2025-11-28T08:32:38.547Z, pid: 13369] > /home/peaches/anaconda3/bin/python -m dvc --version - FAILED with code 1 (15ms)
/home/peaches/anaconda3/bin/python: No module named dvc

[version: 1.2.29, 2025-11-28T08:32:38.551Z, pid: 0] > dvc --version - INITIALIZED
[version: 1.2.29, 2025-11-28T08:32:38.552Z, pid: 0] > dvc --version - FAILED (5ms)
Command failed with ENOENT: dvc --version
spawn dvc ENOENT
[version: 1.2.29, 2025-11-28T08:32:43.558Z, pid: 13391] > /home/peaches/anaconda3/bin/python -m dvc --version - INITIALIZED
[version: 1.2.29, 2025-11-28T08:32:43.567Z, pid: 13391] > /home/peaches/anaconda3/bin/python -m dvc --version - FAILED with code 1 (15ms)
/home/peaches/anaconda3/bin/python: No module named dvc

[version: 1.2.29, 2025-11-28T08:32:43.571Z, pid: 0] > dvc --version - INITIALIZED
[version: 1.2.29, 2025-11-28T08:32:43.572Z, pid: 0] > dvc --version - FAILED (5ms)
Command failed with ENOENT: dvc --version
spawn dvc ENOENT
[version: 1.2.29, 2025-11-28T08:32:48.578Z, pid: 13413] > /home/peaches/anaconda3/bin/python -m dvc --version - INITIALIZED
[version: 1.2.29, 2025-11-28T08:32:48.587Z, pid: 13413] > /home/peaches/anaconda3/bin/python -m dvc --version - FAILED with code 1 (15ms)
/home/peaches/anaconda3/bin/python: No module named dvc

[version: 1.2.29, 2025-11-28T08:32:48.592Z, pid: 0] > dvc --version - INITIALIZED
[version: 1.2.29, 2025-11-28T08:32:48.593Z, pid: 0] > dvc --version - FAILED (5ms)
Command failed with ENOENT: dvc --version
spawn dvc ENOENT
[version: 1.2.29, 2025-11-28T08:32:53.598Z, pid: 13435] > /home/peaches/anaconda3/bin/python -m dvc --version - INITIALIZED
[version: 1.2.29, 2025-11-28T08:32:53.607Z, pid: 13435] > /home/peaches/anaconda3/bin/python -m dvc --version - FAILED with code 1 (14ms)
/home/peaches/anaconda3/bin/python: No module named dvc

[version: 1.2.29, 2025-11-28T08:32:53.612Z, pid: 0] > dvc --version - INITIALIZED
[version: 1.2.29, 2025-11-28T08:32:53.613Z, pid: 0] > dvc --version - FAILED (5ms)
Command failed with ENOENT: dvc --version
spawn dvc ENOENT
[version: 1.2.29, 2025-11-28T08:32:58.618Z, pid: 13457] > /home/peaches/anaconda3/bin/python -m dvc --version - INITIALIZED
[version: 1.2.29, 2025-11-28T08:32:58.627Z, pid: 13457] > /home/peaches/anaconda3/bin/python -m dvc --version - FAILED with code 1 (14ms)
/home/peaches/anaconda3/bin/python: No module named dvc

[version: 1.2.29, 2025-11-28T08:32:58.632Z, pid: 0] > dvc --version - INITIALIZED
[version: 1.2.29, 2025-11-28T08:32:58.632Z, pid: 0] > dvc --version - FAILED (5ms)
Command failed with ENOENT: dvc --version
spawn dvc ENOENT
[version: 1.2.29, 2025-11-28T08:33:03.639Z, pid: 13479] > /home/peaches/anaconda3/bin/python -m dvc --version - INITIALIZED
[version: 1.2.29, 2025-11-28T08:33:03.648Z, pid: 13479] > /home/peaches/anaconda3/bin/python -m dvc --version - FAILED with code 1 (15ms)
/home/peaches/anaconda3/bin/python: No module named dvc

[version: 1.2.29, 2025-11-28T08:33:03.653Z, pid: 0] > dvc --version - INITIALIZED
[version: 1.2.29, 2025-11-28T08:33:03.653Z, pid: 0] > dvc --version - FAILED (5ms)
Command failed with ENOENT: dvc --version
spawn dvc ENOENT
[version: 1.2.29, 2025-11-28T08:33:08.659Z, pid: 13501] > /home/peaches/anaconda3/bin/python -m dvc --version - INITIALIZED
[version: 1.2.29, 2025-11-28T08:33:08.668Z, pid: 13501] > /home/peaches/anaconda3/bin/python -m dvc --version - FAILED with code 1 (14ms)
/home/peaches/anaconda3/bin/python: No module named dvc

[version: 1.2.29, 2025-11-28T08:33:08.672Z, pid: 0] > dvc --version - INITIALIZED
[version: 1.2.29, 2025-11-28T08:33:08.673Z, pid: 0] > dvc --version - FAILED (5ms)
Command failed with ENOENT: dvc --version
spawn dvc ENOENT
[version: 1.2.29, 2025-11-28T08:33:13.679Z, pid: 13523] > /home/peaches/anaconda3/bin/python -m dvc --version - INITIALIZED
[version: 1.2.29, 2025-11-28T08:33:13.689Z, pid: 13523] > /home/peaches/anaconda3/bin/python -m dvc --version - FAILED with code 1 (15ms)
/home/peaches/anaconda3/bin/python: No module named dvc

[version: 1.2.29, 2025-11-28T08:33:13.693Z, pid: 0] > dvc --version - INITIALIZED
[version: 1.2.29, 2025-11-28T08:33:13.694Z, pid: 0] > dvc --version - FAILED (5ms)
Command failed with ENOENT: dvc --version
spawn dvc ENOENT
[version: 1.2.29, 2025-11-28T08:33:18.699Z, pid: 13545] > /home/peaches/anaconda3/bin/python -m dvc --version - INITIALIZED
[version: 1.2.29, 2025-11-28T08:33:18.708Z, pid: 13545] > /home/peaches/anaconda3/bin/python -m dvc --version - FAILED with code 1 (14ms)
/home/peaches/anaconda3/bin/python: No module named dvc

[version: 1.2.29, 2025-11-28T08:33:18.712Z, pid: 0] > dvc --version - INITIALIZED
[version: 1.2.29, 2025-11-28T08:33:18.713Z, pid: 0] > dvc --version - FAILED (5ms)
Command failed with ENOENT: dvc --version
spawn dvc ENOENT
[version: 1.2.29, 2025-11-28T08:33:23.719Z, pid: 13567] > /home/peaches/anaconda3/bin/python -m dvc --version - INITIALIZED
[version: 1.2.29, 2025-11-28T08:33:23.728Z, pid: 13567] > /home/peaches/anaconda3/bin/python -m dvc --version - FAILED with code 1 (15ms)
/home/peaches/anaconda3/bin/python: No module named dvc

[version: 1.2.29, 2025-11-28T08:33:23.733Z, pid: 0] > dvc --version - INITIALIZED
[version: 1.2.29, 2025-11-28T08:33:23.734Z, pid: 0] > dvc --version - FAILED (5ms)
Command failed with ENOENT: dvc --version
spawn dvc ENOENT
[version: 1.2.29, 2025-11-28T08:33:28.740Z, pid: 13591] > /home/peaches/anaconda3/bin/python -m dvc --version - INITIALIZED
[version: 1.2.29, 2025-11-28T08:33:28.750Z, pid: 13591] > /home/peaches/anaconda3/bin/python -m dvc --version - FAILED with code 1 (15ms)
/home/peaches/anaconda3/bin/python: No module named dvc

[version: 1.2.29, 2025-11-28T08:33:28.754Z, pid: 0] > dvc --version - INITIALIZED
[version: 1.2.29, 2025-11-28T08:33:28.755Z, pid: 0] > dvc --version - FAILED (5ms)
Command failed with ENOENT: dvc --version
spawn dvc ENOENT
[version: 1.2.29, 2025-11-28T08:33:33.760Z, pid: 13613] > /home/peaches/anaconda3/bin/python -m dvc --version - INITIALIZED
[version: 1.2.29, 2025-11-28T08:33:33.769Z, pid: 13613] > /home/peaches/anaconda3/bin/python -m dvc --version - FAILED with code 1 (14ms)
/home/peaches/anaconda3/bin/python: No module named dvc

[version: 1.2.29, 2025-11-28T08:33:33.774Z, pid: 0] > dvc --version - INITIALIZED
[version: 1.2.29, 2025-11-28T08:33:33.775Z, pid: 0] > dvc --version - FAILED (4ms)
Command failed with ENOENT: dvc --version
spawn dvc ENOENT
[version: 1.2.29, 2025-11-28T08:33:38.781Z, pid: 13636] > /home/peaches/anaconda3/bin/python -m dvc --version - INITIALIZED
[version: 1.2.29, 2025-11-28T08:33:38.790Z, pid: 13636] > /home/peaches/anaconda3/bin/python -m dvc --version - FAILED with code 1 (15ms)
/home/peaches/anaconda3/bin/python: No module named dvc

[version: 1.2.29, 2025-11-28T08:33:38.795Z, pid: 0] > dvc --version - INITIALIZED
[version: 1.2.29, 2025-11-28T08:33:38.795Z, pid: 0] > dvc --version - FAILED (5ms)
Command failed with ENOENT: dvc --version
spawn dvc ENOENT
[version: 1.2.29, 2025-11-28T08:33:43.803Z, pid: 13658] > /home/peaches/anaconda3/bin/python -m dvc --version - INITIALIZED
[version: 1.2.29, 2025-11-28T08:33:43.812Z, pid: 13658] > /home/peaches/anaconda3/bin/python -m dvc --version - FAILED with code 1 (15ms)
/home/peaches/anaconda3/bin/python: No module named dvc

[version: 1.2.29, 2025-11-28T08:33:43.817Z, pid: 0] > dvc --version - INITIALIZED
[version: 1.2.29, 2025-11-28T08:33:43.818Z, pid: 0] > dvc --version - FAILED (6ms)
Command failed with ENOENT: dvc --version
spawn dvc ENOENT
[version: 1.2.29, 2025-11-28T08:33:48.823Z, pid: 13680] > /home/peaches/anaconda3/bin/python -m dvc --version - INITIALIZED
[version: 1.2.29, 2025-11-28T08:33:48.832Z, pid: 13680] > /home/peaches/anaconda3/bin/python -m dvc --version - FAILED with code 1 (14ms)
/home/peaches/anaconda3/bin/python: No module named dvc

[version: 1.2.29, 2025-11-28T08:33:48.837Z, pid: 0] > dvc --version - INITIALIZED
[version: 1.2.29, 2025-11-28T08:33:48.838Z, pid: 0] > dvc --version - FAILED (6ms)
Command failed with ENOENT: dvc --version
spawn dvc ENOENT
[version: 1.2.29, 2025-11-28T08:33:53.843Z, pid: 13702] > /home/peaches/anaconda3/bin/python -m dvc --version - INITIALIZED
[version: 1.2.29, 2025-11-28T08:33:53.853Z, pid: 13702] > /home/peaches/anaconda3/bin/python -m dvc --version - FAILED with code 1 (14ms)
/home/peaches/anaconda3/bin/python: No module named dvc

[version: 1.2.29, 2025-11-28T08:33:53.857Z, pid: 0] > dvc --version - INITIALIZED
[version: 1.2.29, 2025-11-28T08:33:53.858Z, pid: 0] > dvc --version - FAILED (5ms)
Command failed with ENOENT: dvc --version
spawn dvc ENOENT
[version: 1.2.29, 2025-11-28T08:33:58.863Z, pid: 13724] > /home/peaches/anaconda3/bin/python -m dvc --version - INITIALIZED
[version: 1.2.29, 2025-11-28T08:33:58.872Z, pid: 13724] > /home/peaches/anaconda3/bin/python -m dvc --version - FAILED with code 1 (14ms)
/home/peaches/anaconda3/bin/python: No module named dvc

[version: 1.2.29, 2025-11-28T08:33:58.876Z, pid: 0] > dvc --version - INITIALIZED
[version: 1.2.29, 2025-11-28T08:33:58.877Z, pid: 0] > dvc --version - FAILED (5ms)
Command failed with ENOENT: dvc --version
spawn dvc ENOENT
[version: 1.2.29, 2025-11-28T08:34:03.884Z, pid: 13746] > /home/peaches/anaconda3/bin/python -m dvc --version - INITIALIZED
[version: 1.2.29, 2025-11-28T08:34:03.892Z, pid: 13746] > /home/peaches/anaconda3/bin/python -m dvc --version - FAILED with code 1 (15ms)
/home/peaches/anaconda3/bin/python: No module named dvc

[version: 1.2.29, 2025-11-28T08:34:03.897Z, pid: 0] > dvc --version - INITIALIZED
[version: 1.2.29, 2025-11-28T08:34:03.898Z, pid: 0] > dvc --version - FAILED (5ms)
Command failed with ENOENT: dvc --version
spawn dvc ENOENT
[version: 1.2.29, 2025-11-28T08:34:08.904Z, pid: 13769] > /home/peaches/anaconda3/bin/python -m dvc --version - INITIALIZED
[version: 1.2.29, 2025-11-28T08:34:08.913Z, pid: 13769] > /home/peaches/anaconda3/bin/python -m dvc --version - FAILED with code 1 (14ms)
/home/peaches/anaconda3/bin/python: No module named dvc

[version: 1.2.29, 2025-11-28T08:34:08.917Z, pid: 0] > dvc --version - INITIALIZED
[version: 1.2.29, 2025-11-28T08:34:08.918Z, pid: 0] > dvc --version - FAILED (5ms)
Command failed with ENOENT: dvc --version
spawn dvc ENOENT
[version: 1.2.29, 2025-11-28T08:34:13.924Z, pid: 13791] > /home/peaches/anaconda3/bin/python -m dvc --version - INITIALIZED
[version: 1.2.29, 2025-11-28T08:34:13.933Z, pid: 13791] > /home/peaches/anaconda3/bin/python -m dvc --version - FAILED with code 1 (14ms)
/home/peaches/anaconda3/bin/python: No module named dvc

[version: 1.2.29, 2025-11-28T08:34:13.937Z, pid: 0] > dvc --version - INITIALIZED
[version: 1.2.29, 2025-11-28T08:34:13.938Z, pid: 0] > dvc --version - FAILED (5ms)
Command failed with ENOENT: dvc --version
spawn dvc ENOENT
[version: 1.2.29, 2025-11-28T08:34:18.944Z, pid: 13814] > /home/peaches/anaconda3/bin/python -m dvc --version - INITIALIZED
[version: 1.2.29, 2025-11-28T08:34:18.953Z, pid: 13814] > /home/peaches/anaconda3/bin/python -m dvc --version - FAILED with code 1 (15ms)
/home/peaches/anaconda3/bin/python: No module named dvc

[version: 1.2.29, 2025-11-28T08:34:18.957Z, pid: 0] > dvc --version - INITIALIZED
[version: 1.2.29, 2025-11-28T08:34:18.958Z, pid: 0] > dvc --version - FAILED (5ms)
Command failed with ENOENT: dvc --version
spawn dvc ENOENT
[version: 1.2.29, 2025-11-28T08:34:23.964Z, pid: 13836] > /home/peaches/anaconda3/bin/python -m dvc --version - INITIALIZED
[version: 1.2.29, 2025-11-28T08:34:23.973Z, pid: 13836] > /home/peaches/anaconda3/bin/python -m dvc --version - FAILED with code 1 (14ms)
/home/peaches/anaconda3/bin/python: No module named dvc

[version: 1.2.29, 2025-11-28T08:34:23.978Z, pid: 0] > dvc --version - INITIALIZED
[version: 1.2.29, 2025-11-28T08:34:23.979Z, pid: 0] > dvc --version - FAILED (5ms)
Command failed with ENOENT: dvc --version
spawn dvc ENOENT
[version: 1.2.29, 2025-11-28T08:34:28.985Z, pid: 13860] > /home/peaches/anaconda3/bin/python -m dvc --version - INITIALIZED
[version: 1.2.29, 2025-11-28T08:34:28.994Z, pid: 13860] > /home/peaches/anaconda3/bin/python -m dvc --version - FAILED with code 1 (15ms)
/home/peaches/anaconda3/bin/python: No module named dvc

[version: 1.2.29, 2025-11-28T08:34:28.998Z, pid: 0] > dvc --version - INITIALIZED
[version: 1.2.29, 2025-11-28T08:34:28.999Z, pid: 0] > dvc --version - FAILED (5ms)
Command failed with ENOENT: dvc --version
spawn dvc ENOENT
[version: 1.2.29, 2025-11-28T08:34:34.004Z, pid: 13882] > /home/peaches/anaconda3/bin/python -m dvc --version - INITIALIZED
[version: 1.2.29, 2025-11-28T08:34:34.013Z, pid: 13882] > /home/peaches/anaconda3/bin/python -m dvc --version - FAILED with code 1 (14ms)
/home/peaches/anaconda3/bin/python: No module named dvc

[version: 1.2.29, 2025-11-28T08:34:34.017Z, pid: 0] > dvc --version - INITIALIZED
[version: 1.2.29, 2025-11-28T08:34:34.018Z, pid: 0] > dvc --version - FAILED (5ms)
Command failed with ENOENT: dvc --version
spawn dvc ENOENT
[version: 1.2.29, 2025-11-28T08:34:39.022Z, pid: 13904] > /home/peaches/anaconda3/bin/python -m dvc --version - INITIALIZED
[version: 1.2.29, 2025-11-28T08:34:39.031Z, pid: 13904] > /home/peaches/anaconda3/bin/python -m dvc --version - FAILED with code 1 (13ms)
/home/peaches/anaconda3/bin/python: No module named dvc

[version: 1.2.29, 2025-11-28T08:34:39.036Z, pid: 0] > dvc --version - INITIALIZED
[version: 1.2.29, 2025-11-28T08:34:39.036Z, pid: 0] > dvc --version - FAILED (4ms)
Command failed with ENOENT: dvc --version
spawn dvc ENOENT
[version: 1.2.29, 2025-11-28T08:34:44.041Z, pid: 13926] > /home/peaches/anaconda3/bin/python -m dvc --version - INITIALIZED
[version: 1.2.29, 2025-11-28T08:34:44.050Z, pid: 13926] > /home/peaches/anaconda3/bin/python -m dvc --version - FAILED with code 1 (14ms)
/home/peaches/anaconda3/bin/python: No module named dvc

[version: 1.2.29, 2025-11-28T08:34:44.054Z, pid: 0] > dvc --version - INITIALIZED
[version: 1.2.29, 2025-11-28T08:34:44.055Z, pid: 0] > dvc --version - FAILED (5ms)
Command failed with ENOENT: dvc --version
spawn dvc ENOENT
[version: 1.2.29, 2025-11-28T08:34:49.061Z, pid: 13948] > /home/peaches/anaconda3/bin/python -m dvc --version - INITIALIZED
[version: 1.2.29, 2025-11-28T08:34:49.071Z, pid: 13948] > /home/peaches/anaconda3/bin/python -m dvc --version - FAILED with code 1 (16ms)
/home/peaches/anaconda3/bin/python: No module named dvc

[version: 1.2.29, 2025-11-28T08:34:49.075Z, pid: 0] > dvc --version - INITIALIZED
[version: 1.2.29, 2025-11-28T08:34:49.076Z, pid: 0] > dvc --version - FAILED (5ms)
Command failed with ENOENT: dvc --version
spawn dvc ENOENT
[version: 1.2.29, 2025-11-28T08:34:54.082Z, pid: 13970] > /home/peaches/anaconda3/bin/python -m dvc --version - INITIALIZED
[version: 1.2.29, 2025-11-28T08:34:54.091Z, pid: 13970] > /home/peaches/anaconda3/bin/python -m dvc --version - FAILED with code 1 (14ms)
/home/peaches/anaconda3/bin/python: No module named dvc

[version: 1.2.29, 2025-11-28T08:34:54.096Z, pid: 0] > dvc --version - INITIALIZED
[version: 1.2.29, 2025-11-28T08:34:54.097Z, pid: 0] > dvc --version - FAILED (6ms)
Command failed with ENOENT: dvc --version
spawn dvc ENOENT
[version: 1.2.29, 2025-11-28T08:34:59.103Z, pid: 13992] > /home/peaches/anaconda3/bin/python -m dvc --version - INITIALIZED
[version: 1.2.29, 2025-11-28T08:34:59.112Z, pid: 13992] > /home/peaches/anaconda3/bin/python -m dvc --version - FAILED with code 1 (15ms)
/home/peaches/anaconda3/bin/python: No module named dvc

[version: 1.2.29, 2025-11-28T08:34:59.117Z, pid: 0] > dvc --version - INITIALIZED
[version: 1.2.29, 2025-11-28T08:34:59.118Z, pid: 0] > dvc --version - FAILED (5ms)
Command failed with ENOENT: dvc --version
spawn dvc ENOENT
[version: 1.2.29, 2025-11-28T08:35:04.123Z, pid: 14014] > /home/peaches/anaconda3/bin/python -m dvc --version - INITIALIZED
[version: 1.2.29, 2025-11-28T08:35:04.132Z, pid: 14014] > /home/peaches/anaconda3/bin/python -m dvc --version - FAILED with code 1 (14ms)
/home/peaches/anaconda3/bin/python: No module named dvc

[version: 1.2.29, 2025-11-28T08:35:04.138Z, pid: 0] > dvc --version - INITIALIZED
[version: 1.2.29, 2025-11-28T08:35:04.139Z, pid: 0] > dvc --version - FAILED (6ms)
Command failed with ENOENT: dvc --version
spawn dvc ENOENT
[version: 1.2.29, 2025-11-28T08:35:09.145Z, pid: 14040] > /home/peaches/anaconda3/bin/python -m dvc --version - INITIALIZED
[version: 1.2.29, 2025-11-28T08:35:09.155Z, pid: 14040] > /home/peaches/anaconda3/bin/python -m dvc --version - FAILED with code 1 (15ms)
/home/peaches/anaconda3/bin/python: No module named dvc

[version: 1.2.29, 2025-11-28T08:35:09.159Z, pid: 0] > dvc --version - INITIALIZED
[version: 1.2.29, 2025-11-28T08:35:09.160Z, pid: 0] > dvc --version - FAILED (5ms)
Command failed with ENOENT: dvc --version
spawn dvc ENOENT
[version: 1.2.29, 2025-11-28T08:35:14.165Z, pid: 14063] > /home/peaches/anaconda3/bin/python -m dvc --version - INITIALIZED
[version: 1.2.29, 2025-11-28T08:35:14.174Z, pid: 14063] > /home/peaches/anaconda3/bin/python -m dvc --version - FAILED with code 1 (14ms)
/home/peaches/anaconda3/bin/python: No module named dvc

[version: 1.2.29, 2025-11-28T08:35:14.179Z, pid: 0] > dvc --version - INITIALIZED
[version: 1.2.29, 2025-11-28T08:35:14.180Z, pid: 0] > dvc --version - FAILED (6ms)
Command failed with ENOENT: dvc --version
spawn dvc ENOENT
[version: 1.2.29, 2025-11-28T08:35:19.184Z, pid: 14085] > /home/peaches/anaconda3/bin/python -m dvc --version - INITIALIZED
[version: 1.2.29, 2025-11-28T08:35:19.194Z, pid: 14085] > /home/peaches/anaconda3/bin/python -m dvc --version - FAILED with code 1 (14ms)
/home/peaches/anaconda3/bin/python: No module named dvc

[version: 1.2.29, 2025-11-28T08:35:19.198Z, pid: 0] > dvc --version - INITIALIZED
[version: 1.2.29, 2025-11-28T08:35:19.199Z, pid: 0] > dvc --version - FAILED (5ms)
Command failed with ENOENT: dvc --version
spawn dvc ENOENT
[version: 1.2.29, 2025-11-28T08:35:24.205Z, pid: 14107] > /home/peaches/anaconda3/bin/python -m dvc --version - INITIALIZED
[version: 1.2.29, 2025-11-28T08:35:24.214Z, pid: 14107] > /home/peaches/anaconda3/bin/python -m dvc --version - FAILED with code 1 (14ms)
/home/peaches/anaconda3/bin/python: No module named dvc

[version: 1.2.29, 2025-11-28T08:35:24.219Z, pid: 0] > dvc --version - INITIALIZED
[version: 1.2.29, 2025-11-28T08:35:24.220Z, pid: 0] > dvc --version - FAILED (5ms)
Command failed with ENOENT: dvc --version
spawn dvc ENOENT
[version: 1.2.29, 2025-11-28T08:35:29.225Z, pid: 14131] > /home/peaches/anaconda3/bin/python -m dvc --version - INITIALIZED
[version: 1.2.29, 2025-11-28T08:35:29.235Z, pid: 14131] > /home/peaches/anaconda3/bin/python -m dvc --version - FAILED with code 1 (14ms)
/home/peaches/anaconda3/bin/python: No module named dvc

[version: 1.2.29, 2025-11-28T08:35:29.239Z, pid: 0] > dvc --version - INITIALIZED
[version: 1.2.29, 2025-11-28T08:35:29.240Z, pid: 0] > dvc --version - FAILED (5ms)
Command failed with ENOENT: dvc --version
spawn dvc ENOENT
[version: 1.2.29, 2025-11-28T08:35:34.245Z, pid: 14153] > /home/peaches/anaconda3/bin/python -m dvc --version - INITIALIZED
[version: 1.2.29, 2025-11-28T08:35:34.254Z, pid: 14153] > /home/peaches/anaconda3/bin/python -m dvc --version - FAILED with code 1 (14ms)
/home/peaches/anaconda3/bin/python: No module named dvc

[version: 1.2.29, 2025-11-28T08:35:34.259Z, pid: 0] > dvc --version - INITIALIZED
[version: 1.2.29, 2025-11-28T08:35:34.260Z, pid: 0] > dvc --version - FAILED (6ms)
Command failed with ENOENT: dvc --version
spawn dvc ENOENT
[version: 1.2.29, 2025-11-28T08:35:39.266Z, pid: 14178] > /home/peaches/anaconda3/bin/python -m dvc --version - INITIALIZED
[version: 1.2.29, 2025-11-28T08:35:39.275Z, pid: 14178] > /home/peaches/anaconda3/bin/python -m dvc --version - FAILED with code 1 (15ms)
/home/peaches/anaconda3/bin/python: No module named dvc

[version: 1.2.29, 2025-11-28T08:35:39.280Z, pid: 0] > dvc --version - INITIALIZED
[version: 1.2.29, 2025-11-28T08:35:39.281Z, pid: 0] > dvc --version - FAILED (5ms)
Command failed with ENOENT: dvc --version
spawn dvc ENOENT
[version: 1.2.29, 2025-11-28T08:35:44.286Z, pid: 14200] > /home/peaches/anaconda3/bin/python -m dvc --version - INITIALIZED
[version: 1.2.29, 2025-11-28T08:35:44.295Z, pid: 14200] > /home/peaches/anaconda3/bin/python -m dvc --version - FAILED with code 1 (14ms)
/home/peaches/anaconda3/bin/python: No module named dvc

[version: 1.2.29, 2025-11-28T08:35:44.300Z, pid: 0] > dvc --version - INITIALIZED
[version: 1.2.29, 2025-11-28T08:35:44.300Z, pid: 0] > dvc --version - FAILED (4ms)
Command failed with ENOENT: dvc --version
spawn dvc ENOENT
[version: 1.2.29, 2025-11-28T08:35:49.306Z, pid: 14222] > /home/peaches/anaconda3/bin/python -m dvc --version - INITIALIZED
[version: 1.2.29, 2025-11-28T08:35:49.315Z, pid: 14222] > /home/peaches/anaconda3/bin/python -m dvc --version - FAILED with code 1 (14ms)
/home/peaches/anaconda3/bin/python: No module named dvc

[version: 1.2.29, 2025-11-28T08:35:49.319Z, pid: 0] > dvc --version - INITIALIZED
[version: 1.2.29, 2025-11-28T08:35:49.320Z, pid: 0] > dvc --version - FAILED (5ms)
Command failed with ENOENT: dvc --version
spawn dvc ENOENT
[version: 1.2.29, 2025-11-28T08:35:54.325Z, pid: 14244] > /home/peaches/anaconda3/bin/python -m dvc --version - INITIALIZED
[version: 1.2.29, 2025-11-28T08:35:54.334Z, pid: 14244] > /home/peaches/anaconda3/bin/python -m dvc --version - FAILED with code 1 (14ms)
/home/peaches/anaconda3/bin/python: No module named dvc

[version: 1.2.29, 2025-11-28T08:35:54.339Z, pid: 0] > dvc --version - INITIALIZED
[version: 1.2.29, 2025-11-28T08:35:54.340Z, pid: 0] > dvc --version - FAILED (5ms)
Command failed with ENOENT: dvc --version
spawn dvc ENOENT
[version: 1.2.29, 2025-11-28T08:35:59.346Z, pid: 14266] > /home/peaches/anaconda3/bin/python -m dvc --version - INITIALIZED
[version: 1.2.29, 2025-11-28T08:35:59.355Z, pid: 14266] > /home/peaches/anaconda3/bin/python -m dvc --version - FAILED with code 1 (14ms)
/home/peaches/anaconda3/bin/python: No module named dvc

[version: 1.2.29, 2025-11-28T08:35:59.360Z, pid: 0] > dvc --version - INITIALIZED
[version: 1.2.29, 2025-11-28T08:35:59.361Z, pid: 0] > dvc --version - FAILED (5ms)
Command failed with ENOENT: dvc --version
spawn dvc ENOENT
[version: 1.2.29, 2025-11-28T08:36:04.367Z, pid: 14289] > /home/peaches/anaconda3/bin/python -m dvc --version - INITIALIZED
[version: 1.2.29, 2025-11-28T08:36:04.376Z, pid: 14289] > /home/peaches/anaconda3/bin/python -m dvc --version - FAILED with code 1 (15ms)
/home/peaches/anaconda3/bin/python: No module named dvc

[version: 1.2.29, 2025-11-28T08:36:04.381Z, pid: 0] > dvc --version - INITIALIZED
[version: 1.2.29, 2025-11-28T08:36:04.382Z, pid: 0] > dvc --version - FAILED (6ms)
Command failed with ENOENT: dvc --version
spawn dvc ENOENT
[version: 1.2.29, 2025-11-28T08:36:09.388Z, pid: 14311] > /home/peaches/anaconda3/bin/python -m dvc --version - INITIALIZED
[version: 1.2.29, 2025-11-28T08:36:09.397Z, pid: 14311] > /home/peaches/anaconda3/bin/python -m dvc --version - FAILED with code 1 (15ms)
/home/peaches/anaconda3/bin/python: No module named dvc

[version: 1.2.29, 2025-11-28T08:36:09.401Z, pid: 0] > dvc --version - INITIALIZED
[version: 1.2.29, 2025-11-28T08:36:09.402Z, pid: 0] > dvc --version - FAILED (5ms)
Command failed with ENOENT: dvc --version
spawn dvc ENOENT
[version: 1.2.29, 2025-11-28T08:36:14.407Z, pid: 14333] > /home/peaches/anaconda3/bin/python -m dvc --version - INITIALIZED
[version: 1.2.29, 2025-11-28T08:36:14.416Z, pid: 14333] > /home/peaches/anaconda3/bin/python -m dvc --version - FAILED with code 1 (14ms)
/home/peaches/anaconda3/bin/python: No module named dvc

[version: 1.2.29, 2025-11-28T08:36:14.421Z, pid: 0] > dvc --version - INITIALIZED
[version: 1.2.29, 2025-11-28T08:36:14.421Z, pid: 0] > dvc --version - FAILED (4ms)
Command failed with ENOENT: dvc --version
spawn dvc ENOENT
[version: 1.2.29, 2025-11-28T08:36:19.429Z, pid: 14355] > /home/peaches/anaconda3/bin/python -m dvc --version - INITIALIZED
[version: 1.2.29, 2025-11-28T08:36:19.438Z, pid: 14355] > /home/peaches/anaconda3/bin/python -m dvc --version - FAILED with code 1 (15ms)
/home/peaches/anaconda3/bin/python: No module named dvc

[version: 1.2.29, 2025-11-28T08:36:19.443Z, pid: 0] > dvc --version - INITIALIZED
[version: 1.2.29, 2025-11-28T08:36:19.444Z, pid: 0] > dvc --version - FAILED (5ms)
Command failed with ENOENT: dvc --version
spawn dvc ENOENT
[version: 1.2.29, 2025-11-28T08:36:24.450Z, pid: 14377] > /home/peaches/anaconda3/bin/python -m dvc --version - INITIALIZED
[version: 1.2.29, 2025-11-28T08:36:24.459Z, pid: 14377] > /home/peaches/anaconda3/bin/python -m dvc --version - FAILED with code 1 (15ms)
/home/peaches/anaconda3/bin/python: No module named dvc

[version: 1.2.29, 2025-11-28T08:36:24.464Z, pid: 0] > dvc --version - INITIALIZED
[version: 1.2.29, 2025-11-28T08:36:24.465Z, pid: 0] > dvc --version - FAILED (6ms)
Command failed with ENOENT: dvc --version
spawn dvc ENOENT
[version: 1.2.29, 2025-11-28T08:36:29.469Z, pid: 14402] > /home/peaches/anaconda3/bin/python -m dvc --version - INITIALIZED
[version: 1.2.29, 2025-11-28T08:36:29.478Z, pid: 14402] > /home/peaches/anaconda3/bin/python -m dvc --version - FAILED with code 1 (13ms)
/home/peaches/anaconda3/bin/python: No module named dvc

[version: 1.2.29, 2025-11-28T08:36:29.482Z, pid: 0] > dvc --version - INITIALIZED
[version: 1.2.29, 2025-11-28T08:36:29.483Z, pid: 0] > dvc --version - FAILED (5ms)
Command failed with ENOENT: dvc --version
spawn dvc ENOENT
[version: 1.2.29, 2025-11-28T08:36:34.488Z, pid: 14424] > /home/peaches/anaconda3/bin/python -m dvc --version - INITIALIZED
[version: 1.2.29, 2025-11-28T08:36:34.497Z, pid: 14424] > /home/peaches/anaconda3/bin/python -m dvc --version - FAILED with code 1 (14ms)
/home/peaches/anaconda3/bin/python: No module named dvc

[version: 1.2.29, 2025-11-28T08:36:34.501Z, pid: 0] > dvc --version - INITIALIZED
[version: 1.2.29, 2025-11-28T08:36:34.502Z, pid: 0] > dvc --version - FAILED (5ms)
Command failed with ENOENT: dvc --version
spawn dvc ENOENT
[version: 1.2.29, 2025-11-28T08:36:39.507Z, pid: 14446] > /home/peaches/anaconda3/bin/python -m dvc --version - INITIALIZED
[version: 1.2.29, 2025-11-28T08:36:39.516Z, pid: 14446] > /home/peaches/anaconda3/bin/python -m dvc --version - FAILED with code 1 (14ms)
/home/peaches/anaconda3/bin/python: No module named dvc

[version: 1.2.29, 2025-11-28T08:36:39.521Z, pid: 0] > dvc --version - INITIALIZED
[version: 1.2.29, 2025-11-28T08:36:39.521Z, pid: 0] > dvc --version - FAILED (4ms)
Command failed with ENOENT: dvc --version
spawn dvc ENOENT
[version: 1.2.29, 2025-11-28T08:36:44.527Z, pid: 14468] > /home/peaches/anaconda3/bin/python -m dvc --version - INITIALIZED
[version: 1.2.29, 2025-11-28T08:36:44.536Z, pid: 14468] > /home/peaches/anaconda3/bin/python -m dvc --version - FAILED with code 1 (14ms)
/home/peaches/anaconda3/bin/python: No module named dvc

[version: 1.2.29, 2025-11-28T08:36:44.541Z, pid: 0] > dvc --version - INITIALIZED
[version: 1.2.29, 2025-11-28T08:36:44.542Z, pid: 0] > dvc --version - FAILED (5ms)
Command failed with ENOENT: dvc --version
spawn dvc ENOENT
[version: 1.2.29, 2025-11-28T08:36:49.548Z, pid: 14490] > /home/peaches/anaconda3/bin/python -m dvc --version - INITIALIZED
[version: 1.2.29, 2025-11-28T08:36:49.557Z, pid: 14490] > /home/peaches/anaconda3/bin/python -m dvc --version - FAILED with code 1 (15ms)
/home/peaches/anaconda3/bin/python: No module named dvc

[version: 1.2.29, 2025-11-28T08:36:49.562Z, pid: 0] > dvc --version - INITIALIZED
[version: 1.2.29, 2025-11-28T08:36:49.562Z, pid: 0] > dvc --version - FAILED (4ms)
Command failed with ENOENT: dvc --version
spawn dvc ENOENT
[version: 1.2.29, 2025-11-28T08:36:54.569Z, pid: 14512] > /home/peaches/anaconda3/bin/python -m dvc --version - INITIALIZED
[version: 1.2.29, 2025-11-28T08:36:54.578Z, pid: 14512] > /home/peaches/anaconda3/bin/python -m dvc --version - FAILED with code 1 (14ms)
/home/peaches/anaconda3/bin/python: No module named dvc

[version: 1.2.29, 2025-11-28T08:36:54.583Z, pid: 0] > dvc --version - INITIALIZED
[version: 1.2.29, 2025-11-28T08:36:54.584Z, pid: 0] > dvc --version - FAILED (5ms)
Command failed with ENOENT: dvc --version
spawn dvc ENOENT
[version: 1.2.29, 2025-11-28T08:36:59.589Z, pid: 14534] > /home/peaches/anaconda3/bin/python -m dvc --version - INITIALIZED
[version: 1.2.29, 2025-11-28T08:36:59.598Z, pid: 14534] > /home/peaches/anaconda3/bin/python -m dvc --version - FAILED with code 1 (14ms)
/home/peaches/anaconda3/bin/python: No module named dvc

[version: 1.2.29, 2025-11-28T08:36:59.603Z, pid: 0] > dvc --version - INITIALIZED
[version: 1.2.29, 2025-11-28T08:36:59.604Z, pid: 0] > dvc --version - FAILED (5ms)
Command failed with ENOENT: dvc --version
spawn dvc ENOENT
[version: 1.2.29, 2025-11-28T08:37:04.609Z, pid: 14556] > /home/peaches/anaconda3/bin/python -m dvc --version - INITIALIZED
[version: 1.2.29, 2025-11-28T08:37:04.618Z, pid: 14556] > /home/peaches/anaconda3/bin/python -m dvc --version - FAILED with code 1 (14ms)
/home/peaches/anaconda3/bin/python: No module named dvc

[version: 1.2.29, 2025-11-28T08:37:04.623Z, pid: 0] > dvc --version - INITIALIZED
[version: 1.2.29, 2025-11-28T08:37:04.624Z, pid: 0] > dvc --version - FAILED (6ms)
Command failed with ENOENT: dvc --version
spawn dvc ENOENT
[version: 1.2.29, 2025-11-28T08:37:09.629Z, pid: 14578] > /home/peaches/anaconda3/bin/python -m dvc --version - INITIALIZED
[version: 1.2.29, 2025-11-28T08:37:09.639Z, pid: 14578] > /home/peaches/anaconda3/bin/python -m dvc --version - FAILED with code 1 (14ms)
/home/peaches/anaconda3/bin/python: No module named dvc

[version: 1.2.29, 2025-11-28T08:37:09.643Z, pid: 0] > dvc --version - INITIALIZED
[version: 1.2.29, 2025-11-28T08:37:09.644Z, pid: 0] > dvc --version - FAILED (4ms)
Command failed with ENOENT: dvc --version
spawn dvc ENOENT
[version: 1.2.29, 2025-11-28T08:37:14.652Z, pid: 14600] > /home/peaches/anaconda3/bin/python -m dvc --version - INITIALIZED
[version: 1.2.29, 2025-11-28T08:37:14.661Z, pid: 14600] > /home/peaches/anaconda3/bin/python -m dvc --version - FAILED with code 1 (16ms)
/home/peaches/anaconda3/bin/python: No module named dvc

[version: 1.2.29, 2025-11-28T08:37:14.665Z, pid: 0] > dvc --version - INITIALIZED
[version: 1.2.29, 2025-11-28T08:37:14.666Z, pid: 0] > dvc --version - FAILED (5ms)
Command failed with ENOENT: dvc --version
spawn dvc ENOENT
[version: 1.2.29, 2025-11-28T08:37:19.672Z, pid: 14622] > /home/peaches/anaconda3/bin/python -m dvc --version - INITIALIZED
[version: 1.2.29, 2025-11-28T08:37:19.681Z, pid: 14622] > /home/peaches/anaconda3/bin/python -m dvc --version - FAILED with code 1 (15ms)
/home/peaches/anaconda3/bin/python: No module named dvc

[version: 1.2.29, 2025-11-28T08:37:19.686Z, pid: 0] > dvc --version - INITIALIZED
[version: 1.2.29, 2025-11-28T08:37:19.687Z, pid: 0] > dvc --version - FAILED (5ms)
Command failed with ENOENT: dvc --version
spawn dvc ENOENT
[version: 1.2.29, 2025-11-28T08:37:24.693Z, pid: 14644] > /home/peaches/anaconda3/bin/python -m dvc --version - INITIALIZED
[version: 1.2.29, 2025-11-28T08:37:24.703Z, pid: 14644] > /home/peaches/anaconda3/bin/python -m dvc --version - FAILED with code 1 (15ms)
/home/peaches/anaconda3/bin/python: No module named dvc

[version: 1.2.29, 2025-11-28T08:37:24.707Z, pid: 0] > dvc --version - INITIALIZED
[version: 1.2.29, 2025-11-28T08:37:24.708Z, pid: 0] > dvc --version - FAILED (5ms)
Command failed with ENOENT: dvc --version
spawn dvc ENOENT
[version: 1.2.29, 2025-11-28T08:37:29.713Z, pid: 14668] > /home/peaches/anaconda3/bin/python -m dvc --version - INITIALIZED
[version: 1.2.29, 2025-11-28T08:37:29.722Z, pid: 14668] > /home/peaches/anaconda3/bin/python -m dvc --version - FAILED with code 1 (14ms)
/home/peaches/anaconda3/bin/python: No module named dvc

[version: 1.2.29, 2025-11-28T08:37:29.726Z, pid: 0] > dvc --version - INITIALIZED
[version: 1.2.29, 2025-11-28T08:37:29.727Z, pid: 0] > dvc --version - FAILED (5ms)
Command failed with ENOENT: dvc --version
spawn dvc ENOENT
[version: 1.2.29, 2025-11-28T08:37:34.732Z, pid: 14690] > /home/peaches/anaconda3/bin/python -m dvc --version - INITIALIZED
[version: 1.2.29, 2025-11-28T08:37:34.741Z, pid: 14690] > /home/peaches/anaconda3/bin/python -m dvc --version - FAILED with code 1 (14ms)
/home/peaches/anaconda3/bin/python: No module named dvc

[version: 1.2.29, 2025-11-28T08:37:34.746Z, pid: 0] > dvc --version - INITIALIZED
[version: 1.2.29, 2025-11-28T08:37:34.747Z, pid: 0] > dvc --version - FAILED (5ms)
Command failed with ENOENT: dvc --version
spawn dvc ENOENT
[version: 1.2.29, 2025-11-28T08:37:39.752Z, pid: 14713] > /home/peaches/anaconda3/bin/python -m dvc --version - INITIALIZED
[version: 1.2.29, 2025-11-28T08:37:39.761Z, pid: 14713] > /home/peaches/anaconda3/bin/python -m dvc --version - FAILED with code 1 (13ms)
/home/peaches/anaconda3/bin/python: No module named dvc

[version: 1.2.29, 2025-11-28T08:37:39.766Z, pid: 0] > dvc --version - INITIALIZED
[version: 1.2.29, 2025-11-28T08:37:39.766Z, pid: 0] > dvc --version - FAILED (5ms)
Command failed with ENOENT: dvc --version
spawn dvc ENOENT
[version: 1.2.29, 2025-11-28T08:37:44.772Z, pid: 14735] > /home/peaches/anaconda3/bin/python -m dvc --version - INITIALIZED
[version: 1.2.29, 2025-11-28T08:37:44.781Z, pid: 14735] > /home/peaches/anaconda3/bin/python -m dvc --version - FAILED with code 1 (14ms)
/home/peaches/anaconda3/bin/python: No module named dvc

[version: 1.2.29, 2025-11-28T08:37:44.785Z, pid: 0] > dvc --version - INITIALIZED
[version: 1.2.29, 2025-11-28T08:37:44.786Z, pid: 0] > dvc --version - FAILED (5ms)
Command failed with ENOENT: dvc --version
spawn dvc ENOENT
[version: 1.2.29, 2025-11-28T08:37:49.791Z, pid: 14757] > /home/peaches/anaconda3/bin/python -m dvc --version - INITIALIZED
[version: 1.2.29, 2025-11-28T08:37:49.800Z, pid: 14757] > /home/peaches/anaconda3/bin/python -m dvc --version - FAILED with code 1 (14ms)
/home/peaches/anaconda3/bin/python: No module named dvc

[version: 1.2.29, 2025-11-28T08:37:49.804Z, pid: 0] > dvc --version - INITIALIZED
[version: 1.2.29, 2025-11-28T08:37:49.805Z, pid: 0] > dvc --version - FAILED (5ms)
Command failed with ENOENT: dvc --version
spawn dvc ENOENT
[version: 1.2.29, 2025-11-28T08:37:54.810Z, pid: 14779] > /home/peaches/anaconda3/bin/python -m dvc --version - INITIALIZED
[version: 1.2.29, 2025-11-28T08:37:54.820Z, pid: 14779] > /home/peaches/anaconda3/bin/python -m dvc --version - FAILED with code 1 (15ms)
/home/peaches/anaconda3/bin/python: No module named dvc

[version: 1.2.29, 2025-11-28T08:37:54.824Z, pid: 0] > dvc --version - INITIALIZED
[version: 1.2.29, 2025-11-28T08:37:54.825Z, pid: 0] > dvc --version - FAILED (5ms)
Command failed with ENOENT: dvc --version
spawn dvc ENOENT
[version: 1.2.29, 2025-11-28T08:37:59.831Z, pid: 14801] > /home/peaches/anaconda3/bin/python -m dvc --version - INITIALIZED
[version: 1.2.29, 2025-11-28T08:37:59.840Z, pid: 14801] > /home/peaches/anaconda3/bin/python -m dvc --version - FAILED with code 1 (14ms)
/home/peaches/anaconda3/bin/python: No module named dvc

[version: 1.2.29, 2025-11-28T08:37:59.844Z, pid: 0] > dvc --version - INITIALIZED
[version: 1.2.29, 2025-11-28T08:37:59.845Z, pid: 0] > dvc --version - FAILED (4ms)
Command failed with ENOENT: dvc --version
spawn dvc ENOENT
[version: 1.2.29, 2025-11-28T08:38:04.850Z, pid: 14823] > /home/peaches/anaconda3/bin/python -m dvc --version - INITIALIZED
[version: 1.2.29, 2025-11-28T08:38:04.859Z, pid: 14823] > /home/peaches/anaconda3/bin/python -m dvc --version - FAILED with code 1 (14ms)
/home/peaches/anaconda3/bin/python: No module named dvc

[version: 1.2.29, 2025-11-28T08:38:04.864Z, pid: 0] > dvc --version - INITIALIZED
[version: 1.2.29, 2025-11-28T08:38:04.865Z, pid: 0] > dvc --version - FAILED (5ms)
Command failed with ENOENT: dvc --version
spawn dvc ENOENT
[version: 1.2.29, 2025-11-28T08:38:09.871Z, pid: 14845] > /home/peaches/anaconda3/bin/python -m dvc --version - INITIALIZED
[version: 1.2.29, 2025-11-28T08:38:09.880Z, pid: 14845] > /home/peaches/anaconda3/bin/python -m dvc --version - FAILED with code 1 (15ms)
/home/peaches/anaconda3/bin/python: No module named dvc

[version: 1.2.29, 2025-11-28T08:38:09.884Z, pid: 0] > dvc --version - INITIALIZED
[version: 1.2.29, 2025-11-28T08:38:09.885Z, pid: 0] > dvc --version - FAILED (5ms)
Command failed with ENOENT: dvc --version
spawn dvc ENOENT
[version: 1.2.29, 2025-11-28T08:38:14.892Z, pid: 14867] > /home/peaches/anaconda3/bin/python -m dvc --version - INITIALIZED
[version: 1.2.29, 2025-11-28T08:38:14.901Z, pid: 14867] > /home/peaches/anaconda3/bin/python -m dvc --version - FAILED with code 1 (15ms)
/home/peaches/anaconda3/bin/python: No module named dvc

[version: 1.2.29, 2025-11-28T08:38:14.906Z, pid: 0] > dvc --version - INITIALIZED
[version: 1.2.29, 2025-11-28T08:38:14.907Z, pid: 0] > dvc --version - FAILED (5ms)
Command failed with ENOENT: dvc --version
spawn dvc ENOENT
[version: 1.2.29, 2025-11-28T08:38:19.913Z, pid: 14889] > /home/peaches/anaconda3/bin/python -m dvc --version - INITIALIZED
[version: 1.2.29, 2025-11-28T08:38:19.922Z, pid: 14889] > /home/peaches/anaconda3/bin/python -m dvc --version - FAILED with code 1 (15ms)
/home/peaches/anaconda3/bin/python: No module named dvc

[version: 1.2.29, 2025-11-28T08:38:19.927Z, pid: 0] > dvc --version - INITIALIZED
[version: 1.2.29, 2025-11-28T08:38:19.928Z, pid: 0] > dvc --version - FAILED (5ms)
Command failed with ENOENT: dvc --version
spawn dvc ENOENT
[version: 1.2.29, 2025-11-28T08:38:24.934Z, pid: 14911] > /home/peaches/anaconda3/bin/python -m dvc --version - INITIALIZED
[version: 1.2.29, 2025-11-28T08:38:24.943Z, pid: 14911] > /home/peaches/anaconda3/bin/python -m dvc --version - FAILED with code 1 (15ms)
/home/peaches/anaconda3/bin/python: No module named dvc

[version: 1.2.29, 2025-11-28T08:38:24.948Z, pid: 0] > dvc --version - INITIALIZED
[version: 1.2.29, 2025-11-28T08:38:24.949Z, pid: 0] > dvc --version - FAILED (5ms)
Command failed with ENOENT: dvc --version
spawn dvc ENOENT
[version: 1.2.29, 2025-11-28T08:38:29.954Z, pid: 14935] > /home/peaches/anaconda3/bin/python -m dvc --version - INITIALIZED
[version: 1.2.29, 2025-11-28T08:38:29.964Z, pid: 14935] > /home/peaches/anaconda3/bin/python -m dvc --version - FAILED with code 1 (15ms)
/home/peaches/anaconda3/bin/python: No module named dvc

[version: 1.2.29, 2025-11-28T08:38:29.969Z, pid: 0] > dvc --version - INITIALIZED
[version: 1.2.29, 2025-11-28T08:38:29.970Z, pid: 0] > dvc --version - FAILED (5ms)
Command failed with ENOENT: dvc --version
spawn dvc ENOENT
[version: 1.2.29, 2025-11-28T08:38:34.974Z, pid: 14957] > /home/peaches/anaconda3/bin/python -m dvc --version - INITIALIZED
[version: 1.2.29, 2025-11-28T08:38:34.984Z, pid: 14957] > /home/peaches/anaconda3/bin/python -m dvc --version - FAILED with code 1 (14ms)
/home/peaches/anaconda3/bin/python: No module named dvc

[version: 1.2.29, 2025-11-28T08:38:34.988Z, pid: 0] > dvc --version - INITIALIZED
[version: 1.2.29, 2025-11-28T08:38:34.989Z, pid: 0] > dvc --version - FAILED (5ms)
Command failed with ENOENT: dvc --version
spawn dvc ENOENT
[version: 1.2.29, 2025-11-28T08:38:39.994Z, pid: 14979] > /home/peaches/anaconda3/bin/python -m dvc --version - INITIALIZED
[version: 1.2.29, 2025-11-28T08:38:40.003Z, pid: 14979] > /home/peaches/anaconda3/bin/python -m dvc --version - FAILED with code 1 (14ms)
/home/peaches/anaconda3/bin/python: No module named dvc

[version: 1.2.29, 2025-11-28T08:38:40.007Z, pid: 0] > dvc --version - INITIALIZED
[version: 1.2.29, 2025-11-28T08:38:40.008Z, pid: 0] > dvc --version - FAILED (5ms)
Command failed with ENOENT: dvc --version
spawn dvc ENOENT
[version: 1.2.29, 2025-11-28T08:38:45.013Z, pid: 15001] > /home/peaches/anaconda3/bin/python -m dvc --version - INITIALIZED
[version: 1.2.29, 2025-11-28T08:38:45.022Z, pid: 15001] > /home/peaches/anaconda3/bin/python -m dvc --version - FAILED with code 1 (14ms)
/home/peaches/anaconda3/bin/python: No module named dvc

[version: 1.2.29, 2025-11-28T08:38:45.026Z, pid: 0] > dvc --version - INITIALIZED
[version: 1.2.29, 2025-11-28T08:38:45.027Z, pid: 0] > dvc --version - FAILED (5ms)
Command failed with ENOENT: dvc --version
spawn dvc ENOENT
[version: 1.2.29, 2025-11-28T08:38:50.033Z, pid: 15023] > /home/peaches/anaconda3/bin/python -m dvc --version - INITIALIZED
[version: 1.2.29, 2025-11-28T08:38:50.042Z, pid: 15023] > /home/peaches/anaconda3/bin/python -m dvc --version - FAILED with code 1 (14ms)
/home/peaches/anaconda3/bin/python: No module named dvc

[version: 1.2.29, 2025-11-28T08:38:50.047Z, pid: 0] > dvc --version - INITIALIZED
[version: 1.2.29, 2025-11-28T08:38:50.048Z, pid: 0] > dvc --version - FAILED (4ms)
Command failed with ENOENT: dvc --version
spawn dvc ENOENT
[version: 1.2.29, 2025-11-28T08:38:55.052Z, pid: 15045] > /home/peaches/anaconda3/bin/python -m dvc --version - INITIALIZED
[version: 1.2.29, 2025-11-28T08:38:55.061Z, pid: 15045] > /home/peaches/anaconda3/bin/python -m dvc --version - FAILED with code 1 (13ms)
/home/peaches/anaconda3/bin/python: No module named dvc

[version: 1.2.29, 2025-11-28T08:38:55.066Z, pid: 0] > dvc --version - INITIALIZED
[version: 1.2.29, 2025-11-28T08:38:55.067Z, pid: 0] > dvc --version - FAILED (5ms)
Command failed with ENOENT: dvc --version
spawn dvc ENOENT
[version: 1.2.29, 2025-11-28T08:39:00.072Z, pid: 15067] > /home/peaches/anaconda3/bin/python -m dvc --version - INITIALIZED
[version: 1.2.29, 2025-11-28T08:39:00.081Z, pid: 15067] > /home/peaches/anaconda3/bin/python -m dvc --version - FAILED with code 1 (14ms)
/home/peaches/anaconda3/bin/python: No module named dvc

[version: 1.2.29, 2025-11-28T08:39:00.086Z, pid: 0] > dvc --version - INITIALIZED
[version: 1.2.29, 2025-11-28T08:39:00.087Z, pid: 0] > dvc --version - FAILED (5ms)
Command failed with ENOENT: dvc --version
spawn dvc ENOENT
[version: 1.2.29, 2025-11-28T08:39:05.092Z, pid: 15089] > /home/peaches/anaconda3/bin/python -m dvc --version - INITIALIZED
[version: 1.2.29, 2025-11-28T08:39:05.101Z, pid: 15089] > /home/peaches/anaconda3/bin/python -m dvc --version - FAILED with code 1 (13ms)
/home/peaches/anaconda3/bin/python: No module named dvc

[version: 1.2.29, 2025-11-28T08:39:05.106Z, pid: 0] > dvc --version - INITIALIZED
[version: 1.2.29, 2025-11-28T08:39:05.107Z, pid: 0] > dvc --version - FAILED (5ms)
Command failed with ENOENT: dvc --version
spawn dvc ENOENT
[version: 1.2.29, 2025-11-28T08:39:10.113Z, pid: 15111] > /home/peaches/anaconda3/bin/python -m dvc --version - INITIALIZED
[version: 1.2.29, 2025-11-28T08:39:10.122Z, pid: 15111] > /home/peaches/anaconda3/bin/python -m dvc --version - FAILED with code 1 (15ms)
/home/peaches/anaconda3/bin/python: No module named dvc

[version: 1.2.29, 2025-11-28T08:39:10.127Z, pid: 0] > dvc --version - INITIALIZED
[version: 1.2.29, 2025-11-28T08:39:10.128Z, pid: 0] > dvc --version - FAILED (5ms)
Command failed with ENOENT: dvc --version
spawn dvc ENOENT
[version: 1.2.29, 2025-11-28T08:39:15.135Z, pid: 15133] > /home/peaches/anaconda3/bin/python -m dvc --version - INITIALIZED
[version: 1.2.29, 2025-11-28T08:39:15.144Z, pid: 15133] > /home/peaches/anaconda3/bin/python -m dvc --version - FAILED with code 1 (15ms)
/home/peaches/anaconda3/bin/python: No module named dvc

[version: 1.2.29, 2025-11-28T08:39:15.149Z, pid: 0] > dvc --version - INITIALIZED
[version: 1.2.29, 2025-11-28T08:39:15.150Z, pid: 0] > dvc --version - FAILED (6ms)
Command failed with ENOENT: dvc --version
spawn dvc ENOENT
[version: 1.2.29, 2025-11-28T08:39:20.155Z, pid: 15155] > /home/peaches/anaconda3/bin/python -m dvc --version - INITIALIZED
[version: 1.2.29, 2025-11-28T08:39:20.164Z, pid: 15155] > /home/peaches/anaconda3/bin/python -m dvc --version - FAILED with code 1 (14ms)
/home/peaches/anaconda3/bin/python: No module named dvc

[version: 1.2.29, 2025-11-28T08:39:20.168Z, pid: 0] > dvc --version - INITIALIZED
[version: 1.2.29, 2025-11-28T08:39:20.169Z, pid: 0] > dvc --version - FAILED (5ms)
Command failed with ENOENT: dvc --version
spawn dvc ENOENT
[version: 1.2.29, 2025-11-28T08:39:25.175Z, pid: 15177] > /home/peaches/anaconda3/bin/python -m dvc --version - INITIALIZED
[version: 1.2.29, 2025-11-28T08:39:25.184Z, pid: 15177] > /home/peaches/anaconda3/bin/python -m dvc --version - FAILED with code 1 (13ms)
/home/peaches/anaconda3/bin/python: No module named dvc

[version: 1.2.29, 2025-11-28T08:39:25.189Z, pid: 0] > dvc --version - INITIALIZED
[version: 1.2.29, 2025-11-28T08:39:25.189Z, pid: 0] > dvc --version - FAILED (4ms)
Command failed with ENOENT: dvc --version
spawn dvc ENOENT
[version: 1.2.29, 2025-11-28T08:39:30.195Z, pid: 15201] > /home/peaches/anaconda3/bin/python -m dvc --version - INITIALIZED
[version: 1.2.29, 2025-11-28T08:39:30.205Z, pid: 15201] > /home/peaches/anaconda3/bin/python -m dvc --version - FAILED with code 1 (14ms)
/home/peaches/anaconda3/bin/python: No module named dvc

[version: 1.2.29, 2025-11-28T08:39:30.209Z, pid: 0] > dvc --version - INITIALIZED
[version: 1.2.29, 2025-11-28T08:39:30.210Z, pid: 0] > dvc --version - FAILED (5ms)
Command failed with ENOENT: dvc --version
spawn dvc ENOENT
[version: 1.2.29, 2025-11-28T08:39:35.215Z, pid: 15223] > /home/peaches/anaconda3/bin/python -m dvc --version - INITIALIZED
[version: 1.2.29, 2025-11-28T08:39:35.225Z, pid: 15223] > /home/peaches/anaconda3/bin/python -m dvc --version - FAILED with code 1 (14ms)
/home/peaches/anaconda3/bin/python: No module named dvc

[version: 1.2.29, 2025-11-28T08:39:35.229Z, pid: 0] > dvc --version - INITIALIZED
[version: 1.2.29, 2025-11-28T08:39:35.230Z, pid: 0] > dvc --version - FAILED (5ms)
Command failed with ENOENT: dvc --version
spawn dvc ENOENT
[version: 1.2.29, 2025-11-28T08:39:40.235Z, pid: 15246] > /home/peaches/anaconda3/bin/python -m dvc --version - INITIALIZED
[version: 1.2.29, 2025-11-28T08:39:40.244Z, pid: 15246] > /home/peaches/anaconda3/bin/python -m dvc --version - FAILED with code 1 (14ms)
/home/peaches/anaconda3/bin/python: No module named dvc

[version: 1.2.29, 2025-11-28T08:39:40.249Z, pid: 0] > dvc --version - INITIALIZED
[version: 1.2.29, 2025-11-28T08:39:40.250Z, pid: 0] > dvc --version - FAILED (4ms)
Command failed with ENOENT: dvc --version
spawn dvc ENOENT
[version: 1.2.29, 2025-11-28T08:39:45.257Z, pid: 15268] > /home/peaches/anaconda3/bin/python -m dvc --version - INITIALIZED
[version: 1.2.29, 2025-11-28T08:39:45.267Z, pid: 15268] > /home/peaches/anaconda3/bin/python -m dvc --version - FAILED with code 1 (17ms)
/home/peaches/anaconda3/bin/python: No module named dvc

[version: 1.2.29, 2025-11-28T08:39:45.271Z, pid: 0] > dvc --version - INITIALIZED
[version: 1.2.29, 2025-11-28T08:39:45.272Z, pid: 0] > dvc --version - FAILED (5ms)
Command failed with ENOENT: dvc --version
spawn dvc ENOENT
[version: 1.2.29, 2025-11-28T08:39:50.278Z, pid: 15290] > /home/peaches/anaconda3/bin/python -m dvc --version - INITIALIZED
[version: 1.2.29, 2025-11-28T08:39:50.287Z, pid: 15290] > /home/peaches/anaconda3/bin/python -m dvc --version - FAILED with code 1 (15ms)
/home/peaches/anaconda3/bin/python: No module named dvc

[version: 1.2.29, 2025-11-28T08:39:50.291Z, pid: 0] > dvc --version - INITIALIZED
[version: 1.2.29, 2025-11-28T08:39:50.292Z, pid: 0] > dvc --version - FAILED (5ms)
Command failed with ENOENT: dvc --version
spawn dvc ENOENT
[version: 1.2.29, 2025-11-28T08:39:55.299Z, pid: 15312] > /home/peaches/anaconda3/bin/python -m dvc --version - INITIALIZED
[version: 1.2.29, 2025-11-28T08:39:55.309Z, pid: 15312] > /home/peaches/anaconda3/bin/python -m dvc --version - FAILED with code 1 (16ms)
/home/peaches/anaconda3/bin/python: No module named dvc

[version: 1.2.29, 2025-11-28T08:39:55.313Z, pid: 0] > dvc --version - INITIALIZED
[version: 1.2.29, 2025-11-28T08:39:55.314Z, pid: 0] > dvc --version - FAILED (5ms)
Command failed with ENOENT: dvc --version
spawn dvc ENOENT
[version: 1.2.29, 2025-11-28T08:40:00.321Z, pid: 15334] > /home/peaches/anaconda3/bin/python -m dvc --version - INITIALIZED
[version: 1.2.29, 2025-11-28T08:40:00.330Z, pid: 15334] > /home/peaches/anaconda3/bin/python -m dvc --version - FAILED with code 1 (15ms)
/home/peaches/anaconda3/bin/python: No module named dvc

[version: 1.2.29, 2025-11-28T08:40:00.335Z, pid: 0] > dvc --version - INITIALIZED
[version: 1.2.29, 2025-11-28T08:40:00.336Z, pid: 0] > dvc --version - FAILED (5ms)
Command failed with ENOENT: dvc --version
spawn dvc ENOENT
[version: 1.2.29, 2025-11-28T08:40:05.342Z, pid: 15358] > /home/peaches/anaconda3/bin/python -m dvc --version - INITIALIZED
[version: 1.2.29, 2025-11-28T08:40:05.353Z, pid: 15358] > /home/peaches/anaconda3/bin/python -m dvc --version - FAILED with code 1 (17ms)
/home/peaches/anaconda3/bin/python: No module named dvc

[version: 1.2.29, 2025-11-28T08:40:05.358Z, pid: 0] > dvc --version - INITIALIZED
[version: 1.2.29, 2025-11-28T08:40:05.358Z, pid: 0] > dvc --version - FAILED (5ms)
Command failed with ENOENT: dvc --version
spawn dvc ENOENT
[version: 1.2.29, 2025-11-28T08:40:10.363Z, pid: 15382] > /home/peaches/anaconda3/bin/python -m dvc --version - INITIALIZED
[version: 1.2.29, 2025-11-28T08:40:10.373Z, pid: 15382] > /home/peaches/anaconda3/bin/python -m dvc --version - FAILED with code 1 (14ms)
/home/peaches/anaconda3/bin/python: No module named dvc

[version: 1.2.29, 2025-11-28T08:40:10.378Z, pid: 0] > dvc --version - INITIALIZED
[version: 1.2.29, 2025-11-28T08:40:10.379Z, pid: 0] > dvc --version - FAILED (5ms)
Command failed with ENOENT: dvc --version
spawn dvc ENOENT
[version: 1.2.29, 2025-11-28T08:40:15.385Z, pid: 15404] > /home/peaches/anaconda3/bin/python -m dvc --version - INITIALIZED
[version: 1.2.29, 2025-11-28T08:40:15.394Z, pid: 15404] > /home/peaches/anaconda3/bin/python -m dvc --version - FAILED with code 1 (13ms)
/home/peaches/anaconda3/bin/python: No module named dvc

[version: 1.2.29, 2025-11-28T08:40:15.399Z, pid: 0] > dvc --version - INITIALIZED
[version: 1.2.29, 2025-11-28T08:40:15.400Z, pid: 0] > dvc --version - FAILED (5ms)
Command failed with ENOENT: dvc --version
spawn dvc ENOENT
[version: 1.2.29, 2025-11-28T08:40:20.405Z, pid: 15426] > /home/peaches/anaconda3/bin/python -m dvc --version - INITIALIZED
[version: 1.2.29, 2025-11-28T08:40:20.414Z, pid: 15426] > /home/peaches/anaconda3/bin/python -m dvc --version - FAILED with code 1 (14ms)
/home/peaches/anaconda3/bin/python: No module named dvc

[version: 1.2.29, 2025-11-28T08:40:20.419Z, pid: 0] > dvc --version - INITIALIZED
[version: 1.2.29, 2025-11-28T08:40:20.420Z, pid: 0] > dvc --version - FAILED (5ms)
Command failed with ENOENT: dvc --version
spawn dvc ENOENT
[version: 1.2.29, 2025-11-28T08:40:25.424Z, pid: 15448] > /home/peaches/anaconda3/bin/python -m dvc --version - INITIALIZED
[version: 1.2.29, 2025-11-28T08:40:25.434Z, pid: 15448] > /home/peaches/anaconda3/bin/python -m dvc --version - FAILED with code 1 (14ms)
/home/peaches/anaconda3/bin/python: No module named dvc

[version: 1.2.29, 2025-11-28T08:40:25.439Z, pid: 0] > dvc --version - INITIALIZED
[version: 1.2.29, 2025-11-28T08:40:25.440Z, pid: 0] > dvc --version - FAILED (6ms)
Command failed with ENOENT: dvc --version
spawn dvc ENOENT
[version: 1.2.29, 2025-11-28T08:40:30.445Z, pid: 15472] > /home/peaches/anaconda3/bin/python -m dvc --version - INITIALIZED
[version: 1.2.29, 2025-11-28T08:40:30.454Z, pid: 15472] > /home/peaches/anaconda3/bin/python -m dvc --version - FAILED with code 1 (14ms)
/home/peaches/anaconda3/bin/python: No module named dvc

[version: 1.2.29, 2025-11-28T08:40:30.458Z, pid: 0] > dvc --version - INITIALIZED
[version: 1.2.29, 2025-11-28T08:40:30.459Z, pid: 0] > dvc --version - FAILED (5ms)
Command failed with ENOENT: dvc --version
spawn dvc ENOENT
[version: 1.2.29, 2025-11-28T08:40:35.466Z, pid: 15494] > /home/peaches/anaconda3/bin/python -m dvc --version - INITIALIZED
[version: 1.2.29, 2025-11-28T08:40:35.476Z, pid: 15494] > /home/peaches/anaconda3/bin/python -m dvc --version - FAILED with code 1 (15ms)
/home/peaches/anaconda3/bin/python: No module named dvc

[version: 1.2.29, 2025-11-28T08:40:35.480Z, pid: 0] > dvc --version - INITIALIZED
[version: 1.2.29, 2025-11-28T08:40:35.481Z, pid: 0] > dvc --version - FAILED (5ms)
Command failed with ENOENT: dvc --version
spawn dvc ENOENT
[version: 1.2.29, 2025-11-28T08:40:40.486Z, pid: 15518] > /home/peaches/anaconda3/bin/python -m dvc --version - INITIALIZED
[version: 1.2.29, 2025-11-28T08:40:40.496Z, pid: 15518] > /home/peaches/anaconda3/bin/python -m dvc --version - FAILED with code 1 (15ms)
/home/peaches/anaconda3/bin/python: No module named dvc

[version: 1.2.29, 2025-11-28T08:40:40.500Z, pid: 0] > dvc --version - INITIALIZED
[version: 1.2.29, 2025-11-28T08:40:40.501Z, pid: 0] > dvc --version - FAILED (5ms)
Command failed with ENOENT: dvc --version
spawn dvc ENOENT
[version: 1.2.29, 2025-11-28T08:40:45.506Z, pid: 15541] > /home/peaches/anaconda3/bin/python -m dvc --version - INITIALIZED
[version: 1.2.29, 2025-11-28T08:40:45.515Z, pid: 15541] > /home/peaches/anaconda3/bin/python -m dvc --version - FAILED with code 1 (14ms)
/home/peaches/anaconda3/bin/python: No module named dvc

[version: 1.2.29, 2025-11-28T08:40:45.519Z, pid: 0] > dvc --version - INITIALIZED
[version: 1.2.29, 2025-11-28T08:40:45.520Z, pid: 0] > dvc --version - FAILED (5ms)
Command failed with ENOENT: dvc --version
spawn dvc ENOENT
[version: 1.2.29, 2025-11-28T08:40:50.525Z, pid: 15564] > /home/peaches/anaconda3/bin/python -m dvc --version - INITIALIZED
[version: 1.2.29, 2025-11-28T08:40:50.534Z, pid: 15564] > /home/peaches/anaconda3/bin/python -m dvc --version - FAILED with code 1 (13ms)
/home/peaches/anaconda3/bin/python: No module named dvc

[version: 1.2.29, 2025-11-28T08:40:50.538Z, pid: 0] > dvc --version - INITIALIZED
[version: 1.2.29, 2025-11-28T08:40:50.539Z, pid: 0] > dvc --version - FAILED (5ms)
Command failed with ENOENT: dvc --version
spawn dvc ENOENT
[version: 1.2.29, 2025-11-28T08:40:55.546Z, pid: 15586] > /home/peaches/anaconda3/bin/python -m dvc --version - INITIALIZED
[version: 1.2.29, 2025-11-28T08:40:55.555Z, pid: 15586] > /home/peaches/anaconda3/bin/python -m dvc --version - FAILED with code 1 (14ms)
/home/peaches/anaconda3/bin/python: No module named dvc

[version: 1.2.29, 2025-11-28T08:40:55.559Z, pid: 0] > dvc --version - INITIALIZED
[version: 1.2.29, 2025-11-28T08:40:55.560Z, pid: 0] > dvc --version - FAILED (5ms)
Command failed with ENOENT: dvc --version
spawn dvc ENOENT
[version: 1.2.29, 2025-11-28T08:41:00.565Z, pid: 15608] > /home/peaches/anaconda3/bin/python -m dvc --version - INITIALIZED
[version: 1.2.29, 2025-11-28T08:41:00.575Z, pid: 15608] > /home/peaches/anaconda3/bin/python -m dvc --version - FAILED with code 1 (14ms)
/home/peaches/anaconda3/bin/python: No module named dvc

[version: 1.2.29, 2025-11-28T08:41:00.579Z, pid: 0] > dvc --version - INITIALIZED
[version: 1.2.29, 2025-11-28T08:41:00.580Z, pid: 0] > dvc --version - FAILED (5ms)
Command failed with ENOENT: dvc --version
spawn dvc ENOENT
[version: 1.2.29, 2025-11-28T08:41:05.585Z, pid: 15631] > /home/peaches/anaconda3/bin/python -m dvc --version - INITIALIZED
[version: 1.2.29, 2025-11-28T08:41:05.594Z, pid: 15631] > /home/peaches/anaconda3/bin/python -m dvc --version - FAILED with code 1 (14ms)
/home/peaches/anaconda3/bin/python: No module named dvc

[version: 1.2.29, 2025-11-28T08:41:05.599Z, pid: 0] > dvc --version - INITIALIZED
[version: 1.2.29, 2025-11-28T08:41:05.600Z, pid: 0] > dvc --version - FAILED (5ms)
Command failed with ENOENT: dvc --version
spawn dvc ENOENT
[version: 1.2.29, 2025-11-28T08:41:10.606Z, pid: 15653] > /home/peaches/anaconda3/bin/python -m dvc --version - INITIALIZED
[version: 1.2.29, 2025-11-28T08:41:10.615Z, pid: 15653] > /home/peaches/anaconda3/bin/python -m dvc --version - FAILED with code 1 (15ms)
/home/peaches/anaconda3/bin/python: No module named dvc

[version: 1.2.29, 2025-11-28T08:41:10.620Z, pid: 0] > dvc --version - INITIALIZED
[version: 1.2.29, 2025-11-28T08:41:10.620Z, pid: 0] > dvc --version - FAILED (4ms)
Command failed with ENOENT: dvc --version
spawn dvc ENOENT
[version: 1.2.29, 2025-11-28T08:41:15.626Z, pid: 15675] > /home/peaches/anaconda3/bin/python -m dvc --version - INITIALIZED
[version: 1.2.29, 2025-11-28T08:41:15.635Z, pid: 15675] > /home/peaches/anaconda3/bin/python -m dvc --version - FAILED with code 1 (14ms)
/home/peaches/anaconda3/bin/python: No module named dvc

[version: 1.2.29, 2025-11-28T08:41:15.639Z, pid: 0] > dvc --version - INITIALIZED
[version: 1.2.29, 2025-11-28T08:41:15.640Z, pid: 0] > dvc --version - FAILED (4ms)
Command failed with ENOENT: dvc --version
spawn dvc ENOENT
[version: 1.2.29, 2025-11-28T08:41:20.646Z, pid: 15697] > /home/peaches/anaconda3/bin/python -m dvc --version - INITIALIZED
[version: 1.2.29, 2025-11-28T08:41:20.656Z, pid: 15697] > /home/peaches/anaconda3/bin/python -m dvc --version - FAILED with code 1 (15ms)
/home/peaches/anaconda3/bin/python: No module named dvc

[version: 1.2.29, 2025-11-28T08:41:20.660Z, pid: 0] > dvc --version - INITIALIZED
[version: 1.2.29, 2025-11-28T08:41:20.661Z, pid: 0] > dvc --version - FAILED (5ms)
Command failed with ENOENT: dvc --version
spawn dvc ENOENT
[version: 1.2.29, 2025-11-28T08:41:25.667Z, pid: 15719] > /home/peaches/anaconda3/bin/python -m dvc --version - INITIALIZED
[version: 1.2.29, 2025-11-28T08:41:25.676Z, pid: 15719] > /home/peaches/anaconda3/bin/python -m dvc --version - FAILED with code 1 (14ms)
/home/peaches/anaconda3/bin/python: No module named dvc

[version: 1.2.29, 2025-11-28T08:41:25.681Z, pid: 0] > dvc --version - INITIALIZED
[version: 1.2.29, 2025-11-28T08:41:25.682Z, pid: 0] > dvc --version - FAILED (5ms)
Command failed with ENOENT: dvc --version
spawn dvc ENOENT
[version: 1.2.29, 2025-11-28T08:41:30.687Z, pid: 15744] > /home/peaches/anaconda3/bin/python -m dvc --version - INITIALIZED
[version: 1.2.29, 2025-11-28T08:41:30.697Z, pid: 15744] > /home/peaches/anaconda3/bin/python -m dvc --version - FAILED with code 1 (15ms)
/home/peaches/anaconda3/bin/python: No module named dvc

[version: 1.2.29, 2025-11-28T08:41:30.702Z, pid: 0] > dvc --version - INITIALIZED
[version: 1.2.29, 2025-11-28T08:41:30.702Z, pid: 0] > dvc --version - FAILED (5ms)
Command failed with ENOENT: dvc --version
spawn dvc ENOENT
[version: 1.2.29, 2025-11-28T08:41:35.709Z, pid: 15766] > /home/peaches/anaconda3/bin/python -m dvc --version - INITIALIZED
[version: 1.2.29, 2025-11-28T08:41:35.718Z, pid: 15766] > /home/peaches/anaconda3/bin/python -m dvc --version - FAILED with code 1 (15ms)
/home/peaches/anaconda3/bin/python: No module named dvc

[version: 1.2.29, 2025-11-28T08:41:35.722Z, pid: 0] > dvc --version - INITIALIZED
[version: 1.2.29, 2025-11-28T08:41:35.723Z, pid: 0] > dvc --version - FAILED (5ms)
Command failed with ENOENT: dvc --version
spawn dvc ENOENT
[version: 1.2.29, 2025-11-28T08:41:40.729Z, pid: 15789] > /home/peaches/anaconda3/bin/python -m dvc --version - INITIALIZED
[version: 1.2.29, 2025-11-28T08:41:40.738Z, pid: 15789] > /home/peaches/anaconda3/bin/python -m dvc --version - FAILED with code 1 (15ms)
/home/peaches/anaconda3/bin/python: No module named dvc

[version: 1.2.29, 2025-11-28T08:41:40.742Z, pid: 0] > dvc --version - INITIALIZED
[version: 1.2.29, 2025-11-28T08:41:40.743Z, pid: 0] > dvc --version - FAILED (5ms)
Command failed with ENOENT: dvc --version
spawn dvc ENOENT
[version: 1.2.29, 2025-11-28T08:41:45.751Z, pid: 15811] > /home/peaches/anaconda3/bin/python -m dvc --version - INITIALIZED
[version: 1.2.29, 2025-11-28T08:41:45.760Z, pid: 15811] > /home/peaches/anaconda3/bin/python -m dvc --version - FAILED with code 1 (16ms)
/home/peaches/anaconda3/bin/python: No module named dvc

[version: 1.2.29, 2025-11-28T08:41:45.764Z, pid: 0] > dvc --version - INITIALIZED
[version: 1.2.29, 2025-11-28T08:41:45.765Z, pid: 0] > dvc --version - FAILED (5ms)
Command failed with ENOENT: dvc --version
spawn dvc ENOENT
[version: 1.2.29, 2025-11-28T08:41:50.770Z, pid: 15833] > /home/peaches/anaconda3/bin/python -m dvc --version - INITIALIZED
[version: 1.2.29, 2025-11-28T08:41:50.779Z, pid: 15833] > /home/peaches/anaconda3/bin/python -m dvc --version - FAILED with code 1 (14ms)
/home/peaches/anaconda3/bin/python: No module named dvc

[version: 1.2.29, 2025-11-28T08:41:50.783Z, pid: 0] > dvc --version - INITIALIZED
[version: 1.2.29, 2025-11-28T08:41:50.784Z, pid: 0] > dvc --version - FAILED (5ms)
Command failed with ENOENT: dvc --version
spawn dvc ENOENT
[version: 1.2.29, 2025-11-28T08:41:55.790Z, pid: 15855] > /home/peaches/anaconda3/bin/python -m dvc --version - INITIALIZED
[version: 1.2.29, 2025-11-28T08:41:55.799Z, pid: 15855] > /home/peaches/anaconda3/bin/python -m dvc --version - FAILED with code 1 (15ms)
/home/peaches/anaconda3/bin/python: No module named dvc

[version: 1.2.29, 2025-11-28T08:41:55.803Z, pid: 0] > dvc --version - INITIALIZED
[version: 1.2.29, 2025-11-28T08:41:55.804Z, pid: 0] > dvc --version - FAILED (5ms)
Command failed with ENOENT: dvc --version
spawn dvc ENOENT
[version: 1.2.29, 2025-11-28T08:42:00.809Z, pid: 15877] > /home/peaches/anaconda3/bin/python -m dvc --version - INITIALIZED
[version: 1.2.29, 2025-11-28T08:42:00.818Z, pid: 15877] > /home/peaches/anaconda3/bin/python -m dvc --version - FAILED with code 1 (14ms)
/home/peaches/anaconda3/bin/python: No module named dvc

[version: 1.2.29, 2025-11-28T08:42:00.822Z, pid: 0] > dvc --version - INITIALIZED
[version: 1.2.29, 2025-11-28T08:42:00.823Z, pid: 0] > dvc --version - FAILED (5ms)
Command failed with ENOENT: dvc --version
spawn dvc ENOENT
[version: 1.2.29, 2025-11-28T08:42:05.828Z, pid: 15899] > /home/peaches/anaconda3/bin/python -m dvc --version - INITIALIZED
[version: 1.2.29, 2025-11-28T08:42:05.837Z, pid: 15899] > /home/peaches/anaconda3/bin/python -m dvc --version - FAILED with code 1 (13ms)
/home/peaches/anaconda3/bin/python: No module named dvc

[version: 1.2.29, 2025-11-28T08:42:05.841Z, pid: 0] > dvc --version - INITIALIZED
[version: 1.2.29, 2025-11-28T08:42:05.842Z, pid: 0] > dvc --version - FAILED (5ms)
Command failed with ENOENT: dvc --version
spawn dvc ENOENT
[version: 1.2.29, 2025-11-28T08:42:10.847Z, pid: 15922] > /home/peaches/anaconda3/bin/python -m dvc --version - INITIALIZED
[version: 1.2.29, 2025-11-28T08:42:10.856Z, pid: 15922] > /home/peaches/anaconda3/bin/python -m dvc --version - FAILED with code 1 (14ms)
/home/peaches/anaconda3/bin/python: No module named dvc

[version: 1.2.29, 2025-11-28T08:42:10.861Z, pid: 0] > dvc --version - INITIALIZED
[version: 1.2.29, 2025-11-28T08:42:10.862Z, pid: 0] > dvc --version - FAILED (5ms)
Command failed with ENOENT: dvc --version
spawn dvc ENOENT
[version: 1.2.29, 2025-11-28T08:42:15.868Z, pid: 15944] > /home/peaches/anaconda3/bin/python -m dvc --version - INITIALIZED
[version: 1.2.29, 2025-11-28T08:42:15.877Z, pid: 15944] > /home/peaches/anaconda3/bin/python -m dvc --version - FAILED with code 1 (14ms)
/home/peaches/anaconda3/bin/python: No module named dvc

[version: 1.2.29, 2025-11-28T08:42:15.882Z, pid: 0] > dvc --version - INITIALIZED
[version: 1.2.29, 2025-11-28T08:42:15.883Z, pid: 0] > dvc --version - FAILED (5ms)
Command failed with ENOENT: dvc --version
spawn dvc ENOENT
[version: 1.2.29, 2025-11-28T08:42:20.888Z, pid: 15966] > /home/peaches/anaconda3/bin/python -m dvc --version - INITIALIZED
[version: 1.2.29, 2025-11-28T08:42:20.897Z, pid: 15966] > /home/peaches/anaconda3/bin/python -m dvc --version - FAILED with code 1 (14ms)
/home/peaches/anaconda3/bin/python: No module named dvc

[version: 1.2.29, 2025-11-28T08:42:20.901Z, pid: 0] > dvc --version - INITIALIZED
[version: 1.2.29, 2025-11-28T08:42:20.902Z, pid: 0] > dvc --version - FAILED (5ms)
Command failed with ENOENT: dvc --version
spawn dvc ENOENT
[version: 1.2.29, 2025-11-28T08:42:25.908Z, pid: 15988] > /home/peaches/anaconda3/bin/python -m dvc --version - INITIALIZED
[version: 1.2.29, 2025-11-28T08:42:25.917Z, pid: 15988] > /home/peaches/anaconda3/bin/python -m dvc --version - FAILED with code 1 (15ms)
/home/peaches/anaconda3/bin/python: No module named dvc

[version: 1.2.29, 2025-11-28T08:42:25.922Z, pid: 0] > dvc --version - INITIALIZED
[version: 1.2.29, 2025-11-28T08:42:25.922Z, pid: 0] > dvc --version - FAILED (5ms)
Command failed with ENOENT: dvc --version
spawn dvc ENOENT
[version: 1.2.29, 2025-11-28T08:42:30.927Z, pid: 16012] > /home/peaches/anaconda3/bin/python -m dvc --version - INITIALIZED
[version: 1.2.29, 2025-11-28T08:42:30.936Z, pid: 16012] > /home/peaches/anaconda3/bin/python -m dvc --version - FAILED with code 1 (13ms)
/home/peaches/anaconda3/bin/python: No module named dvc

[version: 1.2.29, 2025-11-28T08:42:30.941Z, pid: 0] > dvc --version - INITIALIZED
[version: 1.2.29, 2025-11-28T08:42:30.941Z, pid: 0] > dvc --version - FAILED (4ms)
Command failed with ENOENT: dvc --version
spawn dvc ENOENT
[version: 1.2.29, 2025-11-28T08:42:35.947Z, pid: 16034] > /home/peaches/anaconda3/bin/python -m dvc --version - INITIALIZED
[version: 1.2.29, 2025-11-28T08:42:35.956Z, pid: 16034] > /home/peaches/anaconda3/bin/python -m dvc --version - FAILED with code 1 (14ms)
/home/peaches/anaconda3/bin/python: No module named dvc

[version: 1.2.29, 2025-11-28T08:42:35.961Z, pid: 0] > dvc --version - INITIALIZED
[version: 1.2.29, 2025-11-28T08:42:35.961Z, pid: 0] > dvc --version - FAILED (4ms)
Command failed with ENOENT: dvc --version
spawn dvc ENOENT
[version: 1.2.29, 2025-11-28T08:42:40.968Z, pid: 16056] > /home/peaches/anaconda3/bin/python -m dvc --version - INITIALIZED
[version: 1.2.29, 2025-11-28T08:42:40.977Z, pid: 16056] > /home/peaches/anaconda3/bin/python -m dvc --version - FAILED with code 1 (15ms)
/home/peaches/anaconda3/bin/python: No module named dvc

[version: 1.2.29, 2025-11-28T08:42:40.981Z, pid: 0] > dvc --version - INITIALIZED
[version: 1.2.29, 2025-11-28T08:42:40.982Z, pid: 0] > dvc --version - FAILED (4ms)
Command failed with ENOENT: dvc --version
spawn dvc ENOENT
[version: 1.2.29, 2025-11-28T08:42:45.988Z, pid: 16078] > /home/peaches/anaconda3/bin/python -m dvc --version - INITIALIZED
[version: 1.2.29, 2025-11-28T08:42:45.997Z, pid: 16078] > /home/peaches/anaconda3/bin/python -m dvc --version - FAILED with code 1 (15ms)
/home/peaches/anaconda3/bin/python: No module named dvc

[version: 1.2.29, 2025-11-28T08:42:46.001Z, pid: 0] > dvc --version - INITIALIZED
[version: 1.2.29, 2025-11-28T08:42:46.002Z, pid: 0] > dvc --version - FAILED (5ms)
Command failed with ENOENT: dvc --version
spawn dvc ENOENT
[version: 1.2.29, 2025-11-28T08:42:51.008Z, pid: 16100] > /home/peaches/anaconda3/bin/python -m dvc --version - INITIALIZED
[version: 1.2.29, 2025-11-28T08:42:51.017Z, pid: 16100] > /home/peaches/anaconda3/bin/python -m dvc --version - FAILED with code 1 (15ms)
/home/peaches/anaconda3/bin/python: No module named dvc

[version: 1.2.29, 2025-11-28T08:42:51.022Z, pid: 0] > dvc --version - INITIALIZED
[version: 1.2.29, 2025-11-28T08:42:51.023Z, pid: 0] > dvc --version - FAILED (5ms)
Command failed with ENOENT: dvc --version
spawn dvc ENOENT
[version: 1.2.29, 2025-11-28T08:42:56.028Z, pid: 16122] > /home/peaches/anaconda3/bin/python -m dvc --version - INITIALIZED
[version: 1.2.29, 2025-11-28T08:42:56.037Z, pid: 16122] > /home/peaches/anaconda3/bin/python -m dvc --version - FAILED with code 1 (14ms)
/home/peaches/anaconda3/bin/python: No module named dvc

[version: 1.2.29, 2025-11-28T08:42:56.042Z, pid: 0] > dvc --version - INITIALIZED
[version: 1.2.29, 2025-11-28T08:42:56.042Z, pid: 0] > dvc --version - FAILED (4ms)
Command failed with ENOENT: dvc --version
spawn dvc ENOENT
[version: 1.2.29, 2025-11-28T08:43:01.048Z, pid: 16144] > /home/peaches/anaconda3/bin/python -m dvc --version - INITIALIZED
[version: 1.2.29, 2025-11-28T08:43:01.058Z, pid: 16144] > /home/peaches/anaconda3/bin/python -m dvc --version - FAILED with code 1 (14ms)
/home/peaches/anaconda3/bin/python: No module named dvc

[version: 1.2.29, 2025-11-28T08:43:01.062Z, pid: 0] > dvc --version - INITIALIZED
[version: 1.2.29, 2025-11-28T08:43:01.063Z, pid: 0] > dvc --version - FAILED (5ms)
Command failed with ENOENT: dvc --version
spawn dvc ENOENT
[version: 1.2.29, 2025-11-28T08:43:06.070Z, pid: 16166] > /home/peaches/anaconda3/bin/python -m dvc --version - INITIALIZED
[version: 1.2.29, 2025-11-28T08:43:06.079Z, pid: 16166] > /home/peaches/anaconda3/bin/python -m dvc --version - FAILED with code 1 (15ms)
/home/peaches/anaconda3/bin/python: No module named dvc

[version: 1.2.29, 2025-11-28T08:43:06.083Z, pid: 0] > dvc --version - INITIALIZED
[version: 1.2.29, 2025-11-28T08:43:06.084Z, pid: 0] > dvc --version - FAILED (5ms)
Command failed with ENOENT: dvc --version
spawn dvc ENOENT
[version: 1.2.29, 2025-11-28T08:43:11.091Z, pid: 16188] > /home/peaches/anaconda3/bin/python -m dvc --version - INITIALIZED
[version: 1.2.29, 2025-11-28T08:43:11.100Z, pid: 16188] > /home/peaches/anaconda3/bin/python -m dvc --version - FAILED with code 1 (15ms)
/home/peaches/anaconda3/bin/python: No module named dvc

[version: 1.2.29, 2025-11-28T08:43:11.104Z, pid: 0] > dvc --version - INITIALIZED
[version: 1.2.29, 2025-11-28T08:43:11.105Z, pid: 0] > dvc --version - FAILED (5ms)
Command failed with ENOENT: dvc --version
spawn dvc ENOENT
[version: 1.2.29, 2025-11-28T08:43:16.111Z, pid: 16210] > /home/peaches/anaconda3/bin/python -m dvc --version - INITIALIZED
[version: 1.2.29, 2025-11-28T08:43:16.121Z, pid: 16210] > /home/peaches/anaconda3/bin/python -m dvc --version - FAILED with code 1 (16ms)
/home/peaches/anaconda3/bin/python: No module named dvc

[version: 1.2.29, 2025-11-28T08:43:16.125Z, pid: 0] > dvc --version - INITIALIZED
[version: 1.2.29, 2025-11-28T08:43:16.126Z, pid: 0] > dvc --version - FAILED (5ms)
Command failed with ENOENT: dvc --version
spawn dvc ENOENT
[version: 1.2.29, 2025-11-28T08:43:21.132Z, pid: 16232] > /home/peaches/anaconda3/bin/python -m dvc --version - INITIALIZED
[version: 1.2.29, 2025-11-28T08:43:21.141Z, pid: 16232] > /home/peaches/anaconda3/bin/python -m dvc --version - FAILED with code 1 (15ms)
/home/peaches/anaconda3/bin/python: No module named dvc

[version: 1.2.29, 2025-11-28T08:43:21.146Z, pid: 0] > dvc --version - INITIALIZED
[version: 1.2.29, 2025-11-28T08:43:21.146Z, pid: 0] > dvc --version - FAILED (4ms)
Command failed with ENOENT: dvc --version
spawn dvc ENOENT
[version: 1.2.29, 2025-11-28T08:43:26.154Z, pid: 16254] > /home/peaches/anaconda3/bin/python -m dvc --version - INITIALIZED
[version: 1.2.29, 2025-11-28T08:43:26.163Z, pid: 16254] > /home/peaches/anaconda3/bin/python -m dvc --version - FAILED with code 1 (16ms)
/home/peaches/anaconda3/bin/python: No module named dvc

[version: 1.2.29, 2025-11-28T08:43:26.167Z, pid: 0] > dvc --version - INITIALIZED
[version: 1.2.29, 2025-11-28T08:43:26.168Z, pid: 0] > dvc --version - FAILED (5ms)
Command failed with ENOENT: dvc --version
spawn dvc ENOENT
[version: 1.2.29, 2025-11-28T08:43:31.173Z, pid: 16278] > /home/peaches/anaconda3/bin/python -m dvc --version - INITIALIZED
[version: 1.2.29, 2025-11-28T08:43:31.182Z, pid: 16278] > /home/peaches/anaconda3/bin/python -m dvc --version - FAILED with code 1 (14ms)
/home/peaches/anaconda3/bin/python: No module named dvc

[version: 1.2.29, 2025-11-28T08:43:31.186Z, pid: 0] > dvc --version - INITIALIZED
[version: 1.2.29, 2025-11-28T08:43:31.187Z, pid: 0] > dvc --version - FAILED (5ms)
Command failed with ENOENT: dvc --version
spawn dvc ENOENT
[version: 1.2.29, 2025-11-28T08:43:36.192Z, pid: 16300] > /home/peaches/anaconda3/bin/python -m dvc --version - INITIALIZED
[version: 1.2.29, 2025-11-28T08:43:36.201Z, pid: 16300] > /home/peaches/anaconda3/bin/python -m dvc --version - FAILED with code 1 (14ms)
/home/peaches/anaconda3/bin/python: No module named dvc

[version: 1.2.29, 2025-11-28T08:43:36.206Z, pid: 0] > dvc --version - INITIALIZED
[version: 1.2.29, 2025-11-28T08:43:36.207Z, pid: 0] > dvc --version - FAILED (4ms)
Command failed with ENOENT: dvc --version
spawn dvc ENOENT
[version: 1.2.29, 2025-11-28T08:43:41.212Z, pid: 16323] > /home/peaches/anaconda3/bin/python -m dvc --version - INITIALIZED
[version: 1.2.29, 2025-11-28T08:43:41.222Z, pid: 16323] > /home/peaches/anaconda3/bin/python -m dvc --version - FAILED with code 1 (15ms)
/home/peaches/anaconda3/bin/python: No module named dvc

[version: 1.2.29, 2025-11-28T08:43:41.226Z, pid: 0] > dvc --version - INITIALIZED
[version: 1.2.29, 2025-11-28T08:43:41.227Z, pid: 0] > dvc --version - FAILED (5ms)
Command failed with ENOENT: dvc --version
spawn dvc ENOENT
[version: 1.2.29, 2025-11-28T08:43:46.234Z, pid: 16345] > /home/peaches/anaconda3/bin/python -m dvc --version - INITIALIZED
[version: 1.2.29, 2025-11-28T08:43:46.243Z, pid: 16345] > /home/peaches/anaconda3/bin/python -m dvc --version - FAILED with code 1 (15ms)
/home/peaches/anaconda3/bin/python: No module named dvc

[version: 1.2.29, 2025-11-28T08:43:46.248Z, pid: 0] > dvc --version - INITIALIZED
[version: 1.2.29, 2025-11-28T08:43:46.248Z, pid: 0] > dvc --version - FAILED (5ms)
Command failed with ENOENT: dvc --version
spawn dvc ENOENT
[version: 1.2.29, 2025-11-28T08:43:51.254Z, pid: 16367] > /home/peaches/anaconda3/bin/python -m dvc --version - INITIALIZED
[version: 1.2.29, 2025-11-28T08:43:51.263Z, pid: 16367] > /home/peaches/anaconda3/bin/python -m dvc --version - FAILED with code 1 (14ms)
/home/peaches/anaconda3/bin/python: No module named dvc

[version: 1.2.29, 2025-11-28T08:43:51.268Z, pid: 0] > dvc --version - INITIALIZED
[version: 1.2.29, 2025-11-28T08:43:51.269Z, pid: 0] > dvc --version - FAILED (5ms)
Command failed with ENOENT: dvc --version
spawn dvc ENOENT
[version: 1.2.29, 2025-11-28T08:43:56.275Z, pid: 16389] > /home/peaches/anaconda3/bin/python -m dvc --version - INITIALIZED
[version: 1.2.29, 2025-11-28T08:43:56.284Z, pid: 16389] > /home/peaches/anaconda3/bin/python -m dvc --version - FAILED with code 1 (14ms)
/home/peaches/anaconda3/bin/python: No module named dvc

[version: 1.2.29, 2025-11-28T08:43:56.288Z, pid: 0] > dvc --version - INITIALIZED
[version: 1.2.29, 2025-11-28T08:43:56.289Z, pid: 0] > dvc --version - FAILED (5ms)
Command failed with ENOENT: dvc --version
spawn dvc ENOENT
[version: 1.2.29, 2025-11-28T08:44:01.295Z, pid: 16411] > /home/peaches/anaconda3/bin/python -m dvc --version - INITIALIZED
[version: 1.2.29, 2025-11-28T08:44:01.305Z, pid: 16411] > /home/peaches/anaconda3/bin/python -m dvc --version - FAILED with code 1 (15ms)
/home/peaches/anaconda3/bin/python: No module named dvc

[version: 1.2.29, 2025-11-28T08:44:01.309Z, pid: 0] > dvc --version - INITIALIZED
[version: 1.2.29, 2025-11-28T08:44:01.310Z, pid: 0] > dvc --version - FAILED (5ms)
Command failed with ENOENT: dvc --version
spawn dvc ENOENT
[version: 1.2.29, 2025-11-28T08:44:06.315Z, pid: 16433] > /home/peaches/anaconda3/bin/python -m dvc --version - INITIALIZED
[version: 1.2.29, 2025-11-28T08:44:06.325Z, pid: 16433] > /home/peaches/anaconda3/bin/python -m dvc --version - FAILED with code 1 (14ms)
/home/peaches/anaconda3/bin/python: No module named dvc

[version: 1.2.29, 2025-11-28T08:44:06.329Z, pid: 0] > dvc --version - INITIALIZED
[version: 1.2.29, 2025-11-28T08:44:06.330Z, pid: 0] > dvc --version - FAILED (5ms)
Command failed with ENOENT: dvc --version
spawn dvc ENOENT
[version: 1.2.29, 2025-11-28T08:44:11.336Z, pid: 16456] > /home/peaches/anaconda3/bin/python -m dvc --version - INITIALIZED
[version: 1.2.29, 2025-11-28T08:44:11.345Z, pid: 16456] > /home/peaches/anaconda3/bin/python -m dvc --version - FAILED with code 1 (15ms)
/home/peaches/anaconda3/bin/python: No module named dvc

[version: 1.2.29, 2025-11-28T08:44:11.349Z, pid: 0] > dvc --version - INITIALIZED
[version: 1.2.29, 2025-11-28T08:44:11.350Z, pid: 0] > dvc --version - FAILED (5ms)
Command failed with ENOENT: dvc --version
spawn dvc ENOENT
[version: 1.2.29, 2025-11-28T08:44:16.356Z, pid: 16478] > /home/peaches/anaconda3/bin/python -m dvc --version - INITIALIZED
[version: 1.2.29, 2025-11-28T08:44:16.365Z, pid: 16478] > /home/peaches/anaconda3/bin/python -m dvc --version - FAILED with code 1 (15ms)
/home/peaches/anaconda3/bin/python: No module named dvc

[version: 1.2.29, 2025-11-28T08:44:16.370Z, pid: 0] > dvc --version - INITIALIZED
[version: 1.2.29, 2025-11-28T08:44:16.371Z, pid: 0] > dvc --version - FAILED (5ms)
Command failed with ENOENT: dvc --version
spawn dvc ENOENT
[version: 1.2.29, 2025-11-28T08:44:21.376Z, pid: 16500] > /home/peaches/anaconda3/bin/python -m dvc --version - INITIALIZED
[version: 1.2.29, 2025-11-28T08:44:21.386Z, pid: 16500] > /home/peaches/anaconda3/bin/python -m dvc --version - FAILED with code 1 (14ms)
/home/peaches/anaconda3/bin/python: No module named dvc

[version: 1.2.29, 2025-11-28T08:44:21.391Z, pid: 0] > dvc --version - INITIALIZED
[version: 1.2.29, 2025-11-28T08:44:21.391Z, pid: 0] > dvc --version - FAILED (5ms)
Command failed with ENOENT: dvc --version
spawn dvc ENOENT
[version: 1.2.29, 2025-11-28T08:44:26.398Z, pid: 16522] > /home/peaches/anaconda3/bin/python -m dvc --version - INITIALIZED
[version: 1.2.29, 2025-11-28T08:44:26.407Z, pid: 16522] > /home/peaches/anaconda3/bin/python -m dvc --version - FAILED with code 1 (14ms)
/home/peaches/anaconda3/bin/python: No module named dvc

[version: 1.2.29, 2025-11-28T08:44:26.411Z, pid: 0] > dvc --version - INITIALIZED
[version: 1.2.29, 2025-11-28T08:44:26.411Z, pid: 0] > dvc --version - FAILED (4ms)
Command failed with ENOENT: dvc --version
spawn dvc ENOENT
[version: 1.2.29, 2025-11-28T08:44:31.418Z, pid: 16546] > /home/peaches/anaconda3/bin/python -m dvc --version - INITIALIZED
[version: 1.2.29, 2025-11-28T08:44:31.427Z, pid: 16546] > /home/peaches/anaconda3/bin/python -m dvc --version - FAILED with code 1 (15ms)
/home/peaches/anaconda3/bin/python: No module named dvc

[version: 1.2.29, 2025-11-28T08:44:31.431Z, pid: 0] > dvc --version - INITIALIZED
[version: 1.2.29, 2025-11-28T08:44:31.432Z, pid: 0] > dvc --version - FAILED (5ms)
Command failed with ENOENT: dvc --version
spawn dvc ENOENT
[version: 1.2.29, 2025-11-28T08:44:36.437Z, pid: 16569] > /home/peaches/anaconda3/bin/python -m dvc --version - INITIALIZED
[version: 1.2.29, 2025-11-28T08:44:36.446Z, pid: 16569] > /home/peaches/anaconda3/bin/python -m dvc --version - FAILED with code 1 (14ms)
/home/peaches/anaconda3/bin/python: No module named dvc

[version: 1.2.29, 2025-11-28T08:44:36.451Z, pid: 0] > dvc --version - INITIALIZED
[version: 1.2.29, 2025-11-28T08:44:36.451Z, pid: 0] > dvc --version - FAILED (4ms)
Command failed with ENOENT: dvc --version
spawn dvc ENOENT
[version: 1.2.29, 2025-11-28T08:44:41.458Z, pid: 16591] > /home/peaches/anaconda3/bin/python -m dvc --version - INITIALIZED
[version: 1.2.29, 2025-11-28T08:44:41.467Z, pid: 16591] > /home/peaches/anaconda3/bin/python -m dvc --version - FAILED with code 1 (15ms)
/home/peaches/anaconda3/bin/python: No module named dvc

[version: 1.2.29, 2025-11-28T08:44:41.471Z, pid: 0] > dvc --version - INITIALIZED
[version: 1.2.29, 2025-11-28T08:44:41.472Z, pid: 0] > dvc --version - FAILED (5ms)
Command failed with ENOENT: dvc --version
spawn dvc ENOENT
[version: 1.2.29, 2025-11-28T08:44:46.477Z, pid: 16613] > /home/peaches/anaconda3/bin/python -m dvc --version - INITIALIZED
[version: 1.2.29, 2025-11-28T08:44:46.486Z, pid: 16613] > /home/peaches/anaconda3/bin/python -m dvc --version - FAILED with code 1 (14ms)
/home/peaches/anaconda3/bin/python: No module named dvc

[version: 1.2.29, 2025-11-28T08:44:46.490Z, pid: 0] > dvc --version - INITIALIZED
[version: 1.2.29, 2025-11-28T08:44:46.491Z, pid: 0] > dvc --version - FAILED (5ms)
Command failed with ENOENT: dvc --version
spawn dvc ENOENT
[version: 1.2.29, 2025-11-28T08:44:51.496Z, pid: 16635] > /home/peaches/anaconda3/bin/python -m dvc --version - INITIALIZED
[version: 1.2.29, 2025-11-28T08:44:51.505Z, pid: 16635] > /home/peaches/anaconda3/bin/python -m dvc --version - FAILED with code 1 (14ms)
/home/peaches/anaconda3/bin/python: No module named dvc

[version: 1.2.29, 2025-11-28T08:44:51.510Z, pid: 0] > dvc --version - INITIALIZED
[version: 1.2.29, 2025-11-28T08:44:51.511Z, pid: 0] > dvc --version - FAILED (5ms)
Command failed with ENOENT: dvc --version
spawn dvc ENOENT
[version: 1.2.29, 2025-11-28T08:44:56.517Z, pid: 16657] > /home/peaches/anaconda3/bin/python -m dvc --version - INITIALIZED
[version: 1.2.29, 2025-11-28T08:44:56.526Z, pid: 16657] > /home/peaches/anaconda3/bin/python -m dvc --version - FAILED with code 1 (15ms)
/home/peaches/anaconda3/bin/python: No module named dvc

[version: 1.2.29, 2025-11-28T08:44:56.530Z, pid: 0] > dvc --version - INITIALIZED
[version: 1.2.29, 2025-11-28T08:44:56.531Z, pid: 0] > dvc --version - FAILED (5ms)
Command failed with ENOENT: dvc --version
spawn dvc ENOENT
[version: 1.2.29, 2025-11-28T08:45:01.536Z, pid: 16679] > /home/peaches/anaconda3/bin/python -m dvc --version - INITIALIZED
[version: 1.2.29, 2025-11-28T08:45:01.547Z, pid: 16679] > /home/peaches/anaconda3/bin/python -m dvc --version - FAILED with code 1 (16ms)
/home/peaches/anaconda3/bin/python: No module named dvc

[version: 1.2.29, 2025-11-28T08:45:01.552Z, pid: 0] > dvc --version - INITIALIZED
[version: 1.2.29, 2025-11-28T08:45:01.553Z, pid: 0] > dvc --version - FAILED (5ms)
Command failed with ENOENT: dvc --version
spawn dvc ENOENT
[version: 1.2.29, 2025-11-28T08:45:06.559Z, pid: 16705] > /home/peaches/anaconda3/bin/python -m dvc --version - INITIALIZED
[version: 1.2.29, 2025-11-28T08:45:06.568Z, pid: 16705] > /home/peaches/anaconda3/bin/python -m dvc --version - FAILED with code 1 (14ms)
/home/peaches/anaconda3/bin/python: No module named dvc

[version: 1.2.29, 2025-11-28T08:45:06.572Z, pid: 0] > dvc --version - INITIALIZED
[version: 1.2.29, 2025-11-28T08:45:06.573Z, pid: 0] > dvc --version - FAILED (5ms)
Command failed with ENOENT: dvc --version
spawn dvc ENOENT
[version: 1.2.29, 2025-11-28T08:45:11.578Z, pid: 16727] > /home/peaches/anaconda3/bin/python -m dvc --version - INITIALIZED
[version: 1.2.29, 2025-11-28T08:45:11.587Z, pid: 16727] > /home/peaches/anaconda3/bin/python -m dvc --version - FAILED with code 1 (13ms)
/home/peaches/anaconda3/bin/python: No module named dvc

[version: 1.2.29, 2025-11-28T08:45:11.592Z, pid: 0] > dvc --version - INITIALIZED
[version: 1.2.29, 2025-11-28T08:45:11.593Z, pid: 0] > dvc --version - FAILED (5ms)
Command failed with ENOENT: dvc --version
spawn dvc ENOENT
[version: 1.2.29, 2025-11-28T08:45:16.598Z, pid: 16749] > /home/peaches/anaconda3/bin/python -m dvc --version - INITIALIZED
[version: 1.2.29, 2025-11-28T08:45:16.607Z, pid: 16749] > /home/peaches/anaconda3/bin/python -m dvc --version - FAILED with code 1 (14ms)
/home/peaches/anaconda3/bin/python: No module named dvc

[version: 1.2.29, 2025-11-28T08:45:16.612Z, pid: 0] > dvc --version - INITIALIZED
[version: 1.2.29, 2025-11-28T08:45:16.612Z, pid: 0] > dvc --version - FAILED (5ms)
Command failed with ENOENT: dvc --version
spawn dvc ENOENT
[version: 1.2.29, 2025-11-28T08:45:21.618Z, pid: 16771] > /home/peaches/anaconda3/bin/python -m dvc --version - INITIALIZED
[version: 1.2.29, 2025-11-28T08:45:21.627Z, pid: 16771] > /home/peaches/anaconda3/bin/python -m dvc --version - FAILED with code 1 (14ms)
/home/peaches/anaconda3/bin/python: No module named dvc

[version: 1.2.29, 2025-11-28T08:45:21.632Z, pid: 0] > dvc --version - INITIALIZED
[version: 1.2.29, 2025-11-28T08:45:21.633Z, pid: 0] > dvc --version - FAILED (5ms)
Command failed with ENOENT: dvc --version
spawn dvc ENOENT
[version: 1.2.29, 2025-11-28T08:45:26.639Z, pid: 16793] > /home/peaches/anaconda3/bin/python -m dvc --version - INITIALIZED
[version: 1.2.29, 2025-11-28T08:45:26.648Z, pid: 16793] > /home/peaches/anaconda3/bin/python -m dvc --version - FAILED with code 1 (14ms)
/home/peaches/anaconda3/bin/python: No module named dvc

[version: 1.2.29, 2025-11-28T08:45:26.652Z, pid: 0] > dvc --version - INITIALIZED
[version: 1.2.29, 2025-11-28T08:45:26.653Z, pid: 0] > dvc --version - FAILED (5ms)
Command failed with ENOENT: dvc --version
spawn dvc ENOENT
[version: 1.2.29, 2025-11-28T08:45:31.661Z, pid: 16817] > /home/peaches/anaconda3/bin/python -m dvc --version - INITIALIZED
[version: 1.2.29, 2025-11-28T08:45:31.670Z, pid: 16817] > /home/peaches/anaconda3/bin/python -m dvc --version - FAILED with code 1 (15ms)
/home/peaches/anaconda3/bin/python: No module named dvc

[version: 1.2.29, 2025-11-28T08:45:31.675Z, pid: 0] > dvc --version - INITIALIZED
[version: 1.2.29, 2025-11-28T08:45:31.676Z, pid: 0] > dvc --version - FAILED (5ms)
Command failed with ENOENT: dvc --version
spawn dvc ENOENT
[version: 1.2.29, 2025-11-28T08:45:36.682Z, pid: 16839] > /home/peaches/anaconda3/bin/python -m dvc --version - INITIALIZED
[version: 1.2.29, 2025-11-28T08:45:36.691Z, pid: 16839] > /home/peaches/anaconda3/bin/python -m dvc --version - FAILED with code 1 (15ms)
/home/peaches/anaconda3/bin/python: No module named dvc

[version: 1.2.29, 2025-11-28T08:45:36.695Z, pid: 0] > dvc --version - INITIALIZED
[version: 1.2.29, 2025-11-28T08:45:36.696Z, pid: 0] > dvc --version - FAILED (5ms)
Command failed with ENOENT: dvc --version
spawn dvc ENOENT
[version: 1.2.29, 2025-11-28T08:45:41.704Z, pid: 16864] > /home/peaches/anaconda3/bin/python -m dvc --version - INITIALIZED
[version: 1.2.29, 2025-11-28T08:45:41.713Z, pid: 16864] > /home/peaches/anaconda3/bin/python -m dvc --version - FAILED with code 1 (15ms)
/home/peaches/anaconda3/bin/python: No module named dvc

[version: 1.2.29, 2025-11-28T08:45:41.718Z, pid: 0] > dvc --version - INITIALIZED
[version: 1.2.29, 2025-11-28T08:45:41.719Z, pid: 0] > dvc --version - FAILED (5ms)
Command failed with ENOENT: dvc --version
spawn dvc ENOENT
[version: 1.2.29, 2025-11-28T08:45:46.724Z, pid: 16886] > /home/peaches/anaconda3/bin/python -m dvc --version - INITIALIZED
[version: 1.2.29, 2025-11-28T08:45:46.733Z, pid: 16886] > /home/peaches/anaconda3/bin/python -m dvc --version - FAILED with code 1 (14ms)
/home/peaches/anaconda3/bin/python: No module named dvc

[version: 1.2.29, 2025-11-28T08:45:46.737Z, pid: 0] > dvc --version - INITIALIZED
[version: 1.2.29, 2025-11-28T08:45:46.738Z, pid: 0] > dvc --version - FAILED (5ms)
Command failed with ENOENT: dvc --version
spawn dvc ENOENT
[version: 1.2.29, 2025-11-28T08:45:51.744Z, pid: 16908] > /home/peaches/anaconda3/bin/python -m dvc --version - INITIALIZED
[version: 1.2.29, 2025-11-28T08:45:51.753Z, pid: 16908] > /home/peaches/anaconda3/bin/python -m dvc --version - FAILED with code 1 (14ms)
/home/peaches/anaconda3/bin/python: No module named dvc

[version: 1.2.29, 2025-11-28T08:45:51.757Z, pid: 0] > dvc --version - INITIALIZED
[version: 1.2.29, 2025-11-28T08:45:51.758Z, pid: 0] > dvc --version - FAILED (5ms)
Command failed with ENOENT: dvc --version
spawn dvc ENOENT
[version: 1.2.29, 2025-11-28T08:45:56.764Z, pid: 16930] > /home/peaches/anaconda3/bin/python -m dvc --version - INITIALIZED
[version: 1.2.29, 2025-11-28T08:45:56.773Z, pid: 16930] > /home/peaches/anaconda3/bin/python -m dvc --version - FAILED with code 1 (14ms)
/home/peaches/anaconda3/bin/python: No module named dvc

[version: 1.2.29, 2025-11-28T08:45:56.777Z, pid: 0] > dvc --version - INITIALIZED
[version: 1.2.29, 2025-11-28T08:45:56.778Z, pid: 0] > dvc --version - FAILED (5ms)
Command failed with ENOENT: dvc --version
spawn dvc ENOENT
[version: 1.2.29, 2025-11-28T08:46:01.784Z, pid: 16952] > /home/peaches/anaconda3/bin/python -m dvc --version - INITIALIZED
[version: 1.2.29, 2025-11-28T08:46:01.793Z, pid: 16952] > /home/peaches/anaconda3/bin/python -m dvc --version - FAILED with code 1 (15ms)
/home/peaches/anaconda3/bin/python: No module named dvc

[version: 1.2.29, 2025-11-28T08:46:01.798Z, pid: 0] > dvc --version - INITIALIZED
[version: 1.2.29, 2025-11-28T08:46:01.799Z, pid: 0] > dvc --version - FAILED (5ms)
Command failed with ENOENT: dvc --version
spawn dvc ENOENT
[version: 1.2.29, 2025-11-28T08:46:06.805Z, pid: 16975] > /home/peaches/anaconda3/bin/python -m dvc --version - INITIALIZED
[version: 1.2.29, 2025-11-28T08:46:06.814Z, pid: 16975] > /home/peaches/anaconda3/bin/python -m dvc --version - FAILED with code 1 (15ms)
/home/peaches/anaconda3/bin/python: No module named dvc

[version: 1.2.29, 2025-11-28T08:46:06.819Z, pid: 0] > dvc --version - INITIALIZED
[version: 1.2.29, 2025-11-28T08:46:06.820Z, pid: 0] > dvc --version - FAILED (6ms)
Command failed with ENOENT: dvc --version
spawn dvc ENOENT
[version: 1.2.29, 2025-11-28T08:46:11.826Z, pid: 16997] > /home/peaches/anaconda3/bin/python -m dvc --version - INITIALIZED
[version: 1.2.29, 2025-11-28T08:46:11.835Z, pid: 16997] > /home/peaches/anaconda3/bin/python -m dvc --version - FAILED with code 1 (14ms)
/home/peaches/anaconda3/bin/python: No module named dvc

[version: 1.2.29, 2025-11-28T08:46:11.839Z, pid: 0] > dvc --version - INITIALIZED
[version: 1.2.29, 2025-11-28T08:46:11.840Z, pid: 0] > dvc --version - FAILED (5ms)
Command failed with ENOENT: dvc --version
spawn dvc ENOENT
[version: 1.2.29, 2025-11-28T08:46:16.847Z, pid: 17019] > /home/peaches/anaconda3/bin/python -m dvc --version - INITIALIZED
[version: 1.2.29, 2025-11-28T08:46:16.856Z, pid: 17019] > /home/peaches/anaconda3/bin/python -m dvc --version - FAILED with code 1 (16ms)
/home/peaches/anaconda3/bin/python: No module named dvc

[version: 1.2.29, 2025-11-28T08:46:16.861Z, pid: 0] > dvc --version - INITIALIZED
[version: 1.2.29, 2025-11-28T08:46:16.862Z, pid: 0] > dvc --version - FAILED (6ms)
Command failed with ENOENT: dvc --version
spawn dvc ENOENT
[version: 1.2.29, 2025-11-28T08:46:21.869Z, pid: 17041] > /home/peaches/anaconda3/bin/python -m dvc --version - INITIALIZED
[version: 1.2.29, 2025-11-28T08:46:21.878Z, pid: 17041] > /home/peaches/anaconda3/bin/python -m dvc --version - FAILED with code 1 (16ms)
/home/peaches/anaconda3/bin/python: No module named dvc

[version: 1.2.29, 2025-11-28T08:46:21.882Z, pid: 0] > dvc --version - INITIALIZED
[version: 1.2.29, 2025-11-28T08:46:21.883Z, pid: 0] > dvc --version - FAILED (5ms)
Command failed with ENOENT: dvc --version
spawn dvc ENOENT
[version: 1.2.29, 2025-11-28T09:37:11.555Z, pid: 17198] > /home/peaches/anaconda3/bin/python -m dvc --version - INITIALIZED
[version: 1.2.29, 2025-11-28T09:37:11.565Z, pid: 17198] > /home/peaches/anaconda3/bin/python -m dvc --version - FAILED with code 1 (17ms)
/home/peaches/anaconda3/bin/python: No module named dvc

[version: 1.2.29, 2025-11-28T09:37:11.570Z, pid: 0] > dvc --version - INITIALIZED
[version: 1.2.29, 2025-11-28T09:37:11.571Z, pid: 0] > dvc --version - FAILED (5ms)
Command failed with ENOENT: dvc --version
spawn dvc ENOENT
[version: 1.2.29, 2025-11-28T09:37:16.577Z, pid: 17260] > /home/peaches/anaconda3/bin/python -m dvc --version - INITIALIZED
[version: 1.2.29, 2025-11-28T09:37:16.587Z, pid: 17260] > /home/peaches/anaconda3/bin/python -m dvc --version - FAILED with code 1 (15ms)
/home/peaches/anaconda3/bin/python: No module named dvc

[version: 1.2.29, 2025-11-28T09:37:16.593Z, pid: 0] > dvc --version - INITIALIZED
[version: 1.2.29, 2025-11-28T09:37:16.594Z, pid: 0] > dvc --version - FAILED (6ms)
Command failed with ENOENT: dvc --version
spawn dvc ENOENT
[version: 1.2.29, 2025-11-28T09:37:21.600Z, pid: 17389] > /home/peaches/anaconda3/bin/python -m dvc --version - INITIALIZED
[version: 1.2.29, 2025-11-28T09:37:21.609Z, pid: 17389] > /home/peaches/anaconda3/bin/python -m dvc --version - FAILED with code 1 (14ms)
/home/peaches/anaconda3/bin/python: No module named dvc

[version: 1.2.29, 2025-11-28T09:37:21.614Z, pid: 0] > dvc --version - INITIALIZED
[version: 1.2.29, 2025-11-28T09:37:21.615Z, pid: 0] > dvc --version - FAILED (5ms)
Command failed with ENOENT: dvc --version
spawn dvc ENOENT
