[version: 1.2.29, 2025-11-27T12:22:40.182Z, pid: 71430] > /home/peaches/anaconda3/bin/python -m dvc --version - INITIALIZED
[version: 1.2.29, 2025-11-27T12:22:40.202Z, pid: 71430] > /home/peaches/anaconda3/bin/python -m dvc --version - FAILED with code 1 (24ms)
/home/peaches/anaconda3/bin/python: No module named dvc

[version: 1.2.29, 2025-11-27T12:22:40.207Z, pid: 0] > dvc --version - INITIALIZED
[version: 1.2.29, 2025-11-27T12:22:40.208Z, pid: 0] > dvc --version - FAILED (6ms)
Command failed with ENOENT: dvc --version
spawn dvc ENOENT
[version: 1.2.29, 2025-11-27T12:22:45.215Z, pid: 71535] > /home/peaches/anaconda3/bin/python -m dvc --version - INITIALIZED
[version: 1.2.29, 2025-11-27T12:22:45.225Z, pid: 71535] > /home/peaches/anaconda3/bin/python -m dvc --version - FAILED with code 1 (15ms)
/home/peaches/anaconda3/bin/python: No module named dvc

[version: 1.2.29, 2025-11-27T12:22:45.230Z, pid: 0] > dvc --version - INITIALIZED
[version: 1.2.29, 2025-11-27T12:22:45.230Z, pid: 0] > dvc --version - FAILED (5ms)
Command failed with ENOENT: dvc --version
spawn dvc ENOENT
[version: 1.2.29, 2025-11-27T12:22:50.236Z, pid: 71718] > /home/peaches/anaconda3/bin/python -m dvc --version - INITIALIZED
[version: 1.2.29, 2025-11-27T12:22:50.245Z, pid: 71718] > /home/peaches/anaconda3/bin/python -m dvc --version - FAILED with code 1 (14ms)
/home/peaches/anaconda3/bin/python: No module named dvc

[version: 1.2.29, 2025-11-27T12:22:50.251Z, pid: 0] > dvc --version - INITIALIZED
[version: 1.2.29, 2025-11-27T12:22:50.252Z, pid: 0] > dvc --version - FAILED (6ms)
Command failed with ENOENT: dvc --version
spawn dvc ENOENT
[version: 1.2.29, 2025-11-27T12:22:55.258Z, pid: 71964] > /home/peaches/anaconda3/bin/python -m dvc --version - INITIALIZED
[version: 1.2.29, 2025-11-27T12:22:55.268Z, pid: 71964] > /home/peaches/anaconda3/bin/python -m dvc --version - FAILED with code 1 (15ms)
/home/peaches/anaconda3/bin/python: No module named dvc

[version: 1.2.29, 2025-11-27T12:22:55.273Z, pid: 0] > dvc --version - INITIALIZED
[version: 1.2.29, 2025-11-27T12:22:55.274Z, pid: 0] > dvc --version - FAILED (6ms)
Command failed with ENOENT: dvc --version
spawn dvc ENOENT
[version: 1.2.29, 2025-11-27T12:23:00.279Z, pid: 71975] > /home/peaches/anaconda3/bin/python -m dvc --version - INITIALIZED
[version: 1.2.29, 2025-11-27T12:23:00.289Z, pid: 71975] > /home/peaches/anaconda3/bin/python -m dvc --version - FAILED with code 1 (15ms)
/home/peaches/anaconda3/bin/python: No module named dvc

[version: 1.2.29, 2025-11-27T12:23:00.293Z, pid: 0] > dvc --version - INITIALIZED
[version: 1.2.29, 2025-11-27T12:23:00.294Z, pid: 0] > dvc --version - FAILED (5ms)
Command failed with ENOENT: dvc --version
spawn dvc ENOENT
[version: 1.2.29, 2025-11-27T12:23:05.302Z, pid: 71992] > /home/peaches/anaconda3/bin/python -m dvc --version - INITIALIZED
[version: 1.2.29, 2025-11-27T12:23:05.312Z, pid: 71992] > /home/peaches/anaconda3/bin/python -m dvc --version - FAILED with code 1 (16ms)
/home/peaches/anaconda3/bin/python: No module named dvc

[version: 1.2.29, 2025-11-27T12:23:05.317Z, pid: 0] > dvc --version - INITIALIZED
[version: 1.2.29, 2025-11-27T12:23:05.318Z, pid: 0] > dvc --version - FAILED (5ms)
Command failed with ENOENT: dvc --version
spawn dvc ENOENT
[version: 1.2.29, 2025-11-27T12:23:10.324Z, pid: 72073] > /home/peaches/anaconda3/bin/python -m dvc --version - INITIALIZED
[version: 1.2.29, 2025-11-27T12:23:10.334Z, pid: 72073] > /home/peaches/anaconda3/bin/python -m dvc --version - FAILED with code 1 (16ms)
/home/peaches/anaconda3/bin/python: No module named dvc

[version: 1.2.29, 2025-11-27T12:23:10.339Z, pid: 0] > dvc --version - INITIALIZED
[version: 1.2.29, 2025-11-27T12:23:10.340Z, pid: 0] > dvc --version - FAILED (6ms)
Command failed with ENOENT: dvc --version
spawn dvc ENOENT
[version: 1.2.29, 2025-11-27T12:23:15.346Z, pid: 72097] > /home/peaches/anaconda3/bin/python -m dvc --version - INITIALIZED
[version: 1.2.29, 2025-11-27T12:23:15.355Z, pid: 72097] > /home/peaches/anaconda3/bin/python -m dvc --version - FAILED with code 1 (14ms)
/home/peaches/anaconda3/bin/python: No module named dvc

[version: 1.2.29, 2025-11-27T12:23:15.361Z, pid: 0] > dvc --version - INITIALIZED
[version: 1.2.29, 2025-11-27T12:23:15.362Z, pid: 0] > dvc --version - FAILED (6ms)
Command failed with ENOENT: dvc --version
spawn dvc ENOENT
[version: 1.2.29, 2025-11-27T12:23:20.368Z, pid: 72119] > /home/peaches/anaconda3/bin/python -m dvc --version - INITIALIZED
[version: 1.2.29, 2025-11-27T12:23:20.378Z, pid: 72119] > /home/peaches/anaconda3/bin/python -m dvc --version - FAILED with code 1 (16ms)
/home/peaches/anaconda3/bin/python: No module named dvc

[version: 1.2.29, 2025-11-27T12:23:20.383Z, pid: 0] > dvc --version - INITIALIZED
[version: 1.2.29, 2025-11-27T12:23:20.384Z, pid: 0] > dvc --version - FAILED (6ms)
Command failed with ENOENT: dvc --version
spawn dvc ENOENT
[version: 1.2.29, 2025-11-27T12:23:25.391Z, pid: 72124] > /home/peaches/anaconda3/bin/python -m dvc --version - INITIALIZED
[version: 1.2.29, 2025-11-27T12:23:25.400Z, pid: 72124] > /home/peaches/anaconda3/bin/python -m dvc --version - FAILED with code 1 (15ms)
/home/peaches/anaconda3/bin/python: No module named dvc

[version: 1.2.29, 2025-11-27T12:23:25.405Z, pid: 0] > dvc --version - INITIALIZED
[version: 1.2.29, 2025-11-27T12:23:25.406Z, pid: 0] > dvc --version - FAILED (5ms)
Command failed with ENOENT: dvc --version
spawn dvc ENOENT
[version: 1.2.29, 2025-11-27T12:23:30.412Z, pid: 72126] > /home/peaches/anaconda3/bin/python -m dvc --version - INITIALIZED
[version: 1.2.29, 2025-11-27T12:23:30.422Z, pid: 72126] > /home/peaches/anaconda3/bin/python -m dvc --version - FAILED with code 1 (14ms)
/home/peaches/anaconda3/bin/python: No module named dvc

[version: 1.2.29, 2025-11-27T12:23:30.426Z, pid: 0] > dvc --version - INITIALIZED
[version: 1.2.29, 2025-11-27T12:23:30.427Z, pid: 0] > dvc --version - FAILED (5ms)
Command failed with ENOENT: dvc --version
spawn dvc ENOENT
[version: 1.2.29, 2025-11-27T12:23:35.433Z, pid: 72128] > /home/peaches/anaconda3/bin/python -m dvc --version - INITIALIZED
[version: 1.2.29, 2025-11-27T12:23:35.442Z, pid: 72128] > /home/peaches/anaconda3/bin/python -m dvc --version - FAILED with code 1 (15ms)
/home/peaches/anaconda3/bin/python: No module named dvc

[version: 1.2.29, 2025-11-27T12:23:35.447Z, pid: 0] > dvc --version - INITIALIZED
[version: 1.2.29, 2025-11-27T12:23:35.448Z, pid: 0] > dvc --version - FAILED (5ms)
Command failed with ENOENT: dvc --version
spawn dvc ENOENT
[version: 1.2.29, 2025-11-27T12:23:40.453Z, pid: 72137] > /home/peaches/anaconda3/bin/python -m dvc --version - INITIALIZED
[version: 1.2.29, 2025-11-27T12:23:40.462Z, pid: 72137] > /home/peaches/anaconda3/bin/python -m dvc --version - FAILED with code 1 (13ms)
/home/peaches/anaconda3/bin/python: No module named dvc

[version: 1.2.29, 2025-11-27T12:23:40.467Z, pid: 0] > dvc --version - INITIALIZED
[version: 1.2.29, 2025-11-27T12:23:40.467Z, pid: 0] > dvc --version - FAILED (4ms)
Command failed with ENOENT: dvc --version
spawn dvc ENOENT
[version: 1.2.29, 2025-11-27T12:23:45.472Z, pid: 72178] > /home/peaches/anaconda3/bin/python -m dvc --version - INITIALIZED
[version: 1.2.29, 2025-11-27T12:23:45.482Z, pid: 72178] > /home/peaches/anaconda3/bin/python -m dvc --version - FAILED with code 1 (15ms)
/home/peaches/anaconda3/bin/python: No module named dvc

[version: 1.2.29, 2025-11-27T12:23:45.487Z, pid: 0] > dvc --version - INITIALIZED
[version: 1.2.29, 2025-11-27T12:23:45.487Z, pid: 0] > dvc --version - FAILED (5ms)
Command failed with ENOENT: dvc --version
spawn dvc ENOENT
[version: 1.2.29, 2025-11-27T12:23:50.493Z, pid: 72193] > /home/peaches/anaconda3/bin/python -m dvc --version - INITIALIZED
[version: 1.2.29, 2025-11-27T12:23:50.503Z, pid: 72193] > /home/peaches/anaconda3/bin/python -m dvc --version - FAILED with code 1 (15ms)
/home/peaches/anaconda3/bin/python: No module named dvc

[version: 1.2.29, 2025-11-27T12:23:50.507Z, pid: 0] > dvc --version - INITIALIZED
[version: 1.2.29, 2025-11-27T12:23:50.508Z, pid: 0] > dvc --version - FAILED (5ms)
Command failed with ENOENT: dvc --version
spawn dvc ENOENT
[version: 1.2.29, 2025-11-27T12:23:55.514Z, pid: 72297] > /home/peaches/anaconda3/bin/python -m dvc --version - INITIALIZED
[version: 1.2.29, 2025-11-27T12:23:55.523Z, pid: 72297] > /home/peaches/anaconda3/bin/python -m dvc --version - FAILED with code 1 (14ms)
/home/peaches/anaconda3/bin/python: No module named dvc

[version: 1.2.29, 2025-11-27T12:23:55.527Z, pid: 0] > dvc --version - INITIALIZED
[version: 1.2.29, 2025-11-27T12:23:55.528Z, pid: 0] > dvc --version - FAILED (5ms)
Command failed with ENOENT: dvc --version
spawn dvc ENOENT
[version: 1.2.29, 2025-11-27T12:24:00.533Z, pid: 72304] > /home/peaches/anaconda3/bin/python -m dvc --version - INITIALIZED
[version: 1.2.29, 2025-11-27T12:24:00.543Z, pid: 72304] > /home/peaches/anaconda3/bin/python -m dvc --version - FAILED with code 1 (15ms)
/home/peaches/anaconda3/bin/python: No module named dvc

[version: 1.2.29, 2025-11-27T12:24:00.548Z, pid: 0] > dvc --version - INITIALIZED
[version: 1.2.29, 2025-11-27T12:24:00.548Z, pid: 0] > dvc --version - FAILED (5ms)
Command failed with ENOENT: dvc --version
spawn dvc ENOENT
[version: 1.2.29, 2025-11-27T12:24:05.554Z, pid: 72306] > /home/peaches/anaconda3/bin/python -m dvc --version - INITIALIZED
[version: 1.2.29, 2025-11-27T12:24:05.563Z, pid: 72306] > /home/peaches/anaconda3/bin/python -m dvc --version - FAILED with code 1 (14ms)
/home/peaches/anaconda3/bin/python: No module named dvc

[version: 1.2.29, 2025-11-27T12:24:05.567Z, pid: 0] > dvc --version - INITIALIZED
[version: 1.2.29, 2025-11-27T12:24:05.568Z, pid: 0] > dvc --version - FAILED (5ms)
Command failed with ENOENT: dvc --version
spawn dvc ENOENT
[version: 1.2.29, 2025-11-27T12:24:10.575Z, pid: 72308] > /home/peaches/anaconda3/bin/python -m dvc --version - INITIALIZED
[version: 1.2.29, 2025-11-27T12:24:10.584Z, pid: 72308] > /home/peaches/anaconda3/bin/python -m dvc --version - FAILED with code 1 (15ms)
/home/peaches/anaconda3/bin/python: No module named dvc

[version: 1.2.29, 2025-11-27T12:24:10.588Z, pid: 0] > dvc --version - INITIALIZED
[version: 1.2.29, 2025-11-27T12:24:10.589Z, pid: 0] > dvc --version - FAILED (5ms)
Command failed with ENOENT: dvc --version
spawn dvc ENOENT
[version: 1.2.29, 2025-11-27T12:24:15.596Z, pid: 72310] > /home/peaches/anaconda3/bin/python -m dvc --version - INITIALIZED
[version: 1.2.29, 2025-11-27T12:24:15.605Z, pid: 72310] > /home/peaches/anaconda3/bin/python -m dvc --version - FAILED with code 1 (15ms)
/home/peaches/anaconda3/bin/python: No module named dvc

[version: 1.2.29, 2025-11-27T12:24:15.609Z, pid: 0] > dvc --version - INITIALIZED
[version: 1.2.29, 2025-11-27T12:24:15.610Z, pid: 0] > dvc --version - FAILED (5ms)
Command failed with ENOENT: dvc --version
spawn dvc ENOENT
[version: 1.2.29, 2025-11-27T12:24:20.614Z, pid: 72312] > /home/peaches/anaconda3/bin/python -m dvc --version - INITIALIZED
[version: 1.2.29, 2025-11-27T12:24:20.623Z, pid: 72312] > /home/peaches/anaconda3/bin/python -m dvc --version - FAILED with code 1 (13ms)
/home/peaches/anaconda3/bin/python: No module named dvc

[version: 1.2.29, 2025-11-27T12:24:20.628Z, pid: 0] > dvc --version - INITIALIZED
[version: 1.2.29, 2025-11-27T12:24:20.629Z, pid: 0] > dvc --version - FAILED (5ms)
Command failed with ENOENT: dvc --version
spawn dvc ENOENT
[version: 1.2.29, 2025-11-27T12:24:25.634Z, pid: 72314] > /home/peaches/anaconda3/bin/python -m dvc --version - INITIALIZED
[version: 1.2.29, 2025-11-27T12:24:25.643Z, pid: 72314] > /home/peaches/anaconda3/bin/python -m dvc --version - FAILED with code 1 (13ms)
/home/peaches/anaconda3/bin/python: No module named dvc

[version: 1.2.29, 2025-11-27T12:24:25.648Z, pid: 0] > dvc --version - INITIALIZED
[version: 1.2.29, 2025-11-27T12:24:25.649Z, pid: 0] > dvc --version - FAILED (4ms)
Command failed with ENOENT: dvc --version
spawn dvc ENOENT
[version: 1.2.29, 2025-11-27T12:24:30.654Z, pid: 72318] > /home/peaches/anaconda3/bin/python -m dvc --version - INITIALIZED
[version: 1.2.29, 2025-11-27T12:24:30.663Z, pid: 72318] > /home/peaches/anaconda3/bin/python -m dvc --version - FAILED with code 1 (14ms)
/home/peaches/anaconda3/bin/python: No module named dvc

[version: 1.2.29, 2025-11-27T12:24:30.670Z, pid: 0] > dvc --version - INITIALIZED
[version: 1.2.29, 2025-11-27T12:24:30.671Z, pid: 0] > dvc --version - FAILED (7ms)
Command failed with ENOENT: dvc --version
spawn dvc ENOENT
[version: 1.2.29, 2025-11-27T12:24:35.676Z, pid: 72320] > /home/peaches/anaconda3/bin/python -m dvc --version - INITIALIZED
[version: 1.2.29, 2025-11-27T12:24:35.686Z, pid: 72320] > /home/peaches/anaconda3/bin/python -m dvc --version - FAILED with code 1 (14ms)
/home/peaches/anaconda3/bin/python: No module named dvc

[version: 1.2.29, 2025-11-27T12:24:35.691Z, pid: 0] > dvc --version - INITIALIZED
[version: 1.2.29, 2025-11-27T12:24:35.691Z, pid: 0] > dvc --version - FAILED (5ms)
Command failed with ENOENT: dvc --version
spawn dvc ENOENT
[version: 1.2.29, 2025-11-27T12:24:40.697Z, pid: 72323] > /home/peaches/anaconda3/bin/python -m dvc --version - INITIALIZED
[version: 1.2.29, 2025-11-27T12:24:40.707Z, pid: 72323] > /home/peaches/anaconda3/bin/python -m dvc --version - FAILED with code 1 (16ms)
/home/peaches/anaconda3/bin/python: No module named dvc

[version: 1.2.29, 2025-11-27T12:24:40.711Z, pid: 0] > dvc --version - INITIALIZED
[version: 1.2.29, 2025-11-27T12:24:40.712Z, pid: 0] > dvc --version - FAILED (5ms)
Command failed with ENOENT: dvc --version
spawn dvc ENOENT
[version: 1.2.29, 2025-11-27T12:24:45.717Z, pid: 72327] > /home/peaches/anaconda3/bin/python -m dvc --version - INITIALIZED
[version: 1.2.29, 2025-11-27T12:24:45.727Z, pid: 72327] > /home/peaches/anaconda3/bin/python -m dvc --version - FAILED with code 1 (15ms)
/home/peaches/anaconda3/bin/python: No module named dvc

[version: 1.2.29, 2025-11-27T12:24:45.732Z, pid: 0] > dvc --version - INITIALIZED
[version: 1.2.29, 2025-11-27T12:24:45.733Z, pid: 0] > dvc --version - FAILED (5ms)
Command failed with ENOENT: dvc --version
spawn dvc ENOENT
[version: 1.2.29, 2025-11-27T12:24:50.738Z, pid: 72331] > /home/peaches/anaconda3/bin/python -m dvc --version - INITIALIZED
[version: 1.2.29, 2025-11-27T12:24:50.747Z, pid: 72331] > /home/peaches/anaconda3/bin/python -m dvc --version - FAILED with code 1 (14ms)
/home/peaches/anaconda3/bin/python: No module named dvc

[version: 1.2.29, 2025-11-27T12:24:50.752Z, pid: 0] > dvc --version - INITIALIZED
[version: 1.2.29, 2025-11-27T12:24:50.753Z, pid: 0] > dvc --version - FAILED (6ms)
Command failed with ENOENT: dvc --version
spawn dvc ENOENT
[version: 1.2.29, 2025-11-27T12:24:55.758Z, pid: 72333] > /home/peaches/anaconda3/bin/python -m dvc --version - INITIALIZED
[version: 1.2.29, 2025-11-27T12:24:55.768Z, pid: 72333] > /home/peaches/anaconda3/bin/python -m dvc --version - FAILED with code 1 (14ms)
/home/peaches/anaconda3/bin/python: No module named dvc

[version: 1.2.29, 2025-11-27T12:24:55.773Z, pid: 0] > dvc --version - INITIALIZED
[version: 1.2.29, 2025-11-27T12:24:55.774Z, pid: 0] > dvc --version - FAILED (5ms)
Command failed with ENOENT: dvc --version
spawn dvc ENOENT
[version: 1.2.29, 2025-11-27T12:25:00.781Z, pid: 72337] > /home/peaches/anaconda3/bin/python -m dvc --version - INITIALIZED
[version: 1.2.29, 2025-11-27T12:25:00.790Z, pid: 72337] > /home/peaches/anaconda3/bin/python -m dvc --version - FAILED with code 1 (15ms)
/home/peaches/anaconda3/bin/python: No module named dvc

[version: 1.2.29, 2025-11-27T12:25:00.794Z, pid: 0] > dvc --version - INITIALIZED
[version: 1.2.29, 2025-11-27T12:25:00.797Z, pid: 0] > dvc --version - FAILED (7ms)
Command failed with ENOENT: dvc --version
spawn dvc ENOENT
[version: 1.2.29, 2025-11-27T12:25:05.803Z, pid: 72341] > /home/peaches/anaconda3/bin/python -m dvc --version - INITIALIZED
[version: 1.2.29, 2025-11-27T12:25:05.813Z, pid: 72341] > /home/peaches/anaconda3/bin/python -m dvc --version - FAILED with code 1 (16ms)
/home/peaches/anaconda3/bin/python: No module named dvc

[version: 1.2.29, 2025-11-27T12:25:05.817Z, pid: 0] > dvc --version - INITIALIZED
[version: 1.2.29, 2025-11-27T12:25:05.818Z, pid: 0] > dvc --version - FAILED (5ms)
Command failed with ENOENT: dvc --version
spawn dvc ENOENT
[version: 1.2.29, 2025-11-27T12:25:10.824Z, pid: 72345] > /home/peaches/anaconda3/bin/python -m dvc --version - INITIALIZED
[version: 1.2.29, 2025-11-27T12:25:10.833Z, pid: 72345] > /home/peaches/anaconda3/bin/python -m dvc --version - FAILED with code 1 (14ms)
/home/peaches/anaconda3/bin/python: No module named dvc

[version: 1.2.29, 2025-11-27T12:25:10.838Z, pid: 0] > dvc --version - INITIALIZED
[version: 1.2.29, 2025-11-27T12:25:10.839Z, pid: 0] > dvc --version - FAILED (5ms)
Command failed with ENOENT: dvc --version
spawn dvc ENOENT
[version: 1.2.29, 2025-11-27T12:25:15.845Z, pid: 72347] > /home/peaches/anaconda3/bin/python -m dvc --version - INITIALIZED
[version: 1.2.29, 2025-11-27T12:25:15.854Z, pid: 72347] > /home/peaches/anaconda3/bin/python -m dvc --version - FAILED with code 1 (15ms)
/home/peaches/anaconda3/bin/python: No module named dvc

[version: 1.2.29, 2025-11-27T12:25:15.859Z, pid: 0] > dvc --version - INITIALIZED
[version: 1.2.29, 2025-11-27T12:25:15.860Z, pid: 0] > dvc --version - FAILED (5ms)
Command failed with ENOENT: dvc --version
spawn dvc ENOENT
[version: 1.2.29, 2025-11-27T12:25:20.867Z, pid: 72349] > /home/peaches/anaconda3/bin/python -m dvc --version - INITIALIZED
[version: 1.2.29, 2025-11-27T12:25:20.876Z, pid: 72349] > /home/peaches/anaconda3/bin/python -m dvc --version - FAILED with code 1 (16ms)
/home/peaches/anaconda3/bin/python: No module named dvc

[version: 1.2.29, 2025-11-27T12:25:20.881Z, pid: 0] > dvc --version - INITIALIZED
[version: 1.2.29, 2025-11-27T12:25:20.882Z, pid: 0] > dvc --version - FAILED (5ms)
Command failed with ENOENT: dvc --version
spawn dvc ENOENT
[version: 1.2.29, 2025-11-27T12:25:25.888Z, pid: 72351] > /home/peaches/anaconda3/bin/python -m dvc --version - INITIALIZED
[version: 1.2.29, 2025-11-27T12:25:25.897Z, pid: 72351] > /home/peaches/anaconda3/bin/python -m dvc --version - FAILED with code 1 (14ms)
/home/peaches/anaconda3/bin/python: No module named dvc

[version: 1.2.29, 2025-11-27T12:25:25.902Z, pid: 0] > dvc --version - INITIALIZED
[version: 1.2.29, 2025-11-27T12:25:25.903Z, pid: 0] > dvc --version - FAILED (5ms)
Command failed with ENOENT: dvc --version
spawn dvc ENOENT
[version: 1.2.29, 2025-11-27T12:25:30.910Z, pid: 72353] > /home/peaches/anaconda3/bin/python -m dvc --version - INITIALIZED
[version: 1.2.29, 2025-11-27T12:25:30.920Z, pid: 72353] > /home/peaches/anaconda3/bin/python -m dvc --version - FAILED with code 1 (16ms)
/home/peaches/anaconda3/bin/python: No module named dvc

[version: 1.2.29, 2025-11-27T12:25:30.925Z, pid: 0] > dvc --version - INITIALIZED
[version: 1.2.29, 2025-11-27T12:25:30.925Z, pid: 0] > dvc --version - FAILED (5ms)
Command failed with ENOENT: dvc --version
spawn dvc ENOENT
[version: 1.2.29, 2025-11-27T12:25:35.931Z, pid: 72355] > /home/peaches/anaconda3/bin/python -m dvc --version - INITIALIZED
[version: 1.2.29, 2025-11-27T12:25:35.941Z, pid: 72355] > /home/peaches/anaconda3/bin/python -m dvc --version - FAILED with code 1 (15ms)
/home/peaches/anaconda3/bin/python: No module named dvc

[version: 1.2.29, 2025-11-27T12:25:35.945Z, pid: 0] > dvc --version - INITIALIZED
[version: 1.2.29, 2025-11-27T12:25:35.946Z, pid: 0] > dvc --version - FAILED (5ms)
Command failed with ENOENT: dvc --version
spawn dvc ENOENT
[version: 1.2.29, 2025-11-27T12:25:40.952Z, pid: 72357] > /home/peaches/anaconda3/bin/python -m dvc --version - INITIALIZED
[version: 1.2.29, 2025-11-27T12:25:40.961Z, pid: 72357] > /home/peaches/anaconda3/bin/python -m dvc --version - FAILED with code 1 (14ms)
/home/peaches/anaconda3/bin/python: No module named dvc

[version: 1.2.29, 2025-11-27T12:25:40.966Z, pid: 0] > dvc --version - INITIALIZED
[version: 1.2.29, 2025-11-27T12:25:40.967Z, pid: 0] > dvc --version - FAILED (6ms)
Command failed with ENOENT: dvc --version
spawn dvc ENOENT
[version: 1.2.29, 2025-11-27T12:25:45.973Z, pid: 72359] > /home/peaches/anaconda3/bin/python -m dvc --version - INITIALIZED
[version: 1.2.29, 2025-11-27T12:25:45.982Z, pid: 72359] > /home/peaches/anaconda3/bin/python -m dvc --version - FAILED with code 1 (14ms)
/home/peaches/anaconda3/bin/python: No module named dvc

[version: 1.2.29, 2025-11-27T12:25:45.987Z, pid: 0] > dvc --version - INITIALIZED
[version: 1.2.29, 2025-11-27T12:25:45.988Z, pid: 0] > dvc --version - FAILED (6ms)
Command failed with ENOENT: dvc --version
spawn dvc ENOENT
[version: 1.2.29, 2025-11-27T12:25:50.993Z, pid: 72363] > /home/peaches/anaconda3/bin/python -m dvc --version - INITIALIZED
[version: 1.2.29, 2025-11-27T12:25:51.003Z, pid: 72363] > /home/peaches/anaconda3/bin/python -m dvc --version - FAILED with code 1 (15ms)
/home/peaches/anaconda3/bin/python: No module named dvc

[version: 1.2.29, 2025-11-27T12:25:51.008Z, pid: 0] > dvc --version - INITIALIZED
[version: 1.2.29, 2025-11-27T12:25:51.009Z, pid: 0] > dvc --version - FAILED (5ms)
Command failed with ENOENT: dvc --version
spawn dvc ENOENT
[version: 1.2.29, 2025-11-27T12:25:56.016Z, pid: 72367] > /home/peaches/anaconda3/bin/python -m dvc --version - INITIALIZED
[version: 1.2.29, 2025-11-27T12:25:56.025Z, pid: 72367] > /home/peaches/anaconda3/bin/python -m dvc --version - FAILED with code 1 (15ms)
/home/peaches/anaconda3/bin/python: No module named dvc

[version: 1.2.29, 2025-11-27T12:25:56.029Z, pid: 0] > dvc --version - INITIALIZED
[version: 1.2.29, 2025-11-27T12:25:56.030Z, pid: 0] > dvc --version - FAILED (5ms)
Command failed with ENOENT: dvc --version
spawn dvc ENOENT
[version: 1.2.29, 2025-11-27T12:26:01.038Z, pid: 72371] > /home/peaches/anaconda3/bin/python -m dvc --version - INITIALIZED
[version: 1.2.29, 2025-11-27T12:26:01.048Z, pid: 72371] > /home/peaches/anaconda3/bin/python -m dvc --version - FAILED with code 1 (17ms)
/home/peaches/anaconda3/bin/python: No module named dvc

[version: 1.2.29, 2025-11-27T12:26:01.052Z, pid: 0] > dvc --version - INITIALIZED
[version: 1.2.29, 2025-11-27T12:26:01.053Z, pid: 0] > dvc --version - FAILED (5ms)
Command failed with ENOENT: dvc --version
spawn dvc ENOENT
[version: 1.2.29, 2025-11-27T12:26:06.058Z, pid: 72373] > /home/peaches/anaconda3/bin/python -m dvc --version - INITIALIZED
[version: 1.2.29, 2025-11-27T12:26:06.068Z, pid: 72373] > /home/peaches/anaconda3/bin/python -m dvc --version - FAILED with code 1 (14ms)
/home/peaches/anaconda3/bin/python: No module named dvc

[version: 1.2.29, 2025-11-27T12:26:06.072Z, pid: 0] > dvc --version - INITIALIZED
[version: 1.2.29, 2025-11-27T12:26:06.073Z, pid: 0] > dvc --version - FAILED (5ms)
Command failed with ENOENT: dvc --version
spawn dvc ENOENT
[version: 1.2.29, 2025-11-27T12:26:11.079Z, pid: 72376] > /home/peaches/anaconda3/bin/python -m dvc --version - INITIALIZED
[version: 1.2.29, 2025-11-27T12:26:11.088Z, pid: 72376] > /home/peaches/anaconda3/bin/python -m dvc --version - FAILED with code 1 (14ms)
/home/peaches/anaconda3/bin/python: No module named dvc

[version: 1.2.29, 2025-11-27T12:26:11.093Z, pid: 0] > dvc --version - INITIALIZED
[version: 1.2.29, 2025-11-27T12:26:11.094Z, pid: 0] > dvc --version - FAILED (5ms)
Command failed with ENOENT: dvc --version
spawn dvc ENOENT
[version: 1.2.29, 2025-11-27T12:26:16.099Z, pid: 72382] > /home/peaches/anaconda3/bin/python -m dvc --version - INITIALIZED
[version: 1.2.29, 2025-11-27T12:26:16.109Z, pid: 72382] > /home/peaches/anaconda3/bin/python -m dvc --version - FAILED with code 1 (15ms)
/home/peaches/anaconda3/bin/python: No module named dvc

[version: 1.2.29, 2025-11-27T12:26:16.113Z, pid: 0] > dvc --version - INITIALIZED
[version: 1.2.29, 2025-11-27T12:26:16.114Z, pid: 0] > dvc --version - FAILED (5ms)
Command failed with ENOENT: dvc --version
spawn dvc ENOENT
[version: 1.2.29, 2025-11-27T12:26:21.120Z, pid: 72384] > /home/peaches/anaconda3/bin/python -m dvc --version - INITIALIZED
[version: 1.2.29, 2025-11-27T12:26:21.130Z, pid: 72384] > /home/peaches/anaconda3/bin/python -m dvc --version - FAILED with code 1 (15ms)
/home/peaches/anaconda3/bin/python: No module named dvc

[version: 1.2.29, 2025-11-27T12:26:21.134Z, pid: 0] > dvc --version - INITIALIZED
[version: 1.2.29, 2025-11-27T12:26:21.135Z, pid: 0] > dvc --version - FAILED (5ms)
Command failed with ENOENT: dvc --version
spawn dvc ENOENT
[version: 1.2.29, 2025-11-27T12:26:26.140Z, pid: 72388] > /home/peaches/anaconda3/bin/python -m dvc --version - INITIALIZED
[version: 1.2.29, 2025-11-27T12:26:26.149Z, pid: 72388] > /home/peaches/anaconda3/bin/python -m dvc --version - FAILED with code 1 (14ms)
/home/peaches/anaconda3/bin/python: No module named dvc

[version: 1.2.29, 2025-11-27T12:26:26.154Z, pid: 0] > dvc --version - INITIALIZED
[version: 1.2.29, 2025-11-27T12:26:26.155Z, pid: 0] > dvc --version - FAILED (5ms)
Command failed with ENOENT: dvc --version
spawn dvc ENOENT
[version: 1.2.29, 2025-11-27T12:26:31.162Z, pid: 72392] > /home/peaches/anaconda3/bin/python -m dvc --version - INITIALIZED
[version: 1.2.29, 2025-11-27T12:26:31.171Z, pid: 72392] > /home/peaches/anaconda3/bin/python -m dvc --version - FAILED with code 1 (15ms)
/home/peaches/anaconda3/bin/python: No module named dvc

[version: 1.2.29, 2025-11-27T12:26:31.175Z, pid: 0] > dvc --version - INITIALIZED
[version: 1.2.29, 2025-11-27T12:26:31.176Z, pid: 0] > dvc --version - FAILED (5ms)
Command failed with ENOENT: dvc --version
spawn dvc ENOENT
[version: 1.2.29, 2025-11-27T12:26:36.182Z, pid: 72416] > /home/peaches/anaconda3/bin/python -m dvc --version - INITIALIZED
[version: 1.2.29, 2025-11-27T12:26:36.191Z, pid: 72416] > /home/peaches/anaconda3/bin/python -m dvc --version - FAILED with code 1 (14ms)
/home/peaches/anaconda3/bin/python: No module named dvc

[version: 1.2.29, 2025-11-27T12:26:36.196Z, pid: 0] > dvc --version - INITIALIZED
[version: 1.2.29, 2025-11-27T12:26:36.196Z, pid: 0] > dvc --version - FAILED (4ms)
Command failed with ENOENT: dvc --version
spawn dvc ENOENT
[version: 1.2.29, 2025-11-27T12:26:41.201Z, pid: 72449] > /home/peaches/anaconda3/bin/python -m dvc --version - INITIALIZED
[version: 1.2.29, 2025-11-27T12:26:41.210Z, pid: 72449] > /home/peaches/anaconda3/bin/python -m dvc --version - FAILED with code 1 (13ms)
/home/peaches/anaconda3/bin/python: No module named dvc

[version: 1.2.29, 2025-11-27T12:26:41.215Z, pid: 0] > dvc --version - INITIALIZED
[version: 1.2.29, 2025-11-27T12:26:41.215Z, pid: 0] > dvc --version - FAILED (4ms)
Command failed with ENOENT: dvc --version
spawn dvc ENOENT
[version: 1.2.29, 2025-11-27T12:26:46.220Z, pid: 72457] > /home/peaches/anaconda3/bin/python -m dvc --version - INITIALIZED
[version: 1.2.29, 2025-11-27T12:26:46.229Z, pid: 72457] > /home/peaches/anaconda3/bin/python -m dvc --version - FAILED with code 1 (13ms)
/home/peaches/anaconda3/bin/python: No module named dvc

[version: 1.2.29, 2025-11-27T12:26:46.234Z, pid: 0] > dvc --version - INITIALIZED
[version: 1.2.29, 2025-11-27T12:26:46.234Z, pid: 0] > dvc --version - FAILED (5ms)
Command failed with ENOENT: dvc --version
spawn dvc ENOENT
[version: 1.2.29, 2025-11-27T12:26:51.240Z, pid: 72462] > /home/peaches/anaconda3/bin/python -m dvc --version - INITIALIZED
[version: 1.2.29, 2025-11-27T12:26:51.249Z, pid: 72462] > /home/peaches/anaconda3/bin/python -m dvc --version - FAILED with code 1 (15ms)
/home/peaches/anaconda3/bin/python: No module named dvc

[version: 1.2.29, 2025-11-27T12:26:51.254Z, pid: 0] > dvc --version - INITIALIZED
[version: 1.2.29, 2025-11-27T12:26:51.254Z, pid: 0] > dvc --version - FAILED (5ms)
Command failed with ENOENT: dvc --version
spawn dvc ENOENT
[version: 1.2.29, 2025-11-27T12:26:56.261Z, pid: 72468] > /home/peaches/anaconda3/bin/python -m dvc --version - INITIALIZED
[version: 1.2.29, 2025-11-27T12:26:56.270Z, pid: 72468] > /home/peaches/anaconda3/bin/python -m dvc --version - FAILED with code 1 (15ms)
/home/peaches/anaconda3/bin/python: No module named dvc

[version: 1.2.29, 2025-11-27T12:26:56.275Z, pid: 0] > dvc --version - INITIALIZED
[version: 1.2.29, 2025-11-27T12:26:56.275Z, pid: 0] > dvc --version - FAILED (5ms)
Command failed with ENOENT: dvc --version
spawn dvc ENOENT
[version: 1.2.29, 2025-11-27T12:27:01.280Z, pid: 72474] > /home/peaches/anaconda3/bin/python -m dvc --version - INITIALIZED
[version: 1.2.29, 2025-11-27T12:27:01.290Z, pid: 72474] > /home/peaches/anaconda3/bin/python -m dvc --version - FAILED with code 1 (14ms)
/home/peaches/anaconda3/bin/python: No module named dvc

[version: 1.2.29, 2025-11-27T12:27:01.295Z, pid: 0] > dvc --version - INITIALIZED
[version: 1.2.29, 2025-11-27T12:27:01.295Z, pid: 0] > dvc --version - FAILED (5ms)
Command failed with ENOENT: dvc --version
spawn dvc ENOENT
[version: 1.2.29, 2025-11-27T12:27:06.301Z, pid: 72476] > /home/peaches/anaconda3/bin/python -m dvc --version - INITIALIZED
[version: 1.2.29, 2025-11-27T12:27:06.310Z, pid: 72476] > /home/peaches/anaconda3/bin/python -m dvc --version - FAILED with code 1 (14ms)
/home/peaches/anaconda3/bin/python: No module named dvc

[version: 1.2.29, 2025-11-27T12:27:06.315Z, pid: 0] > dvc --version - INITIALIZED
[version: 1.2.29, 2025-11-27T12:27:06.316Z, pid: 0] > dvc --version - FAILED (5ms)
Command failed with ENOENT: dvc --version
spawn dvc ENOENT
[version: 1.2.29, 2025-11-27T12:27:11.321Z, pid: 72479] > /home/peaches/anaconda3/bin/python -m dvc --version - INITIALIZED
[version: 1.2.29, 2025-11-27T12:27:11.332Z, pid: 72479] > /home/peaches/anaconda3/bin/python -m dvc --version - FAILED with code 1 (15ms)
/home/peaches/anaconda3/bin/python: No module named dvc

[version: 1.2.29, 2025-11-27T12:27:11.336Z, pid: 0] > dvc --version - INITIALIZED
[version: 1.2.29, 2025-11-27T12:27:11.337Z, pid: 0] > dvc --version - FAILED (5ms)
Command failed with ENOENT: dvc --version
spawn dvc ENOENT
[version: 1.2.29, 2025-11-27T12:27:16.342Z, pid: 72607] > /home/peaches/anaconda3/bin/python -m dvc --version - INITIALIZED
[version: 1.2.29, 2025-11-27T12:27:16.351Z, pid: 72607] > /home/peaches/anaconda3/bin/python -m dvc --version - FAILED with code 1 (14ms)
/home/peaches/anaconda3/bin/python: No module named dvc

[version: 1.2.29, 2025-11-27T12:27:16.355Z, pid: 0] > dvc --version - INITIALIZED
[version: 1.2.29, 2025-11-27T12:27:16.356Z, pid: 0] > dvc --version - FAILED (4ms)
Command failed with ENOENT: dvc --version
spawn dvc ENOENT
[version: 1.2.29, 2025-11-27T12:27:21.361Z, pid: 72626] > /home/peaches/anaconda3/bin/python -m dvc --version - INITIALIZED
[version: 1.2.29, 2025-11-27T12:27:21.370Z, pid: 72626] > /home/peaches/anaconda3/bin/python -m dvc --version - FAILED with code 1 (14ms)
/home/peaches/anaconda3/bin/python: No module named dvc

[version: 1.2.29, 2025-11-27T12:27:21.375Z, pid: 0] > dvc --version - INITIALIZED
[version: 1.2.29, 2025-11-27T12:27:21.376Z, pid: 0] > dvc --version - FAILED (5ms)
Command failed with ENOENT: dvc --version
spawn dvc ENOENT
[version: 1.2.29, 2025-11-27T12:27:26.381Z, pid: 72629] > /home/peaches/anaconda3/bin/python -m dvc --version - INITIALIZED
[version: 1.2.29, 2025-11-27T12:27:26.391Z, pid: 72629] > /home/peaches/anaconda3/bin/python -m dvc --version - FAILED with code 1 (15ms)
/home/peaches/anaconda3/bin/python: No module named dvc

[version: 1.2.29, 2025-11-27T12:27:26.395Z, pid: 0] > dvc --version - INITIALIZED
[version: 1.2.29, 2025-11-27T12:27:26.396Z, pid: 0] > dvc --version - FAILED (5ms)
Command failed with ENOENT: dvc --version
spawn dvc ENOENT
[version: 1.2.29, 2025-11-27T12:27:31.400Z, pid: 72777] > /home/peaches/anaconda3/bin/python -m dvc --version - INITIALIZED
[version: 1.2.29, 2025-11-27T12:27:31.410Z, pid: 72777] > /home/peaches/anaconda3/bin/python -m dvc --version - FAILED with code 1 (14ms)
/home/peaches/anaconda3/bin/python: No module named dvc

[version: 1.2.29, 2025-11-27T12:27:31.415Z, pid: 0] > dvc --version - INITIALIZED
[version: 1.2.29, 2025-11-27T12:27:31.416Z, pid: 0] > dvc --version - FAILED (6ms)
Command failed with ENOENT: dvc --version
spawn dvc ENOENT
[version: 1.2.29, 2025-11-27T12:27:36.421Z, pid: 72810] > /home/peaches/anaconda3/bin/python -m dvc --version - INITIALIZED
[version: 1.2.29, 2025-11-27T12:27:36.431Z, pid: 72810] > /home/peaches/anaconda3/bin/python -m dvc --version - FAILED with code 1 (14ms)
/home/peaches/anaconda3/bin/python: No module named dvc

[version: 1.2.29, 2025-11-27T12:27:36.436Z, pid: 0] > dvc --version - INITIALIZED
[version: 1.2.29, 2025-11-27T12:27:36.437Z, pid: 0] > dvc --version - FAILED (5ms)
Command failed with ENOENT: dvc --version
spawn dvc ENOENT
[version: 1.2.29, 2025-11-27T12:27:41.442Z, pid: 72812] > /home/peaches/anaconda3/bin/python -m dvc --version - INITIALIZED
[version: 1.2.29, 2025-11-27T12:27:41.452Z, pid: 72812] > /home/peaches/anaconda3/bin/python -m dvc --version - FAILED with code 1 (15ms)
/home/peaches/anaconda3/bin/python: No module named dvc

[version: 1.2.29, 2025-11-27T12:27:41.457Z, pid: 0] > dvc --version - INITIALIZED
[version: 1.2.29, 2025-11-27T12:27:41.458Z, pid: 0] > dvc --version - FAILED (5ms)
Command failed with ENOENT: dvc --version
spawn dvc ENOENT
[version: 1.2.29, 2025-11-27T12:27:46.463Z, pid: 72816] > /home/peaches/anaconda3/bin/python -m dvc --version - INITIALIZED
[version: 1.2.29, 2025-11-27T12:27:46.473Z, pid: 72816] > /home/peaches/anaconda3/bin/python -m dvc --version - FAILED with code 1 (15ms)
/home/peaches/anaconda3/bin/python: No module named dvc

[version: 1.2.29, 2025-11-27T12:27:46.478Z, pid: 0] > dvc --version - INITIALIZED
[version: 1.2.29, 2025-11-27T12:27:46.479Z, pid: 0] > dvc --version - FAILED (6ms)
Command failed with ENOENT: dvc --version
spawn dvc ENOENT
[version: 1.2.29, 2025-11-27T12:27:51.484Z, pid: 72829] > /home/peaches/anaconda3/bin/python -m dvc --version - INITIALIZED
[version: 1.2.29, 2025-11-27T12:27:51.496Z, pid: 72829] > /home/peaches/anaconda3/bin/python -m dvc --version - FAILED with code 1 (17ms)
/home/peaches/anaconda3/bin/python: No module named dvc

[version: 1.2.29, 2025-11-27T12:27:51.500Z, pid: 0] > dvc --version - INITIALIZED
[version: 1.2.29, 2025-11-27T12:27:51.501Z, pid: 0] > dvc --version - FAILED (5ms)
Command failed with ENOENT: dvc --version
spawn dvc ENOENT
[version: 1.2.29, 2025-11-27T12:27:56.506Z, pid: 73156] > /home/peaches/anaconda3/bin/python -m dvc --version - INITIALIZED
[version: 1.2.29, 2025-11-27T12:27:56.515Z, pid: 73156] > /home/peaches/anaconda3/bin/python -m dvc --version - FAILED with code 1 (14ms)
/home/peaches/anaconda3/bin/python: No module named dvc

[version: 1.2.29, 2025-11-27T12:27:56.520Z, pid: 0] > dvc --version - INITIALIZED
[version: 1.2.29, 2025-11-27T12:27:56.521Z, pid: 0] > dvc --version - FAILED (5ms)
Command failed with ENOENT: dvc --version
spawn dvc ENOENT
[version: 1.2.29, 2025-11-27T12:28:01.526Z, pid: 73158] > /home/peaches/anaconda3/bin/python -m dvc --version - INITIALIZED
[version: 1.2.29, 2025-11-27T12:28:01.536Z, pid: 73158] > /home/peaches/anaconda3/bin/python -m dvc --version - FAILED with code 1 (15ms)
/home/peaches/anaconda3/bin/python: No module named dvc

[version: 1.2.29, 2025-11-27T12:28:01.540Z, pid: 0] > dvc --version - INITIALIZED
[version: 1.2.29, 2025-11-27T12:28:01.541Z, pid: 0] > dvc --version - FAILED (5ms)
Command failed with ENOENT: dvc --version
spawn dvc ENOENT
[version: 1.2.29, 2025-11-27T12:28:06.546Z, pid: 73167] > /home/peaches/anaconda3/bin/python -m dvc --version - INITIALIZED
[version: 1.2.29, 2025-11-27T12:28:06.556Z, pid: 73167] > /home/peaches/anaconda3/bin/python -m dvc --version - FAILED with code 1 (14ms)
/home/peaches/anaconda3/bin/python: No module named dvc

[version: 1.2.29, 2025-11-27T12:28:06.561Z, pid: 0] > dvc --version - INITIALIZED
[version: 1.2.29, 2025-11-27T12:28:06.562Z, pid: 0] > dvc --version - FAILED (6ms)
Command failed with ENOENT: dvc --version
spawn dvc ENOENT
[version: 1.2.29, 2025-11-27T12:28:11.568Z, pid: 73169] > /home/peaches/anaconda3/bin/python -m dvc --version - INITIALIZED
[version: 1.2.29, 2025-11-27T12:28:11.578Z, pid: 73169] > /home/peaches/anaconda3/bin/python -m dvc --version - FAILED with code 1 (15ms)
/home/peaches/anaconda3/bin/python: No module named dvc

[version: 1.2.29, 2025-11-27T12:28:11.584Z, pid: 0] > dvc --version - INITIALIZED
[version: 1.2.29, 2025-11-27T12:28:11.585Z, pid: 0] > dvc --version - FAILED (5ms)
Command failed with ENOENT: dvc --version
spawn dvc ENOENT
[version: 1.2.29, 2025-11-27T12:28:16.589Z, pid: 73173] > /home/peaches/anaconda3/bin/python -m dvc --version - INITIALIZED
[version: 1.2.29, 2025-11-27T12:28:16.599Z, pid: 73173] > /home/peaches/anaconda3/bin/python -m dvc --version - FAILED with code 1 (15ms)
/home/peaches/anaconda3/bin/python: No module named dvc

[version: 1.2.29, 2025-11-27T12:28:16.604Z, pid: 0] > dvc --version - INITIALIZED
[version: 1.2.29, 2025-11-27T12:28:16.605Z, pid: 0] > dvc --version - FAILED (6ms)
Command failed with ENOENT: dvc --version
spawn dvc ENOENT
[version: 1.2.29, 2025-11-27T12:28:21.611Z, pid: 73175] > /home/peaches/anaconda3/bin/python -m dvc --version - INITIALIZED
[version: 1.2.29, 2025-11-27T12:28:21.620Z, pid: 73175] > /home/peaches/anaconda3/bin/python -m dvc --version - FAILED with code 1 (14ms)
/home/peaches/anaconda3/bin/python: No module named dvc

[version: 1.2.29, 2025-11-27T12:28:21.625Z, pid: 0] > dvc --version - INITIALIZED
[version: 1.2.29, 2025-11-27T12:28:21.626Z, pid: 0] > dvc --version - FAILED (5ms)
Command failed with ENOENT: dvc --version
spawn dvc ENOENT
[version: 1.2.29, 2025-11-27T12:28:26.631Z, pid: 73178] > /home/peaches/anaconda3/bin/python -m dvc --version - INITIALIZED
[version: 1.2.29, 2025-11-27T12:28:26.641Z, pid: 73178] > /home/peaches/anaconda3/bin/python -m dvc --version - FAILED with code 1 (14ms)
/home/peaches/anaconda3/bin/python: No module named dvc

[version: 1.2.29, 2025-11-27T12:28:26.646Z, pid: 0] > dvc --version - INITIALIZED
[version: 1.2.29, 2025-11-27T12:28:26.647Z, pid: 0] > dvc --version - FAILED (4ms)
Command failed with ENOENT: dvc --version
spawn dvc ENOENT
[version: 1.2.29, 2025-11-27T12:28:31.652Z, pid: 73180] > /home/peaches/anaconda3/bin/python -m dvc --version - INITIALIZED
[version: 1.2.29, 2025-11-27T12:28:31.661Z, pid: 73180] > /home/peaches/anaconda3/bin/python -m dvc --version - FAILED with code 1 (15ms)
/home/peaches/anaconda3/bin/python: No module named dvc

[version: 1.2.29, 2025-11-27T12:28:31.665Z, pid: 0] > dvc --version - INITIALIZED
[version: 1.2.29, 2025-11-27T12:28:31.666Z, pid: 0] > dvc --version - FAILED (5ms)
Command failed with ENOENT: dvc --version
spawn dvc ENOENT
[version: 1.2.29, 2025-11-27T12:28:36.671Z, pid: 73182] > /home/peaches/anaconda3/bin/python -m dvc --version - INITIALIZED
[version: 1.2.29, 2025-11-27T12:28:36.681Z, pid: 73182] > /home/peaches/anaconda3/bin/python -m dvc --version - FAILED with code 1 (15ms)
/home/peaches/anaconda3/bin/python: No module named dvc

[version: 1.2.29, 2025-11-27T12:28:36.685Z, pid: 0] > dvc --version - INITIALIZED
[version: 1.2.29, 2025-11-27T12:28:36.686Z, pid: 0] > dvc --version - FAILED (5ms)
Command failed with ENOENT: dvc --version
spawn dvc ENOENT
[version: 1.2.29, 2025-11-27T12:28:41.691Z, pid: 73185] > /home/peaches/anaconda3/bin/python -m dvc --version - INITIALIZED
[version: 1.2.29, 2025-11-27T12:28:41.701Z, pid: 73185] > /home/peaches/anaconda3/bin/python -m dvc --version - FAILED with code 1 (15ms)
/home/peaches/anaconda3/bin/python: No module named dvc

[version: 1.2.29, 2025-11-27T12:28:41.705Z, pid: 0] > dvc --version - INITIALIZED
[version: 1.2.29, 2025-11-27T12:28:41.706Z, pid: 0] > dvc --version - FAILED (5ms)
Command failed with ENOENT: dvc --version
spawn dvc ENOENT
[version: 1.2.29, 2025-11-27T12:28:46.711Z, pid: 73187] > /home/peaches/anaconda3/bin/python -m dvc --version - INITIALIZED
[version: 1.2.29, 2025-11-27T12:28:46.721Z, pid: 73187] > /home/peaches/anaconda3/bin/python -m dvc --version - FAILED with code 1 (15ms)
/home/peaches/anaconda3/bin/python: No module named dvc

[version: 1.2.29, 2025-11-27T12:28:46.726Z, pid: 0] > dvc --version - INITIALIZED
[version: 1.2.29, 2025-11-27T12:28:46.726Z, pid: 0] > dvc --version - FAILED (4ms)
Command failed with ENOENT: dvc --version
spawn dvc ENOENT
[version: 1.2.29, 2025-11-27T12:28:51.732Z, pid: 73191] > /home/peaches/anaconda3/bin/python -m dvc --version - INITIALIZED
[version: 1.2.29, 2025-11-27T12:28:51.742Z, pid: 73191] > /home/peaches/anaconda3/bin/python -m dvc --version - FAILED with code 1 (15ms)
/home/peaches/anaconda3/bin/python: No module named dvc

[version: 1.2.29, 2025-11-27T12:28:51.746Z, pid: 0] > dvc --version - INITIALIZED
[version: 1.2.29, 2025-11-27T12:28:51.747Z, pid: 0] > dvc --version - FAILED (5ms)
Command failed with ENOENT: dvc --version
spawn dvc ENOENT
[version: 1.2.29, 2025-11-27T12:28:56.752Z, pid: 73193] > /home/peaches/anaconda3/bin/python -m dvc --version - INITIALIZED
[version: 1.2.29, 2025-11-27T12:28:56.762Z, pid: 73193] > /home/peaches/anaconda3/bin/python -m dvc --version - FAILED with code 1 (15ms)
/home/peaches/anaconda3/bin/python: No module named dvc

[version: 1.2.29, 2025-11-27T12:28:56.766Z, pid: 0] > dvc --version - INITIALIZED
[version: 1.2.29, 2025-11-27T12:28:56.767Z, pid: 0] > dvc --version - FAILED (5ms)
Command failed with ENOENT: dvc --version
spawn dvc ENOENT
[version: 1.2.29, 2025-11-27T12:29:01.774Z, pid: 73195] > /home/peaches/anaconda3/bin/python -m dvc --version - INITIALIZED
[version: 1.2.29, 2025-11-27T12:29:01.783Z, pid: 73195] > /home/peaches/anaconda3/bin/python -m dvc --version - FAILED with code 1 (15ms)
/home/peaches/anaconda3/bin/python: No module named dvc

[version: 1.2.29, 2025-11-27T12:29:01.788Z, pid: 0] > dvc --version - INITIALIZED
[version: 1.2.29, 2025-11-27T12:29:01.788Z, pid: 0] > dvc --version - FAILED (5ms)
Command failed with ENOENT: dvc --version
spawn dvc ENOENT
[version: 1.2.29, 2025-11-27T12:29:06.793Z, pid: 73197] > /home/peaches/anaconda3/bin/python -m dvc --version - INITIALIZED
[version: 1.2.29, 2025-11-27T12:29:06.802Z, pid: 73197] > /home/peaches/anaconda3/bin/python -m dvc --version - FAILED with code 1 (14ms)
/home/peaches/anaconda3/bin/python: No module named dvc

[version: 1.2.29, 2025-11-27T12:29:06.806Z, pid: 0] > dvc --version - INITIALIZED
[version: 1.2.29, 2025-11-27T12:29:06.807Z, pid: 0] > dvc --version - FAILED (5ms)
Command failed with ENOENT: dvc --version
spawn dvc ENOENT
[version: 1.2.29, 2025-11-27T12:29:11.812Z, pid: 73199] > /home/peaches/anaconda3/bin/python -m dvc --version - INITIALIZED
[version: 1.2.29, 2025-11-27T12:29:11.821Z, pid: 73199] > /home/peaches/anaconda3/bin/python -m dvc --version - FAILED with code 1 (13ms)
/home/peaches/anaconda3/bin/python: No module named dvc

[version: 1.2.29, 2025-11-27T12:29:11.825Z, pid: 0] > dvc --version - INITIALIZED
[version: 1.2.29, 2025-11-27T12:29:11.826Z, pid: 0] > dvc --version - FAILED (4ms)
Command failed with ENOENT: dvc --version
spawn dvc ENOENT
[version: 1.2.29, 2025-11-27T12:29:16.833Z, pid: 73201] > /home/peaches/anaconda3/bin/python -m dvc --version - INITIALIZED
[version: 1.2.29, 2025-11-27T12:29:16.845Z, pid: 73201] > /home/peaches/anaconda3/bin/python -m dvc --version - FAILED with code 1 (18ms)
/home/peaches/anaconda3/bin/python: No module named dvc

[version: 1.2.29, 2025-11-27T12:29:16.850Z, pid: 0] > dvc --version - INITIALIZED
[version: 1.2.29, 2025-11-27T12:29:16.851Z, pid: 0] > dvc --version - FAILED (6ms)
Command failed with ENOENT: dvc --version
spawn dvc ENOENT
[version: 1.2.29, 2025-11-27T12:29:21.855Z, pid: 73203] > /home/peaches/anaconda3/bin/python -m dvc --version - INITIALIZED
[version: 1.2.29, 2025-11-27T12:29:21.864Z, pid: 73203] > /home/peaches/anaconda3/bin/python -m dvc --version - FAILED with code 1 (14ms)
/home/peaches/anaconda3/bin/python: No module named dvc

[version: 1.2.29, 2025-11-27T12:29:21.869Z, pid: 0] > dvc --version - INITIALIZED
[version: 1.2.29, 2025-11-27T12:29:21.870Z, pid: 0] > dvc --version - FAILED (5ms)
Command failed with ENOENT: dvc --version
spawn dvc ENOENT
[version: 1.2.29, 2025-11-27T12:29:26.875Z, pid: 73207] > /home/peaches/anaconda3/bin/python -m dvc --version - INITIALIZED
[version: 1.2.29, 2025-11-27T12:29:26.885Z, pid: 73207] > /home/peaches/anaconda3/bin/python -m dvc --version - FAILED with code 1 (15ms)
/home/peaches/anaconda3/bin/python: No module named dvc

[version: 1.2.29, 2025-11-27T12:29:26.890Z, pid: 0] > dvc --version - INITIALIZED
[version: 1.2.29, 2025-11-27T12:29:26.891Z, pid: 0] > dvc --version - FAILED (5ms)
Command failed with ENOENT: dvc --version
spawn dvc ENOENT
[version: 1.2.29, 2025-11-27T12:29:31.896Z, pid: 73209] > /home/peaches/anaconda3/bin/python -m dvc --version - INITIALIZED
[version: 1.2.29, 2025-11-27T12:29:31.906Z, pid: 73209] > /home/peaches/anaconda3/bin/python -m dvc --version - FAILED with code 1 (15ms)
/home/peaches/anaconda3/bin/python: No module named dvc

[version: 1.2.29, 2025-11-27T12:29:31.911Z, pid: 0] > dvc --version - INITIALIZED
[version: 1.2.29, 2025-11-27T12:29:31.911Z, pid: 0] > dvc --version - FAILED (5ms)
Command failed with ENOENT: dvc --version
spawn dvc ENOENT
[version: 1.2.29, 2025-11-27T12:29:36.917Z, pid: 73211] > /home/peaches/anaconda3/bin/python -m dvc --version - INITIALIZED
[version: 1.2.29, 2025-11-27T12:29:36.926Z, pid: 73211] > /home/peaches/anaconda3/bin/python -m dvc --version - FAILED with code 1 (14ms)
/home/peaches/anaconda3/bin/python: No module named dvc

[version: 1.2.29, 2025-11-27T12:29:36.931Z, pid: 0] > dvc --version - INITIALIZED
[version: 1.2.29, 2025-11-27T12:29:36.932Z, pid: 0] > dvc --version - FAILED (5ms)
Command failed with ENOENT: dvc --version
spawn dvc ENOENT
[version: 1.2.29, 2025-11-27T12:29:41.938Z, pid: 73213] > /home/peaches/anaconda3/bin/python -m dvc --version - INITIALIZED
[version: 1.2.29, 2025-11-27T12:29:41.948Z, pid: 73213] > /home/peaches/anaconda3/bin/python -m dvc --version - FAILED with code 1 (15ms)
/home/peaches/anaconda3/bin/python: No module named dvc

[version: 1.2.29, 2025-11-27T12:29:41.953Z, pid: 0] > dvc --version - INITIALIZED
[version: 1.2.29, 2025-11-27T12:29:41.954Z, pid: 0] > dvc --version - FAILED (6ms)
Command failed with ENOENT: dvc --version
spawn dvc ENOENT
[version: 1.2.29, 2025-11-27T12:29:46.960Z, pid: 73215] > /home/peaches/anaconda3/bin/python -m dvc --version - INITIALIZED
[version: 1.2.29, 2025-11-27T12:29:46.969Z, pid: 73215] > /home/peaches/anaconda3/bin/python -m dvc --version - FAILED with code 1 (14ms)
/home/peaches/anaconda3/bin/python: No module named dvc

[version: 1.2.29, 2025-11-27T12:29:46.973Z, pid: 0] > dvc --version - INITIALIZED
[version: 1.2.29, 2025-11-27T12:29:46.974Z, pid: 0] > dvc --version - FAILED (5ms)
Command failed with ENOENT: dvc --version
spawn dvc ENOENT
[version: 1.2.29, 2025-11-27T12:29:51.980Z, pid: 73219] > /home/peaches/anaconda3/bin/python -m dvc --version - INITIALIZED
[version: 1.2.29, 2025-11-27T12:29:51.989Z, pid: 73219] > /home/peaches/anaconda3/bin/python -m dvc --version - FAILED with code 1 (15ms)
/home/peaches/anaconda3/bin/python: No module named dvc

[version: 1.2.29, 2025-11-27T12:29:51.994Z, pid: 0] > dvc --version - INITIALIZED
[version: 1.2.29, 2025-11-27T12:29:51.994Z, pid: 0] > dvc --version - FAILED (5ms)
Command failed with ENOENT: dvc --version
spawn dvc ENOENT
[version: 1.2.29, 2025-11-27T12:29:57.000Z, pid: 73221] > /home/peaches/anaconda3/bin/python -m dvc --version - INITIALIZED
[version: 1.2.29, 2025-11-27T12:29:57.009Z, pid: 73221] > /home/peaches/anaconda3/bin/python -m dvc --version - FAILED with code 1 (14ms)
/home/peaches/anaconda3/bin/python: No module named dvc

[version: 1.2.29, 2025-11-27T12:29:57.013Z, pid: 0] > dvc --version - INITIALIZED
[version: 1.2.29, 2025-11-27T12:29:57.014Z, pid: 0] > dvc --version - FAILED (5ms)
Command failed with ENOENT: dvc --version
spawn dvc ENOENT
[version: 1.2.29, 2025-11-27T12:30:02.019Z, pid: 73223] > /home/peaches/anaconda3/bin/python -m dvc --version - INITIALIZED
[version: 1.2.29, 2025-11-27T12:30:02.028Z, pid: 73223] > /home/peaches/anaconda3/bin/python -m dvc --version - FAILED with code 1 (13ms)
/home/peaches/anaconda3/bin/python: No module named dvc

[version: 1.2.29, 2025-11-27T12:30:02.033Z, pid: 0] > dvc --version - INITIALIZED
[version: 1.2.29, 2025-11-27T12:30:02.033Z, pid: 0] > dvc --version - FAILED (4ms)
Command failed with ENOENT: dvc --version
spawn dvc ENOENT
[version: 1.2.29, 2025-11-27T12:30:07.039Z, pid: 73225] > /home/peaches/anaconda3/bin/python -m dvc --version - INITIALIZED
[version: 1.2.29, 2025-11-27T12:30:07.048Z, pid: 73225] > /home/peaches/anaconda3/bin/python -m dvc --version - FAILED with code 1 (14ms)
/home/peaches/anaconda3/bin/python: No module named dvc

[version: 1.2.29, 2025-11-27T12:30:07.053Z, pid: 0] > dvc --version - INITIALIZED
[version: 1.2.29, 2025-11-27T12:30:07.053Z, pid: 0] > dvc --version - FAILED (4ms)
Command failed with ENOENT: dvc --version
spawn dvc ENOENT
[version: 1.2.29, 2025-11-27T12:30:12.059Z, pid: 73227] > /home/peaches/anaconda3/bin/python -m dvc --version - INITIALIZED
[version: 1.2.29, 2025-11-27T12:30:12.070Z, pid: 73227] > /home/peaches/anaconda3/bin/python -m dvc --version - FAILED with code 1 (16ms)
/home/peaches/anaconda3/bin/python: No module named dvc

[version: 1.2.29, 2025-11-27T12:30:12.075Z, pid: 0] > dvc --version - INITIALIZED
[version: 1.2.29, 2025-11-27T12:30:12.075Z, pid: 0] > dvc --version - FAILED (5ms)
Command failed with ENOENT: dvc --version
spawn dvc ENOENT
[version: 1.2.29, 2025-11-27T12:30:17.080Z, pid: 73229] > /home/peaches/anaconda3/bin/python -m dvc --version - INITIALIZED
[version: 1.2.29, 2025-11-27T12:30:17.090Z, pid: 73229] > /home/peaches/anaconda3/bin/python -m dvc --version - FAILED with code 1 (15ms)
/home/peaches/anaconda3/bin/python: No module named dvc

[version: 1.2.29, 2025-11-27T12:30:17.095Z, pid: 0] > dvc --version - INITIALIZED
[version: 1.2.29, 2025-11-27T12:30:17.095Z, pid: 0] > dvc --version - FAILED (4ms)
Command failed with ENOENT: dvc --version
spawn dvc ENOENT
[version: 1.2.29, 2025-11-27T12:30:22.101Z, pid: 73231] > /home/peaches/anaconda3/bin/python -m dvc --version - INITIALIZED
[version: 1.2.29, 2025-11-27T12:30:22.112Z, pid: 73231] > /home/peaches/anaconda3/bin/python -m dvc --version - FAILED with code 1 (16ms)
/home/peaches/anaconda3/bin/python: No module named dvc

[version: 1.2.29, 2025-11-27T12:30:22.116Z, pid: 0] > dvc --version - INITIALIZED
[version: 1.2.29, 2025-11-27T12:30:22.117Z, pid: 0] > dvc --version - FAILED (5ms)
Command failed with ENOENT: dvc --version
spawn dvc ENOENT
[version: 1.2.29, 2025-11-27T12:30:27.124Z, pid: 73233] > /home/peaches/anaconda3/bin/python -m dvc --version - INITIALIZED
[version: 1.2.29, 2025-11-27T12:30:27.134Z, pid: 73233] > /home/peaches/anaconda3/bin/python -m dvc --version - FAILED with code 1 (16ms)
/home/peaches/anaconda3/bin/python: No module named dvc

[version: 1.2.29, 2025-11-27T12:30:27.138Z, pid: 0] > dvc --version - INITIALIZED
[version: 1.2.29, 2025-11-27T12:30:27.139Z, pid: 0] > dvc --version - FAILED (5ms)
Command failed with ENOENT: dvc --version
spawn dvc ENOENT
[version: 1.2.29, 2025-11-27T12:30:32.144Z, pid: 73235] > /home/peaches/anaconda3/bin/python -m dvc --version - INITIALIZED
[version: 1.2.29, 2025-11-27T12:30:32.153Z, pid: 73235] > /home/peaches/anaconda3/bin/python -m dvc --version - FAILED with code 1 (14ms)
/home/peaches/anaconda3/bin/python: No module named dvc

[version: 1.2.29, 2025-11-27T12:30:32.158Z, pid: 0] > dvc --version - INITIALIZED
[version: 1.2.29, 2025-11-27T12:30:32.159Z, pid: 0] > dvc --version - FAILED (5ms)
Command failed with ENOENT: dvc --version
spawn dvc ENOENT
[version: 1.2.29, 2025-11-27T12:30:37.165Z, pid: 73237] > /home/peaches/anaconda3/bin/python -m dvc --version - INITIALIZED
[version: 1.2.29, 2025-11-27T12:30:37.175Z, pid: 73237] > /home/peaches/anaconda3/bin/python -m dvc --version - FAILED with code 1 (15ms)
/home/peaches/anaconda3/bin/python: No module named dvc

[version: 1.2.29, 2025-11-27T12:30:37.180Z, pid: 0] > dvc --version - INITIALIZED
[version: 1.2.29, 2025-11-27T12:30:37.180Z, pid: 0] > dvc --version - FAILED (4ms)
Command failed with ENOENT: dvc --version
spawn dvc ENOENT
[version: 1.2.29, 2025-11-27T12:30:42.185Z, pid: 73240] > /home/peaches/anaconda3/bin/python -m dvc --version - INITIALIZED
[version: 1.2.29, 2025-11-27T12:30:42.195Z, pid: 73240] > /home/peaches/anaconda3/bin/python -m dvc --version - FAILED with code 1 (15ms)
/home/peaches/anaconda3/bin/python: No module named dvc

[version: 1.2.29, 2025-11-27T12:30:42.199Z, pid: 0] > dvc --version - INITIALIZED
[version: 1.2.29, 2025-11-27T12:30:42.200Z, pid: 0] > dvc --version - FAILED (5ms)
Command failed with ENOENT: dvc --version
spawn dvc ENOENT
[version: 1.2.29, 2025-11-27T12:30:47.205Z, pid: 73242] > /home/peaches/anaconda3/bin/python -m dvc --version - INITIALIZED
[version: 1.2.29, 2025-11-27T12:30:47.214Z, pid: 73242] > /home/peaches/anaconda3/bin/python -m dvc --version - FAILED with code 1 (13ms)
/home/peaches/anaconda3/bin/python: No module named dvc

[version: 1.2.29, 2025-11-27T12:30:47.219Z, pid: 0] > dvc --version - INITIALIZED
[version: 1.2.29, 2025-11-27T12:30:47.219Z, pid: 0] > dvc --version - FAILED (4ms)
Command failed with ENOENT: dvc --version
spawn dvc ENOENT
[version: 1.2.29, 2025-11-27T12:30:52.225Z, pid: 73246] > /home/peaches/anaconda3/bin/python -m dvc --version - INITIALIZED
[version: 1.2.29, 2025-11-27T12:30:52.234Z, pid: 73246] > /home/peaches/anaconda3/bin/python -m dvc --version - FAILED with code 1 (14ms)
/home/peaches/anaconda3/bin/python: No module named dvc

[version: 1.2.29, 2025-11-27T12:30:52.239Z, pid: 0] > dvc --version - INITIALIZED
[version: 1.2.29, 2025-11-27T12:30:52.239Z, pid: 0] > dvc --version - FAILED (4ms)
Command failed with ENOENT: dvc --version
spawn dvc ENOENT
[version: 1.2.29, 2025-11-27T12:30:57.246Z, pid: 73248] > /home/peaches/anaconda3/bin/python -m dvc --version - INITIALIZED
[version: 1.2.29, 2025-11-27T12:30:57.256Z, pid: 73248] > /home/peaches/anaconda3/bin/python -m dvc --version - FAILED with code 1 (17ms)
/home/peaches/anaconda3/bin/python: No module named dvc

[version: 1.2.29, 2025-11-27T12:30:57.260Z, pid: 0] > dvc --version - INITIALIZED
[version: 1.2.29, 2025-11-27T12:30:57.260Z, pid: 0] > dvc --version - FAILED (4ms)
Command failed with ENOENT: dvc --version
spawn dvc ENOENT
[version: 1.2.29, 2025-11-27T12:31:02.266Z, pid: 73252] > /home/peaches/anaconda3/bin/python -m dvc --version - INITIALIZED
[version: 1.2.29, 2025-11-27T12:31:02.275Z, pid: 73252] > /home/peaches/anaconda3/bin/python -m dvc --version - FAILED with code 1 (14ms)
/home/peaches/anaconda3/bin/python: No module named dvc

[version: 1.2.29, 2025-11-27T12:31:02.279Z, pid: 0] > dvc --version - INITIALIZED
[version: 1.2.29, 2025-11-27T12:31:02.280Z, pid: 0] > dvc --version - FAILED (5ms)
Command failed with ENOENT: dvc --version
spawn dvc ENOENT
[version: 1.2.29, 2025-11-27T12:31:07.285Z, pid: 73254] > /home/peaches/anaconda3/bin/python -m dvc --version - INITIALIZED
[version: 1.2.29, 2025-11-27T12:31:07.294Z, pid: 73254] > /home/peaches/anaconda3/bin/python -m dvc --version - FAILED with code 1 (13ms)
/home/peaches/anaconda3/bin/python: No module named dvc

[version: 1.2.29, 2025-11-27T12:31:07.298Z, pid: 0] > dvc --version - INITIALIZED
[version: 1.2.29, 2025-11-27T12:31:07.299Z, pid: 0] > dvc --version - FAILED (5ms)
Command failed with ENOENT: dvc --version
spawn dvc ENOENT
[version: 1.2.29, 2025-11-27T12:31:12.304Z, pid: 73256] > /home/peaches/anaconda3/bin/python -m dvc --version - INITIALIZED
[version: 1.2.29, 2025-11-27T12:31:12.313Z, pid: 73256] > /home/peaches/anaconda3/bin/python -m dvc --version - FAILED with code 1 (14ms)
/home/peaches/anaconda3/bin/python: No module named dvc

[version: 1.2.29, 2025-11-27T12:31:12.317Z, pid: 0] > dvc --version - INITIALIZED
[version: 1.2.29, 2025-11-27T12:31:12.318Z, pid: 0] > dvc --version - FAILED (4ms)
Command failed with ENOENT: dvc --version
spawn dvc ENOENT
[version: 1.2.29, 2025-11-27T12:31:17.324Z, pid: 73258] > /home/peaches/anaconda3/bin/python -m dvc --version - INITIALIZED
[version: 1.2.29, 2025-11-27T12:31:17.334Z, pid: 73258] > /home/peaches/anaconda3/bin/python -m dvc --version - FAILED with code 1 (15ms)
/home/peaches/anaconda3/bin/python: No module named dvc

[version: 1.2.29, 2025-11-27T12:31:17.340Z, pid: 0] > dvc --version - INITIALIZED
[version: 1.2.29, 2025-11-27T12:31:17.341Z, pid: 0] > dvc --version - FAILED (7ms)
Command failed with ENOENT: dvc --version
spawn dvc ENOENT
[version: 1.2.29, 2025-11-27T12:31:22.346Z, pid: 73260] > /home/peaches/anaconda3/bin/python -m dvc --version - INITIALIZED
[version: 1.2.29, 2025-11-27T12:31:22.356Z, pid: 73260] > /home/peaches/anaconda3/bin/python -m dvc --version - FAILED with code 1 (14ms)
/home/peaches/anaconda3/bin/python: No module named dvc

[version: 1.2.29, 2025-11-27T12:31:22.360Z, pid: 0] > dvc --version - INITIALIZED
[version: 1.2.29, 2025-11-27T12:31:22.361Z, pid: 0] > dvc --version - FAILED (5ms)
Command failed with ENOENT: dvc --version
spawn dvc ENOENT
[version: 1.2.29, 2025-11-27T12:31:27.366Z, pid: 73262] > /home/peaches/anaconda3/bin/python -m dvc --version - INITIALIZED
[version: 1.2.29, 2025-11-27T12:31:27.376Z, pid: 73262] > /home/peaches/anaconda3/bin/python -m dvc --version - FAILED with code 1 (15ms)
/home/peaches/anaconda3/bin/python: No module named dvc

[version: 1.2.29, 2025-11-27T12:31:27.380Z, pid: 0] > dvc --version - INITIALIZED
[version: 1.2.29, 2025-11-27T12:31:27.381Z, pid: 0] > dvc --version - FAILED (5ms)
Command failed with ENOENT: dvc --version
spawn dvc ENOENT
[version: 1.2.29, 2025-11-27T12:31:32.388Z, pid: 73266] > /home/peaches/anaconda3/bin/python -m dvc --version - INITIALIZED
[version: 1.2.29, 2025-11-27T12:31:32.398Z, pid: 73266] > /home/peaches/anaconda3/bin/python -m dvc --version - FAILED with code 1 (15ms)
/home/peaches/anaconda3/bin/python: No module named dvc

[version: 1.2.29, 2025-11-27T12:31:32.405Z, pid: 0] > dvc --version - INITIALIZED
[version: 1.2.29, 2025-11-27T12:31:32.406Z, pid: 0] > dvc --version - FAILED (8ms)
Command failed with ENOENT: dvc --version
spawn dvc ENOENT
[version: 1.2.29, 2025-11-27T12:31:37.411Z, pid: 73276] > /home/peaches/anaconda3/bin/python -m dvc --version - INITIALIZED
[version: 1.2.29, 2025-11-27T12:31:37.420Z, pid: 73276] > /home/peaches/anaconda3/bin/python -m dvc --version - FAILED with code 1 (14ms)
/home/peaches/anaconda3/bin/python: No module named dvc

[version: 1.2.29, 2025-11-27T12:31:37.425Z, pid: 0] > dvc --version - INITIALIZED
[version: 1.2.29, 2025-11-27T12:31:37.425Z, pid: 0] > dvc --version - FAILED (5ms)
Command failed with ENOENT: dvc --version
spawn dvc ENOENT
[version: 1.2.29, 2025-11-27T12:31:42.431Z, pid: 73278] > /home/peaches/anaconda3/bin/python -m dvc --version - INITIALIZED
[version: 1.2.29, 2025-11-27T12:31:42.440Z, pid: 73278] > /home/peaches/anaconda3/bin/python -m dvc --version - FAILED with code 1 (14ms)
/home/peaches/anaconda3/bin/python: No module named dvc

[version: 1.2.29, 2025-11-27T12:31:42.445Z, pid: 0] > dvc --version - INITIALIZED
[version: 1.2.29, 2025-11-27T12:31:42.446Z, pid: 0] > dvc --version - FAILED (5ms)
Command failed with ENOENT: dvc --version
spawn dvc ENOENT
[version: 1.2.29, 2025-11-27T12:31:47.451Z, pid: 73280] > /home/peaches/anaconda3/bin/python -m dvc --version - INITIALIZED
[version: 1.2.29, 2025-11-27T12:31:47.460Z, pid: 73280] > /home/peaches/anaconda3/bin/python -m dvc --version - FAILED with code 1 (14ms)
/home/peaches/anaconda3/bin/python: No module named dvc

[version: 1.2.29, 2025-11-27T12:31:47.465Z, pid: 0] > dvc --version - INITIALIZED
[version: 1.2.29, 2025-11-27T12:31:47.466Z, pid: 0] > dvc --version - FAILED (5ms)
Command failed with ENOENT: dvc --version
spawn dvc ENOENT
[version: 1.2.29, 2025-11-27T12:31:52.471Z, pid: 73284] > /home/peaches/anaconda3/bin/python -m dvc --version - INITIALIZED
[version: 1.2.29, 2025-11-27T12:31:52.480Z, pid: 73284] > /home/peaches/anaconda3/bin/python -m dvc --version - FAILED with code 1 (14ms)
/home/peaches/anaconda3/bin/python: No module named dvc

[version: 1.2.29, 2025-11-27T12:31:52.485Z, pid: 0] > dvc --version - INITIALIZED
[version: 1.2.29, 2025-11-27T12:31:52.485Z, pid: 0] > dvc --version - FAILED (4ms)
Command failed with ENOENT: dvc --version
spawn dvc ENOENT
[version: 1.2.29, 2025-11-27T12:31:57.491Z, pid: 73286] > /home/peaches/anaconda3/bin/python -m dvc --version - INITIALIZED
[version: 1.2.29, 2025-11-27T12:31:57.500Z, pid: 73286] > /home/peaches/anaconda3/bin/python -m dvc --version - FAILED with code 1 (15ms)
/home/peaches/anaconda3/bin/python: No module named dvc

[version: 1.2.29, 2025-11-27T12:31:57.504Z, pid: 0] > dvc --version - INITIALIZED
[version: 1.2.29, 2025-11-27T12:31:57.505Z, pid: 0] > dvc --version - FAILED (5ms)
Command failed with ENOENT: dvc --version
spawn dvc ENOENT
[version: 1.2.29, 2025-11-27T12:32:02.510Z, pid: 73288] > /home/peaches/anaconda3/bin/python -m dvc --version - INITIALIZED
[version: 1.2.29, 2025-11-27T12:32:02.519Z, pid: 73288] > /home/peaches/anaconda3/bin/python -m dvc --version - FAILED with code 1 (14ms)
/home/peaches/anaconda3/bin/python: No module named dvc

[version: 1.2.29, 2025-11-27T12:32:02.524Z, pid: 0] > dvc --version - INITIALIZED
[version: 1.2.29, 2025-11-27T12:32:02.524Z, pid: 0] > dvc --version - FAILED (5ms)
Command failed with ENOENT: dvc --version
spawn dvc ENOENT
[version: 1.2.29, 2025-11-27T12:32:07.530Z, pid: 73290] > /home/peaches/anaconda3/bin/python -m dvc --version - INITIALIZED
[version: 1.2.29, 2025-11-27T12:32:07.540Z, pid: 73290] > /home/peaches/anaconda3/bin/python -m dvc --version - FAILED with code 1 (15ms)
/home/peaches/anaconda3/bin/python: No module named dvc

[version: 1.2.29, 2025-11-27T12:32:07.546Z, pid: 0] > dvc --version - INITIALIZED
[version: 1.2.29, 2025-11-27T12:32:07.547Z, pid: 0] > dvc --version - FAILED (6ms)
Command failed with ENOENT: dvc --version
spawn dvc ENOENT
[version: 1.2.29, 2025-11-27T12:32:12.552Z, pid: 73294] > /home/peaches/anaconda3/bin/python -m dvc --version - INITIALIZED
[version: 1.2.29, 2025-11-27T12:32:12.561Z, pid: 73294] > /home/peaches/anaconda3/bin/python -m dvc --version - FAILED with code 1 (14ms)
/home/peaches/anaconda3/bin/python: No module named dvc

[version: 1.2.29, 2025-11-27T12:32:12.566Z, pid: 0] > dvc --version - INITIALIZED
[version: 1.2.29, 2025-11-27T12:32:12.567Z, pid: 0] > dvc --version - FAILED (5ms)
Command failed with ENOENT: dvc --version
spawn dvc ENOENT
[version: 1.2.29, 2025-11-27T12:32:17.572Z, pid: 73298] > /home/peaches/anaconda3/bin/python -m dvc --version - INITIALIZED
[version: 1.2.29, 2025-11-27T12:32:17.582Z, pid: 73298] > /home/peaches/anaconda3/bin/python -m dvc --version - FAILED with code 1 (14ms)
/home/peaches/anaconda3/bin/python: No module named dvc

[version: 1.2.29, 2025-11-27T12:32:17.586Z, pid: 0] > dvc --version - INITIALIZED
[version: 1.2.29, 2025-11-27T12:32:17.587Z, pid: 0] > dvc --version - FAILED (5ms)
Command failed with ENOENT: dvc --version
spawn dvc ENOENT
[version: 1.2.29, 2025-11-27T12:32:22.594Z, pid: 73307] > /home/peaches/anaconda3/bin/python -m dvc --version - INITIALIZED
[version: 1.2.29, 2025-11-27T12:32:22.606Z, pid: 73307] > /home/peaches/anaconda3/bin/python -m dvc --version - FAILED with code 1 (19ms)
/home/peaches/anaconda3/bin/python: No module named dvc

[version: 1.2.29, 2025-11-27T12:32:22.610Z, pid: 0] > dvc --version - INITIALIZED
[version: 1.2.29, 2025-11-27T12:32:22.611Z, pid: 0] > dvc --version - FAILED (5ms)
Command failed with ENOENT: dvc --version
spawn dvc ENOENT
[version: 1.2.29, 2025-11-27T12:32:27.616Z, pid: 73311] > /home/peaches/anaconda3/bin/python -m dvc --version - INITIALIZED
[version: 1.2.29, 2025-11-27T12:32:27.626Z, pid: 73311] > /home/peaches/anaconda3/bin/python -m dvc --version - FAILED with code 1 (15ms)
/home/peaches/anaconda3/bin/python: No module named dvc

[version: 1.2.29, 2025-11-27T12:32:27.630Z, pid: 0] > dvc --version - INITIALIZED
[version: 1.2.29, 2025-11-27T12:32:27.631Z, pid: 0] > dvc --version - FAILED (5ms)
Command failed with ENOENT: dvc --version
spawn dvc ENOENT
[version: 1.2.29, 2025-11-27T12:32:32.636Z, pid: 73313] > /home/peaches/anaconda3/bin/python -m dvc --version - INITIALIZED
[version: 1.2.29, 2025-11-27T12:32:32.645Z, pid: 73313] > /home/peaches/anaconda3/bin/python -m dvc --version - FAILED with code 1 (13ms)
/home/peaches/anaconda3/bin/python: No module named dvc

[version: 1.2.29, 2025-11-27T12:32:32.650Z, pid: 0] > dvc --version - INITIALIZED
[version: 1.2.29, 2025-11-27T12:32:32.650Z, pid: 0] > dvc --version - FAILED (4ms)
Command failed with ENOENT: dvc --version
spawn dvc ENOENT
[version: 1.2.29, 2025-11-27T12:32:37.655Z, pid: 73315] > /home/peaches/anaconda3/bin/python -m dvc --version - INITIALIZED
[version: 1.2.29, 2025-11-27T12:32:37.664Z, pid: 73315] > /home/peaches/anaconda3/bin/python -m dvc --version - FAILED with code 1 (14ms)
/home/peaches/anaconda3/bin/python: No module named dvc

[version: 1.2.29, 2025-11-27T12:32:37.669Z, pid: 0] > dvc --version - INITIALIZED
[version: 1.2.29, 2025-11-27T12:32:37.670Z, pid: 0] > dvc --version - FAILED (5ms)
Command failed with ENOENT: dvc --version
spawn dvc ENOENT
[version: 1.2.29, 2025-11-27T12:32:42.676Z, pid: 73318] > /home/peaches/anaconda3/bin/python -m dvc --version - INITIALIZED
[version: 1.2.29, 2025-11-27T12:32:42.686Z, pid: 73318] > /home/peaches/anaconda3/bin/python -m dvc --version - FAILED with code 1 (15ms)
/home/peaches/anaconda3/bin/python: No module named dvc

[version: 1.2.29, 2025-11-27T12:32:42.691Z, pid: 0] > dvc --version - INITIALIZED
[version: 1.2.29, 2025-11-27T12:32:42.692Z, pid: 0] > dvc --version - FAILED (6ms)
Command failed with ENOENT: dvc --version
spawn dvc ENOENT
[version: 1.2.29, 2025-11-27T12:32:47.697Z, pid: 73320] > /home/peaches/anaconda3/bin/python -m dvc --version - INITIALIZED
[version: 1.2.29, 2025-11-27T12:32:47.706Z, pid: 73320] > /home/peaches/anaconda3/bin/python -m dvc --version - FAILED with code 1 (14ms)
/home/peaches/anaconda3/bin/python: No module named dvc

[version: 1.2.29, 2025-11-27T12:32:47.710Z, pid: 0] > dvc --version - INITIALIZED
[version: 1.2.29, 2025-11-27T12:32:47.711Z, pid: 0] > dvc --version - FAILED (5ms)
Command failed with ENOENT: dvc --version
spawn dvc ENOENT
[version: 1.2.29, 2025-11-27T12:32:52.717Z, pid: 73324] > /home/peaches/anaconda3/bin/python -m dvc --version - INITIALIZED
[version: 1.2.29, 2025-11-27T12:32:52.868Z, pid: 73324] > /home/peaches/anaconda3/bin/python -m dvc --version - FAILED with code 1 (156ms)
/home/peaches/anaconda3/bin/python: No module named dvc

[version: 1.2.29, 2025-11-27T12:32:52.874Z, pid: 0] > dvc --version - INITIALIZED
[version: 1.2.29, 2025-11-27T12:32:52.876Z, pid: 0] > dvc --version - FAILED (7ms)
Command failed with ENOENT: dvc --version
spawn dvc ENOENT
[version: 1.2.29, 2025-11-27T12:32:57.883Z, pid: 73328] > /home/peaches/anaconda3/bin/python -m dvc --version - INITIALIZED
[version: 1.2.29, 2025-11-27T12:32:57.892Z, pid: 73328] > /home/peaches/anaconda3/bin/python -m dvc --version - FAILED with code 1 (16ms)
/home/peaches/anaconda3/bin/python: No module named dvc

[version: 1.2.29, 2025-11-27T12:32:57.897Z, pid: 0] > dvc --version - INITIALIZED
[version: 1.2.29, 2025-11-27T12:32:57.897Z, pid: 0] > dvc --version - FAILED (5ms)
Command failed with ENOENT: dvc --version
spawn dvc ENOENT
[version: 1.2.29, 2025-11-27T12:33:02.902Z, pid: 73332] > /home/peaches/anaconda3/bin/python -m dvc --version - INITIALIZED
[version: 1.2.29, 2025-11-27T12:33:02.910Z, pid: 73332] > /home/peaches/anaconda3/bin/python -m dvc --version - FAILED with code 1 (13ms)
/home/peaches/anaconda3/bin/python: No module named dvc

[version: 1.2.29, 2025-11-27T12:33:02.915Z, pid: 0] > dvc --version - INITIALIZED
[version: 1.2.29, 2025-11-27T12:33:02.915Z, pid: 0] > dvc --version - FAILED (4ms)
Command failed with ENOENT: dvc --version
spawn dvc ENOENT
[version: 1.2.29, 2025-11-27T12:33:07.920Z, pid: 73346] > /home/peaches/anaconda3/bin/python -m dvc --version - INITIALIZED
[version: 1.2.29, 2025-11-27T12:33:07.929Z, pid: 73346] > /home/peaches/anaconda3/bin/python -m dvc --version - FAILED with code 1 (13ms)
/home/peaches/anaconda3/bin/python: No module named dvc

[version: 1.2.29, 2025-11-27T12:33:07.934Z, pid: 0] > dvc --version - INITIALIZED
[version: 1.2.29, 2025-11-27T12:33:07.934Z, pid: 0] > dvc --version - FAILED (4ms)
Command failed with ENOENT: dvc --version
spawn dvc ENOENT
[version: 1.2.29, 2025-11-27T12:33:12.939Z, pid: 73348] > /home/peaches/anaconda3/bin/python -m dvc --version - INITIALIZED
[version: 1.2.29, 2025-11-27T12:33:12.951Z, pid: 73348] > /home/peaches/anaconda3/bin/python -m dvc --version - FAILED with code 1 (17ms)
/home/peaches/anaconda3/bin/python: No module named dvc

[version: 1.2.29, 2025-11-27T12:33:12.956Z, pid: 0] > dvc --version - INITIALIZED
[version: 1.2.29, 2025-11-27T12:33:12.957Z, pid: 0] > dvc --version - FAILED (6ms)
Command failed with ENOENT: dvc --version
spawn dvc ENOENT
[version: 1.2.29, 2025-11-27T12:33:17.962Z, pid: 73356] > /home/peaches/anaconda3/bin/python -m dvc --version - INITIALIZED
[version: 1.2.29, 2025-11-27T12:33:17.973Z, pid: 73356] > /home/peaches/anaconda3/bin/python -m dvc --version - FAILED with code 1 (16ms)
/home/peaches/anaconda3/bin/python: No module named dvc

[version: 1.2.29, 2025-11-27T12:33:17.978Z, pid: 0] > dvc --version - INITIALIZED
[version: 1.2.29, 2025-11-27T12:33:17.979Z, pid: 0] > dvc --version - FAILED (6ms)
Command failed with ENOENT: dvc --version
spawn dvc ENOENT
[version: 1.2.29, 2025-11-27T12:33:22.984Z, pid: 73358] > /home/peaches/anaconda3/bin/python -m dvc --version - INITIALIZED
[version: 1.2.29, 2025-11-27T12:33:22.994Z, pid: 73358] > /home/peaches/anaconda3/bin/python -m dvc --version - FAILED with code 1 (15ms)
/home/peaches/anaconda3/bin/python: No module named dvc

[version: 1.2.29, 2025-11-27T12:33:22.998Z, pid: 0] > dvc --version - INITIALIZED
[version: 1.2.29, 2025-11-27T12:33:22.999Z, pid: 0] > dvc --version - FAILED (5ms)
Command failed with ENOENT: dvc --version
spawn dvc ENOENT
[version: 1.2.29, 2025-11-27T12:33:28.004Z, pid: 73362] > /home/peaches/anaconda3/bin/python -m dvc --version - INITIALIZED
[version: 1.2.29, 2025-11-27T12:33:28.014Z, pid: 73362] > /home/peaches/anaconda3/bin/python -m dvc --version - FAILED with code 1 (15ms)
/home/peaches/anaconda3/bin/python: No module named dvc

[version: 1.2.29, 2025-11-27T12:33:28.018Z, pid: 0] > dvc --version - INITIALIZED
[version: 1.2.29, 2025-11-27T12:33:28.019Z, pid: 0] > dvc --version - FAILED (5ms)
Command failed with ENOENT: dvc --version
spawn dvc ENOENT
[version: 1.2.29, 2025-11-27T12:33:33.025Z, pid: 73369] > /home/peaches/anaconda3/bin/python -m dvc --version - INITIALIZED
[version: 1.2.29, 2025-11-27T12:33:33.035Z, pid: 73369] > /home/peaches/anaconda3/bin/python -m dvc --version - FAILED with code 1 (15ms)
/home/peaches/anaconda3/bin/python: No module named dvc

[version: 1.2.29, 2025-11-27T12:33:33.040Z, pid: 0] > dvc --version - INITIALIZED
[version: 1.2.29, 2025-11-27T12:33:33.041Z, pid: 0] > dvc --version - FAILED (6ms)
Command failed with ENOENT: dvc --version
spawn dvc ENOENT
[version: 1.2.29, 2025-11-27T12:33:38.047Z, pid: 73379] > /home/peaches/anaconda3/bin/python -m dvc --version - INITIALIZED
[version: 1.2.29, 2025-11-27T12:33:38.056Z, pid: 73379] > /home/peaches/anaconda3/bin/python -m dvc --version - FAILED with code 1 (14ms)
/home/peaches/anaconda3/bin/python: No module named dvc

[version: 1.2.29, 2025-11-27T12:33:38.062Z, pid: 0] > dvc --version - INITIALIZED
[version: 1.2.29, 2025-11-27T12:33:38.064Z, pid: 0] > dvc --version - FAILED (6ms)
Command failed with ENOENT: dvc --version
spawn dvc ENOENT
[version: 1.2.29, 2025-11-27T12:33:43.070Z, pid: 73381] > /home/peaches/anaconda3/bin/python -m dvc --version - INITIALIZED
[version: 1.2.29, 2025-11-27T12:33:43.080Z, pid: 73381] > /home/peaches/anaconda3/bin/python -m dvc --version - FAILED with code 1 (15ms)
/home/peaches/anaconda3/bin/python: No module named dvc

[version: 1.2.29, 2025-11-27T12:33:43.087Z, pid: 0] > dvc --version - INITIALIZED
[version: 1.2.29, 2025-11-27T12:33:43.087Z, pid: 0] > dvc --version - FAILED (6ms)
Command failed with ENOENT: dvc --version
spawn dvc ENOENT
[version: 1.2.29, 2025-11-27T12:33:48.095Z, pid: 73397] > /home/peaches/anaconda3/bin/python -m dvc --version - INITIALIZED
[version: 1.2.29, 2025-11-27T12:33:48.107Z, pid: 73397] > /home/peaches/anaconda3/bin/python -m dvc --version - FAILED with code 1 (20ms)
/home/peaches/anaconda3/bin/python: No module named dvc

[version: 1.2.29, 2025-11-27T12:33:48.112Z, pid: 0] > dvc --version - INITIALIZED
[version: 1.2.29, 2025-11-27T12:33:48.113Z, pid: 0] > dvc --version - FAILED (6ms)
Command failed with ENOENT: dvc --version
spawn dvc ENOENT
[version: 1.2.29, 2025-11-27T12:33:53.119Z, pid: 73401] > /home/peaches/anaconda3/bin/python -m dvc --version - INITIALIZED
[version: 1.2.29, 2025-11-27T12:33:53.129Z, pid: 73401] > /home/peaches/anaconda3/bin/python -m dvc --version - FAILED with code 1 (15ms)
/home/peaches/anaconda3/bin/python: No module named dvc

[version: 1.2.29, 2025-11-27T12:33:53.134Z, pid: 0] > dvc --version - INITIALIZED
[version: 1.2.29, 2025-11-27T12:33:53.135Z, pid: 0] > dvc --version - FAILED (5ms)
Command failed with ENOENT: dvc --version
spawn dvc ENOENT
[version: 1.2.29, 2025-11-27T12:33:58.140Z, pid: 73403] > /home/peaches/anaconda3/bin/python -m dvc --version - INITIALIZED
[version: 1.2.29, 2025-11-27T12:33:58.150Z, pid: 73403] > /home/peaches/anaconda3/bin/python -m dvc --version - FAILED with code 1 (15ms)
/home/peaches/anaconda3/bin/python: No module named dvc

[version: 1.2.29, 2025-11-27T12:33:58.156Z, pid: 0] > dvc --version - INITIALIZED
[version: 1.2.29, 2025-11-27T12:33:58.157Z, pid: 0] > dvc --version - FAILED (6ms)
Command failed with ENOENT: dvc --version
spawn dvc ENOENT
[version: 1.2.29, 2025-11-27T12:34:03.163Z, pid: 73405] > /home/peaches/anaconda3/bin/python -m dvc --version - INITIALIZED
[version: 1.2.29, 2025-11-27T12:34:03.172Z, pid: 73405] > /home/peaches/anaconda3/bin/python -m dvc --version - FAILED with code 1 (14ms)
/home/peaches/anaconda3/bin/python: No module named dvc

[version: 1.2.29, 2025-11-27T12:34:03.177Z, pid: 0] > dvc --version - INITIALIZED
[version: 1.2.29, 2025-11-27T12:34:03.178Z, pid: 0] > dvc --version - FAILED (5ms)
Command failed with ENOENT: dvc --version
spawn dvc ENOENT
[version: 1.2.29, 2025-11-27T12:34:08.184Z, pid: 73407] > /home/peaches/anaconda3/bin/python -m dvc --version - INITIALIZED
[version: 1.2.29, 2025-11-27T12:34:08.193Z, pid: 73407] > /home/peaches/anaconda3/bin/python -m dvc --version - FAILED with code 1 (14ms)
/home/peaches/anaconda3/bin/python: No module named dvc

[version: 1.2.29, 2025-11-27T12:34:08.197Z, pid: 0] > dvc --version - INITIALIZED
[version: 1.2.29, 2025-11-27T12:34:08.198Z, pid: 0] > dvc --version - FAILED (5ms)
Command failed with ENOENT: dvc --version
spawn dvc ENOENT
[version: 1.2.29, 2025-11-27T12:34:13.204Z, pid: 73409] > /home/peaches/anaconda3/bin/python -m dvc --version - INITIALIZED
[version: 1.2.29, 2025-11-27T12:34:13.213Z, pid: 73409] > /home/peaches/anaconda3/bin/python -m dvc --version - FAILED with code 1 (14ms)
/home/peaches/anaconda3/bin/python: No module named dvc

[version: 1.2.29, 2025-11-27T12:34:13.218Z, pid: 0] > dvc --version - INITIALIZED
[version: 1.2.29, 2025-11-27T12:34:13.219Z, pid: 0] > dvc --version - FAILED (5ms)
Command failed with ENOENT: dvc --version
spawn dvc ENOENT
[version: 1.2.29, 2025-11-27T12:34:18.224Z, pid: 73411] > /home/peaches/anaconda3/bin/python -m dvc --version - INITIALIZED
[version: 1.2.29, 2025-11-27T12:34:18.233Z, pid: 73411] > /home/peaches/anaconda3/bin/python -m dvc --version - FAILED with code 1 (15ms)
/home/peaches/anaconda3/bin/python: No module named dvc

[version: 1.2.29, 2025-11-27T12:34:18.237Z, pid: 0] > dvc --version - INITIALIZED
[version: 1.2.29, 2025-11-27T12:34:18.238Z, pid: 0] > dvc --version - FAILED (5ms)
Command failed with ENOENT: dvc --version
spawn dvc ENOENT
[version: 1.2.29, 2025-11-27T12:34:23.243Z, pid: 73413] > /home/peaches/anaconda3/bin/python -m dvc --version - INITIALIZED
[version: 1.2.29, 2025-11-27T12:34:23.252Z, pid: 73413] > /home/peaches/anaconda3/bin/python -m dvc --version - FAILED with code 1 (14ms)
/home/peaches/anaconda3/bin/python: No module named dvc

[version: 1.2.29, 2025-11-27T12:34:23.256Z, pid: 0] > dvc --version - INITIALIZED
[version: 1.2.29, 2025-11-27T12:34:23.257Z, pid: 0] > dvc --version - FAILED (5ms)
Command failed with ENOENT: dvc --version
spawn dvc ENOENT
[version: 1.2.29, 2025-11-27T12:34:28.263Z, pid: 73415] > /home/peaches/anaconda3/bin/python -m dvc --version - INITIALIZED
[version: 1.2.29, 2025-11-27T12:34:28.272Z, pid: 73415] > /home/peaches/anaconda3/bin/python -m dvc --version - FAILED with code 1 (14ms)
/home/peaches/anaconda3/bin/python: No module named dvc

[version: 1.2.29, 2025-11-27T12:34:28.276Z, pid: 0] > dvc --version - INITIALIZED
[version: 1.2.29, 2025-11-27T12:34:28.277Z, pid: 0] > dvc --version - FAILED (5ms)
Command failed with ENOENT: dvc --version
spawn dvc ENOENT
[version: 1.2.29, 2025-11-27T12:34:33.283Z, pid: 73420] > /home/peaches/anaconda3/bin/python -m dvc --version - INITIALIZED
[version: 1.2.29, 2025-11-27T12:34:33.293Z, pid: 73420] > /home/peaches/anaconda3/bin/python -m dvc --version - FAILED with code 1 (15ms)
/home/peaches/anaconda3/bin/python: No module named dvc

[version: 1.2.29, 2025-11-27T12:34:33.298Z, pid: 0] > dvc --version - INITIALIZED
[version: 1.2.29, 2025-11-27T12:34:33.299Z, pid: 0] > dvc --version - FAILED (6ms)
Command failed with ENOENT: dvc --version
spawn dvc ENOENT
[version: 1.2.29, 2025-11-27T12:34:38.306Z, pid: 73422] > /home/peaches/anaconda3/bin/python -m dvc --version - INITIALIZED
[version: 1.2.29, 2025-11-27T12:34:38.317Z, pid: 73422] > /home/peaches/anaconda3/bin/python -m dvc --version - FAILED with code 1 (18ms)
/home/peaches/anaconda3/bin/python: No module named dvc

[version: 1.2.29, 2025-11-27T12:34:38.322Z, pid: 0] > dvc --version - INITIALIZED
[version: 1.2.29, 2025-11-27T12:34:38.323Z, pid: 0] > dvc --version - FAILED (6ms)
Command failed with ENOENT: dvc --version
spawn dvc ENOENT
[version: 1.2.29, 2025-11-27T12:34:43.328Z, pid: 73425] > /home/peaches/anaconda3/bin/python -m dvc --version - INITIALIZED
[version: 1.2.29, 2025-11-27T12:34:43.338Z, pid: 73425] > /home/peaches/anaconda3/bin/python -m dvc --version - FAILED with code 1 (15ms)
/home/peaches/anaconda3/bin/python: No module named dvc

[version: 1.2.29, 2025-11-27T12:34:43.342Z, pid: 0] > dvc --version - INITIALIZED
[version: 1.2.29, 2025-11-27T12:34:43.343Z, pid: 0] > dvc --version - FAILED (5ms)
Command failed with ENOENT: dvc --version
spawn dvc ENOENT
[version: 1.2.29, 2025-11-27T12:34:48.349Z, pid: 73427] > /home/peaches/anaconda3/bin/python -m dvc --version - INITIALIZED
[version: 1.2.29, 2025-11-27T12:34:48.358Z, pid: 73427] > /home/peaches/anaconda3/bin/python -m dvc --version - FAILED with code 1 (14ms)
/home/peaches/anaconda3/bin/python: No module named dvc

[version: 1.2.29, 2025-11-27T12:34:48.363Z, pid: 0] > dvc --version - INITIALIZED
[version: 1.2.29, 2025-11-27T12:34:48.364Z, pid: 0] > dvc --version - FAILED (5ms)
Command failed with ENOENT: dvc --version
spawn dvc ENOENT
[version: 1.2.29, 2025-11-27T12:34:53.372Z, pid: 73431] > /home/peaches/anaconda3/bin/python -m dvc --version - INITIALIZED
[version: 1.2.29, 2025-11-27T12:34:53.384Z, pid: 73431] > /home/peaches/anaconda3/bin/python -m dvc --version - FAILED with code 1 (19ms)
/home/peaches/anaconda3/bin/python: No module named dvc

[version: 1.2.29, 2025-11-27T12:34:53.389Z, pid: 0] > dvc --version - INITIALIZED
[version: 1.2.29, 2025-11-27T12:34:53.390Z, pid: 0] > dvc --version - FAILED (6ms)
Command failed with ENOENT: dvc --version
spawn dvc ENOENT
[version: 1.2.29, 2025-11-27T12:34:58.397Z, pid: 73433] > /home/peaches/anaconda3/bin/python -m dvc --version - INITIALIZED
[version: 1.2.29, 2025-11-27T12:34:58.406Z, pid: 73433] > /home/peaches/anaconda3/bin/python -m dvc --version - FAILED with code 1 (15ms)
/home/peaches/anaconda3/bin/python: No module named dvc

[version: 1.2.29, 2025-11-27T12:34:58.411Z, pid: 0] > dvc --version - INITIALIZED
[version: 1.2.29, 2025-11-27T12:34:58.412Z, pid: 0] > dvc --version - FAILED (5ms)
Command failed with ENOENT: dvc --version
spawn dvc ENOENT
[version: 1.2.29, 2025-11-27T12:35:03.419Z, pid: 73435] > /home/peaches/anaconda3/bin/python -m dvc --version - INITIALIZED
[version: 1.2.29, 2025-11-27T12:35:03.428Z, pid: 73435] > /home/peaches/anaconda3/bin/python -m dvc --version - FAILED with code 1 (15ms)
/home/peaches/anaconda3/bin/python: No module named dvc

[version: 1.2.29, 2025-11-27T12:35:03.433Z, pid: 0] > dvc --version - INITIALIZED
[version: 1.2.29, 2025-11-27T12:35:03.433Z, pid: 0] > dvc --version - FAILED (5ms)
Command failed with ENOENT: dvc --version
spawn dvc ENOENT
[version: 1.2.29, 2025-11-27T12:35:08.438Z, pid: 73440] > /home/peaches/anaconda3/bin/python -m dvc --version - INITIALIZED
[version: 1.2.29, 2025-11-27T12:35:08.448Z, pid: 73440] > /home/peaches/anaconda3/bin/python -m dvc --version - FAILED with code 1 (15ms)
/home/peaches/anaconda3/bin/python: No module named dvc

[version: 1.2.29, 2025-11-27T12:35:08.454Z, pid: 0] > dvc --version - INITIALIZED
[version: 1.2.29, 2025-11-27T12:35:08.455Z, pid: 0] > dvc --version - FAILED (6ms)
Command failed with ENOENT: dvc --version
spawn dvc ENOENT
[version: 1.2.29, 2025-11-27T12:35:13.462Z, pid: 73445] > /home/peaches/anaconda3/bin/python -m dvc --version - INITIALIZED
[version: 1.2.29, 2025-11-27T12:35:13.472Z, pid: 73445] > /home/peaches/anaconda3/bin/python -m dvc --version - FAILED with code 1 (16ms)
/home/peaches/anaconda3/bin/python: No module named dvc

[version: 1.2.29, 2025-11-27T12:35:13.478Z, pid: 0] > dvc --version - INITIALIZED
[version: 1.2.29, 2025-11-27T12:35:13.479Z, pid: 0] > dvc --version - FAILED (7ms)
Command failed with ENOENT: dvc --version
spawn dvc ENOENT
[version: 1.2.29, 2025-11-27T12:35:18.486Z, pid: 73447] > /home/peaches/anaconda3/bin/python -m dvc --version - INITIALIZED
[version: 1.2.29, 2025-11-27T12:35:18.495Z, pid: 73447] > /home/peaches/anaconda3/bin/python -m dvc --version - FAILED with code 1 (16ms)
/home/peaches/anaconda3/bin/python: No module named dvc

[version: 1.2.29, 2025-11-27T12:35:18.500Z, pid: 0] > dvc --version - INITIALIZED
[version: 1.2.29, 2025-11-27T12:35:18.501Z, pid: 0] > dvc --version - FAILED (6ms)
Command failed with ENOENT: dvc --version
spawn dvc ENOENT
[version: 1.2.29, 2025-11-27T12:35:23.506Z, pid: 73449] > /home/peaches/anaconda3/bin/python -m dvc --version - INITIALIZED
[version: 1.2.29, 2025-11-27T12:35:23.515Z, pid: 73449] > /home/peaches/anaconda3/bin/python -m dvc --version - FAILED with code 1 (14ms)
/home/peaches/anaconda3/bin/python: No module named dvc

[version: 1.2.29, 2025-11-27T12:35:23.519Z, pid: 0] > dvc --version - INITIALIZED
[version: 1.2.29, 2025-11-27T12:35:23.520Z, pid: 0] > dvc --version - FAILED (5ms)
Command failed with ENOENT: dvc --version
spawn dvc ENOENT
[version: 1.2.29, 2025-11-27T12:35:28.525Z, pid: 73451] > /home/peaches/anaconda3/bin/python -m dvc --version - INITIALIZED
[version: 1.2.29, 2025-11-27T12:35:28.535Z, pid: 73451] > /home/peaches/anaconda3/bin/python -m dvc --version - FAILED with code 1 (15ms)
/home/peaches/anaconda3/bin/python: No module named dvc

[version: 1.2.29, 2025-11-27T12:35:28.539Z, pid: 0] > dvc --version - INITIALIZED
[version: 1.2.29, 2025-11-27T12:35:28.540Z, pid: 0] > dvc --version - FAILED (5ms)
Command failed with ENOENT: dvc --version
spawn dvc ENOENT
[version: 1.2.29, 2025-11-27T12:35:33.547Z, pid: 73453] > /home/peaches/anaconda3/bin/python -m dvc --version - INITIALIZED
[version: 1.2.29, 2025-11-27T12:35:33.556Z, pid: 73453] > /home/peaches/anaconda3/bin/python -m dvc --version - FAILED with code 1 (15ms)
/home/peaches/anaconda3/bin/python: No module named dvc

[version: 1.2.29, 2025-11-27T12:35:33.561Z, pid: 0] > dvc --version - INITIALIZED
[version: 1.2.29, 2025-11-27T12:35:33.561Z, pid: 0] > dvc --version - FAILED (4ms)
Command failed with ENOENT: dvc --version
spawn dvc ENOENT
[version: 1.2.29, 2025-11-27T12:35:38.566Z, pid: 73455] > /home/peaches/anaconda3/bin/python -m dvc --version - INITIALIZED
[version: 1.2.29, 2025-11-27T12:35:38.576Z, pid: 73455] > /home/peaches/anaconda3/bin/python -m dvc --version - FAILED with code 1 (15ms)
/home/peaches/anaconda3/bin/python: No module named dvc

[version: 1.2.29, 2025-11-27T12:35:38.581Z, pid: 0] > dvc --version - INITIALIZED
[version: 1.2.29, 2025-11-27T12:35:38.582Z, pid: 0] > dvc --version - FAILED (5ms)
Command failed with ENOENT: dvc --version
spawn dvc ENOENT
[version: 1.2.29, 2025-11-27T12:35:43.588Z, pid: 73457] > /home/peaches/anaconda3/bin/python -m dvc --version - INITIALIZED
[version: 1.2.29, 2025-11-27T12:35:43.598Z, pid: 73457] > /home/peaches/anaconda3/bin/python -m dvc --version - FAILED with code 1 (16ms)
/home/peaches/anaconda3/bin/python: No module named dvc

[version: 1.2.29, 2025-11-27T12:35:43.602Z, pid: 0] > dvc --version - INITIALIZED
[version: 1.2.29, 2025-11-27T12:35:43.603Z, pid: 0] > dvc --version - FAILED (5ms)
Command failed with ENOENT: dvc --version
spawn dvc ENOENT
[version: 1.2.29, 2025-11-27T12:35:48.608Z, pid: 73459] > /home/peaches/anaconda3/bin/python -m dvc --version - INITIALIZED
[version: 1.2.29, 2025-11-27T12:35:48.618Z, pid: 73459] > /home/peaches/anaconda3/bin/python -m dvc --version - FAILED with code 1 (14ms)
/home/peaches/anaconda3/bin/python: No module named dvc

[version: 1.2.29, 2025-11-27T12:35:48.622Z, pid: 0] > dvc --version - INITIALIZED
[version: 1.2.29, 2025-11-27T12:35:48.623Z, pid: 0] > dvc --version - FAILED (5ms)
Command failed with ENOENT: dvc --version
spawn dvc ENOENT
[version: 1.2.29, 2025-11-27T12:35:53.629Z, pid: 73463] > /home/peaches/anaconda3/bin/python -m dvc --version - INITIALIZED
[version: 1.2.29, 2025-11-27T12:35:53.639Z, pid: 73463] > /home/peaches/anaconda3/bin/python -m dvc --version - FAILED with code 1 (16ms)
/home/peaches/anaconda3/bin/python: No module named dvc

[version: 1.2.29, 2025-11-27T12:35:53.644Z, pid: 0] > dvc --version - INITIALIZED
[version: 1.2.29, 2025-11-27T12:35:53.645Z, pid: 0] > dvc --version - FAILED (5ms)
Command failed with ENOENT: dvc --version
spawn dvc ENOENT
[version: 1.2.29, 2025-11-27T12:35:58.650Z, pid: 73466] > /home/peaches/anaconda3/bin/python -m dvc --version - INITIALIZED
[version: 1.2.29, 2025-11-27T12:35:58.660Z, pid: 73466] > /home/peaches/anaconda3/bin/python -m dvc --version - FAILED with code 1 (15ms)
/home/peaches/anaconda3/bin/python: No module named dvc

[version: 1.2.29, 2025-11-27T12:35:58.664Z, pid: 0] > dvc --version - INITIALIZED
[version: 1.2.29, 2025-11-27T12:35:58.665Z, pid: 0] > dvc --version - FAILED (5ms)
Command failed with ENOENT: dvc --version
spawn dvc ENOENT
[version: 1.2.29, 2025-11-27T12:36:03.671Z, pid: 73468] > /home/peaches/anaconda3/bin/python -m dvc --version - INITIALIZED
[version: 1.2.29, 2025-11-27T12:36:03.681Z, pid: 73468] > /home/peaches/anaconda3/bin/python -m dvc --version - FAILED with code 1 (15ms)
/home/peaches/anaconda3/bin/python: No module named dvc

[version: 1.2.29, 2025-11-27T12:36:03.685Z, pid: 0] > dvc --version - INITIALIZED
[version: 1.2.29, 2025-11-27T12:36:03.686Z, pid: 0] > dvc --version - FAILED (5ms)
Command failed with ENOENT: dvc --version
spawn dvc ENOENT
[version: 1.2.29, 2025-11-27T12:36:08.692Z, pid: 73470] > /home/peaches/anaconda3/bin/python -m dvc --version - INITIALIZED
[version: 1.2.29, 2025-11-27T12:36:08.701Z, pid: 73470] > /home/peaches/anaconda3/bin/python -m dvc --version - FAILED with code 1 (14ms)
/home/peaches/anaconda3/bin/python: No module named dvc

[version: 1.2.29, 2025-11-27T12:36:08.706Z, pid: 0] > dvc --version - INITIALIZED
[version: 1.2.29, 2025-11-27T12:36:08.707Z, pid: 0] > dvc --version - FAILED (5ms)
Command failed with ENOENT: dvc --version
spawn dvc ENOENT
[version: 1.2.29, 2025-11-27T12:36:13.712Z, pid: 73472] > /home/peaches/anaconda3/bin/python -m dvc --version - INITIALIZED
[version: 1.2.29, 2025-11-27T12:36:13.722Z, pid: 73472] > /home/peaches/anaconda3/bin/python -m dvc --version - FAILED with code 1 (15ms)
/home/peaches/anaconda3/bin/python: No module named dvc

[version: 1.2.29, 2025-11-27T12:36:13.726Z, pid: 0] > dvc --version - INITIALIZED
[version: 1.2.29, 2025-11-27T12:36:13.727Z, pid: 0] > dvc --version - FAILED (5ms)
Command failed with ENOENT: dvc --version
spawn dvc ENOENT
[version: 1.2.29, 2025-11-27T12:36:18.733Z, pid: 73475] > /home/peaches/anaconda3/bin/python -m dvc --version - INITIALIZED
[version: 1.2.29, 2025-11-27T12:36:18.742Z, pid: 73475] > /home/peaches/anaconda3/bin/python -m dvc --version - FAILED with code 1 (14ms)
/home/peaches/anaconda3/bin/python: No module named dvc

[version: 1.2.29, 2025-11-27T12:36:18.747Z, pid: 0] > dvc --version - INITIALIZED
[version: 1.2.29, 2025-11-27T12:36:18.748Z, pid: 0] > dvc --version - FAILED (5ms)
Command failed with ENOENT: dvc --version
spawn dvc ENOENT
[version: 1.2.29, 2025-11-27T12:36:23.754Z, pid: 73477] > /home/peaches/anaconda3/bin/python -m dvc --version - INITIALIZED
[version: 1.2.29, 2025-11-27T12:36:23.763Z, pid: 73477] > /home/peaches/anaconda3/bin/python -m dvc --version - FAILED with code 1 (14ms)
/home/peaches/anaconda3/bin/python: No module named dvc

[version: 1.2.29, 2025-11-27T12:36:23.767Z, pid: 0] > dvc --version - INITIALIZED
[version: 1.2.29, 2025-11-27T12:36:23.768Z, pid: 0] > dvc --version - FAILED (5ms)
Command failed with ENOENT: dvc --version
spawn dvc ENOENT
[version: 1.2.29, 2025-11-27T12:36:28.773Z, pid: 73479] > /home/peaches/anaconda3/bin/python -m dvc --version - INITIALIZED
[version: 1.2.29, 2025-11-27T12:36:28.783Z, pid: 73479] > /home/peaches/anaconda3/bin/python -m dvc --version - FAILED with code 1 (15ms)
/home/peaches/anaconda3/bin/python: No module named dvc

[version: 1.2.29, 2025-11-27T12:36:28.788Z, pid: 0] > dvc --version - INITIALIZED
[version: 1.2.29, 2025-11-27T12:36:28.788Z, pid: 0] > dvc --version - FAILED (5ms)
Command failed with ENOENT: dvc --version
spawn dvc ENOENT
[version: 1.2.29, 2025-11-27T12:36:33.795Z, pid: 73485] > /home/peaches/anaconda3/bin/python -m dvc --version - INITIALIZED
[version: 1.2.29, 2025-11-27T12:36:33.804Z, pid: 73485] > /home/peaches/anaconda3/bin/python -m dvc --version - FAILED with code 1 (15ms)
/home/peaches/anaconda3/bin/python: No module named dvc

[version: 1.2.29, 2025-11-27T12:36:33.809Z, pid: 0] > dvc --version - INITIALIZED
[version: 1.2.29, 2025-11-27T12:36:33.810Z, pid: 0] > dvc --version - FAILED (5ms)
Command failed with ENOENT: dvc --version
spawn dvc ENOENT
[version: 1.2.29, 2025-11-27T12:36:38.816Z, pid: 73487] > /home/peaches/anaconda3/bin/python -m dvc --version - INITIALIZED
[version: 1.2.29, 2025-11-27T12:36:38.825Z, pid: 73487] > /home/peaches/anaconda3/bin/python -m dvc --version - FAILED with code 1 (14ms)
/home/peaches/anaconda3/bin/python: No module named dvc

[version: 1.2.29, 2025-11-27T12:36:38.830Z, pid: 0] > dvc --version - INITIALIZED
[version: 1.2.29, 2025-11-27T12:36:38.830Z, pid: 0] > dvc --version - FAILED (5ms)
Command failed with ENOENT: dvc --version
spawn dvc ENOENT
[version: 1.2.29, 2025-11-27T12:36:43.837Z, pid: 73492] > /home/peaches/anaconda3/bin/python -m dvc --version - INITIALIZED
[version: 1.2.29, 2025-11-27T12:36:43.846Z, pid: 73492] > /home/peaches/anaconda3/bin/python -m dvc --version - FAILED with code 1 (15ms)
/home/peaches/anaconda3/bin/python: No module named dvc

[version: 1.2.29, 2025-11-27T12:36:43.850Z, pid: 0] > dvc --version - INITIALIZED
[version: 1.2.29, 2025-11-27T12:36:43.851Z, pid: 0] > dvc --version - FAILED (5ms)
Command failed with ENOENT: dvc --version
spawn dvc ENOENT
[version: 1.2.29, 2025-11-27T12:36:48.856Z, pid: 73495] > /home/peaches/anaconda3/bin/python -m dvc --version - INITIALIZED
[version: 1.2.29, 2025-11-27T12:36:48.865Z, pid: 73495] > /home/peaches/anaconda3/bin/python -m dvc --version - FAILED with code 1 (14ms)
/home/peaches/anaconda3/bin/python: No module named dvc

[version: 1.2.29, 2025-11-27T12:36:48.870Z, pid: 0] > dvc --version - INITIALIZED
[version: 1.2.29, 2025-11-27T12:36:48.870Z, pid: 0] > dvc --version - FAILED (4ms)
Command failed with ENOENT: dvc --version
spawn dvc ENOENT
[version: 1.2.29, 2025-11-27T12:36:53.877Z, pid: 73500] > /home/peaches/anaconda3/bin/python -m dvc --version - INITIALIZED
[version: 1.2.29, 2025-11-27T12:36:53.886Z, pid: 73500] > /home/peaches/anaconda3/bin/python -m dvc --version - FAILED with code 1 (15ms)
/home/peaches/anaconda3/bin/python: No module named dvc

[version: 1.2.29, 2025-11-27T12:36:53.890Z, pid: 0] > dvc --version - INITIALIZED
[version: 1.2.29, 2025-11-27T12:36:53.891Z, pid: 0] > dvc --version - FAILED (5ms)
Command failed with ENOENT: dvc --version
spawn dvc ENOENT
[version: 1.2.29, 2025-11-27T12:36:58.896Z, pid: 73510] > /home/peaches/anaconda3/bin/python -m dvc --version - INITIALIZED
[version: 1.2.29, 2025-11-27T12:36:58.906Z, pid: 73510] > /home/peaches/anaconda3/bin/python -m dvc --version - FAILED with code 1 (14ms)
/home/peaches/anaconda3/bin/python: No module named dvc

[version: 1.2.29, 2025-11-27T12:36:58.912Z, pid: 0] > dvc --version - INITIALIZED
[version: 1.2.29, 2025-11-27T12:36:58.912Z, pid: 0] > dvc --version - FAILED (6ms)
Command failed with ENOENT: dvc --version
spawn dvc ENOENT
[version: 1.2.29, 2025-11-27T12:37:03.918Z, pid: 73512] > /home/peaches/anaconda3/bin/python -m dvc --version - INITIALIZED
[version: 1.2.29, 2025-11-27T12:37:03.927Z, pid: 73512] > /home/peaches/anaconda3/bin/python -m dvc --version - FAILED with code 1 (14ms)
/home/peaches/anaconda3/bin/python: No module named dvc

[version: 1.2.29, 2025-11-27T12:37:03.931Z, pid: 0] > dvc --version - INITIALIZED
[version: 1.2.29, 2025-11-27T12:37:03.932Z, pid: 0] > dvc --version - FAILED (5ms)
Command failed with ENOENT: dvc --version
spawn dvc ENOENT
[version: 1.2.29, 2025-11-27T12:37:08.937Z, pid: 73514] > /home/peaches/anaconda3/bin/python -m dvc --version - INITIALIZED
[version: 1.2.29, 2025-11-27T12:37:08.946Z, pid: 73514] > /home/peaches/anaconda3/bin/python -m dvc --version - FAILED with code 1 (13ms)
/home/peaches/anaconda3/bin/python: No module named dvc

[version: 1.2.29, 2025-11-27T12:37:08.951Z, pid: 0] > dvc --version - INITIALIZED
[version: 1.2.29, 2025-11-27T12:37:08.952Z, pid: 0] > dvc --version - FAILED (5ms)
Command failed with ENOENT: dvc --version
spawn dvc ENOENT
[version: 1.2.29, 2025-11-27T12:37:13.958Z, pid: 73519] > /home/peaches/anaconda3/bin/python -m dvc --version - INITIALIZED
[version: 1.2.29, 2025-11-27T12:37:13.967Z, pid: 73519] > /home/peaches/anaconda3/bin/python -m dvc --version - FAILED with code 1 (14ms)
/home/peaches/anaconda3/bin/python: No module named dvc

[version: 1.2.29, 2025-11-27T12:37:13.972Z, pid: 0] > dvc --version - INITIALIZED
[version: 1.2.29, 2025-11-27T12:37:13.973Z, pid: 0] > dvc --version - FAILED (4ms)
Command failed with ENOENT: dvc --version
spawn dvc ENOENT
[version: 1.2.29, 2025-11-27T12:37:18.979Z, pid: 73521] > /home/peaches/anaconda3/bin/python -m dvc --version - INITIALIZED
[version: 1.2.29, 2025-11-27T12:37:18.988Z, pid: 73521] > /home/peaches/anaconda3/bin/python -m dvc --version - FAILED with code 1 (14ms)
/home/peaches/anaconda3/bin/python: No module named dvc

[version: 1.2.29, 2025-11-27T12:37:18.992Z, pid: 0] > dvc --version - INITIALIZED
[version: 1.2.29, 2025-11-27T12:37:18.993Z, pid: 0] > dvc --version - FAILED (5ms)
Command failed with ENOENT: dvc --version
spawn dvc ENOENT
[version: 1.2.29, 2025-11-27T12:37:23.999Z, pid: 73524] > /home/peaches/anaconda3/bin/python -m dvc --version - INITIALIZED
[version: 1.2.29, 2025-11-27T12:37:24.009Z, pid: 73524] > /home/peaches/anaconda3/bin/python -m dvc --version - FAILED with code 1 (15ms)
/home/peaches/anaconda3/bin/python: No module named dvc

[version: 1.2.29, 2025-11-27T12:37:24.013Z, pid: 0] > dvc --version - INITIALIZED
[version: 1.2.29, 2025-11-27T12:37:24.014Z, pid: 0] > dvc --version - FAILED (5ms)
Command failed with ENOENT: dvc --version
spawn dvc ENOENT
[version: 1.2.29, 2025-11-27T12:37:29.020Z, pid: 73526] > /home/peaches/anaconda3/bin/python -m dvc --version - INITIALIZED
[version: 1.2.29, 2025-11-27T12:37:29.029Z, pid: 73526] > /home/peaches/anaconda3/bin/python -m dvc --version - FAILED with code 1 (14ms)
/home/peaches/anaconda3/bin/python: No module named dvc

[version: 1.2.29, 2025-11-27T12:37:29.034Z, pid: 0] > dvc --version - INITIALIZED
[version: 1.2.29, 2025-11-27T12:37:29.035Z, pid: 0] > dvc --version - FAILED (5ms)
Command failed with ENOENT: dvc --version
spawn dvc ENOENT
[version: 1.2.29, 2025-11-27T12:37:34.042Z, pid: 73528] > /home/peaches/anaconda3/bin/python -m dvc --version - INITIALIZED
[version: 1.2.29, 2025-11-27T12:37:34.051Z, pid: 73528] > /home/peaches/anaconda3/bin/python -m dvc --version - FAILED with code 1 (14ms)
/home/peaches/anaconda3/bin/python: No module named dvc

[version: 1.2.29, 2025-11-27T12:37:34.056Z, pid: 0] > dvc --version - INITIALIZED
[version: 1.2.29, 2025-11-27T12:37:34.057Z, pid: 0] > dvc --version - FAILED (5ms)
Command failed with ENOENT: dvc --version
spawn dvc ENOENT
[version: 1.2.29, 2025-11-27T12:37:39.063Z, pid: 73530] > /home/peaches/anaconda3/bin/python -m dvc --version - INITIALIZED
[version: 1.2.29, 2025-11-27T12:37:39.074Z, pid: 73530] > /home/peaches/anaconda3/bin/python -m dvc --version - FAILED with code 1 (16ms)
/home/peaches/anaconda3/bin/python: No module named dvc

[version: 1.2.29, 2025-11-27T12:37:39.079Z, pid: 0] > dvc --version - INITIALIZED
[version: 1.2.29, 2025-11-27T12:37:39.079Z, pid: 0] > dvc --version - FAILED (5ms)
Command failed with ENOENT: dvc --version
spawn dvc ENOENT
[version: 1.2.29, 2025-11-27T12:37:44.085Z, pid: 73532] > /home/peaches/anaconda3/bin/python -m dvc --version - INITIALIZED
[version: 1.2.29, 2025-11-27T12:37:44.095Z, pid: 73532] > /home/peaches/anaconda3/bin/python -m dvc --version - FAILED with code 1 (15ms)
/home/peaches/anaconda3/bin/python: No module named dvc

[version: 1.2.29, 2025-11-27T12:37:44.099Z, pid: 0] > dvc --version - INITIALIZED
[version: 1.2.29, 2025-11-27T12:37:44.100Z, pid: 0] > dvc --version - FAILED (5ms)
Command failed with ENOENT: dvc --version
spawn dvc ENOENT
[version: 1.2.29, 2025-11-27T12:37:49.105Z, pid: 73534] > /home/peaches/anaconda3/bin/python -m dvc --version - INITIALIZED
[version: 1.2.29, 2025-11-27T12:37:49.117Z, pid: 73534] > /home/peaches/anaconda3/bin/python -m dvc --version - FAILED with code 1 (16ms)
/home/peaches/anaconda3/bin/python: No module named dvc

[version: 1.2.29, 2025-11-27T12:37:49.122Z, pid: 0] > dvc --version - INITIALIZED
[version: 1.2.29, 2025-11-27T12:37:49.122Z, pid: 0] > dvc --version - FAILED (4ms)
Command failed with ENOENT: dvc --version
spawn dvc ENOENT
[version: 1.2.29, 2025-11-27T12:37:54.127Z, pid: 73538] > /home/peaches/anaconda3/bin/python -m dvc --version - INITIALIZED
[version: 1.2.29, 2025-11-27T12:37:54.137Z, pid: 73538] > /home/peaches/anaconda3/bin/python -m dvc --version - FAILED with code 1 (15ms)
/home/peaches/anaconda3/bin/python: No module named dvc

[version: 1.2.29, 2025-11-27T12:37:54.141Z, pid: 0] > dvc --version - INITIALIZED
[version: 1.2.29, 2025-11-27T12:37:54.142Z, pid: 0] > dvc --version - FAILED (5ms)
Command failed with ENOENT: dvc --version
spawn dvc ENOENT
[version: 1.2.29, 2025-11-27T12:37:59.148Z, pid: 73540] > /home/peaches/anaconda3/bin/python -m dvc --version - INITIALIZED
[version: 1.2.29, 2025-11-27T12:37:59.158Z, pid: 73540] > /home/peaches/anaconda3/bin/python -m dvc --version - FAILED with code 1 (14ms)
/home/peaches/anaconda3/bin/python: No module named dvc

[version: 1.2.29, 2025-11-27T12:37:59.162Z, pid: 0] > dvc --version - INITIALIZED
[version: 1.2.29, 2025-11-27T12:37:59.163Z, pid: 0] > dvc --version - FAILED (5ms)
Command failed with ENOENT: dvc --version
spawn dvc ENOENT
[version: 1.2.29, 2025-11-27T12:38:04.169Z, pid: 73543] > /home/peaches/anaconda3/bin/python -m dvc --version - INITIALIZED
[version: 1.2.29, 2025-11-27T12:38:04.179Z, pid: 73543] > /home/peaches/anaconda3/bin/python -m dvc --version - FAILED with code 1 (14ms)
/home/peaches/anaconda3/bin/python: No module named dvc

[version: 1.2.29, 2025-11-27T12:38:04.183Z, pid: 0] > dvc --version - INITIALIZED
[version: 1.2.29, 2025-11-27T12:38:04.184Z, pid: 0] > dvc --version - FAILED (5ms)
Command failed with ENOENT: dvc --version
spawn dvc ENOENT
[version: 1.2.29, 2025-11-27T12:38:09.190Z, pid: 73545] > /home/peaches/anaconda3/bin/python -m dvc --version - INITIALIZED
[version: 1.2.29, 2025-11-27T12:38:09.199Z, pid: 73545] > /home/peaches/anaconda3/bin/python -m dvc --version - FAILED with code 1 (14ms)
/home/peaches/anaconda3/bin/python: No module named dvc

[version: 1.2.29, 2025-11-27T12:38:09.204Z, pid: 0] > dvc --version - INITIALIZED
[version: 1.2.29, 2025-11-27T12:38:09.204Z, pid: 0] > dvc --version - FAILED (4ms)
Command failed with ENOENT: dvc --version
spawn dvc ENOENT
[version: 1.2.29, 2025-11-27T12:38:14.209Z, pid: 73547] > /home/peaches/anaconda3/bin/python -m dvc --version - INITIALIZED
[version: 1.2.29, 2025-11-27T12:38:14.218Z, pid: 73547] > /home/peaches/anaconda3/bin/python -m dvc --version - FAILED with code 1 (14ms)
/home/peaches/anaconda3/bin/python: No module named dvc

[version: 1.2.29, 2025-11-27T12:38:14.222Z, pid: 0] > dvc --version - INITIALIZED
[version: 1.2.29, 2025-11-27T12:38:14.223Z, pid: 0] > dvc --version - FAILED (5ms)
Command failed with ENOENT: dvc --version
spawn dvc ENOENT
[version: 1.2.29, 2025-11-27T12:38:19.229Z, pid: 73549] > /home/peaches/anaconda3/bin/python -m dvc --version - INITIALIZED
[version: 1.2.29, 2025-11-27T12:38:19.238Z, pid: 73549] > /home/peaches/anaconda3/bin/python -m dvc --version - FAILED with code 1 (14ms)
/home/peaches/anaconda3/bin/python: No module named dvc

[version: 1.2.29, 2025-11-27T12:38:19.243Z, pid: 0] > dvc --version - INITIALIZED
[version: 1.2.29, 2025-11-27T12:38:19.244Z, pid: 0] > dvc --version - FAILED (4ms)
Command failed with ENOENT: dvc --version
spawn dvc ENOENT
[version: 1.2.29, 2025-11-27T12:38:24.250Z, pid: 73551] > /home/peaches/anaconda3/bin/python -m dvc --version - INITIALIZED
[version: 1.2.29, 2025-11-27T12:38:24.259Z, pid: 73551] > /home/peaches/anaconda3/bin/python -m dvc --version - FAILED with code 1 (14ms)
/home/peaches/anaconda3/bin/python: No module named dvc

[version: 1.2.29, 2025-11-27T12:38:24.263Z, pid: 0] > dvc --version - INITIALIZED
[version: 1.2.29, 2025-11-27T12:38:24.264Z, pid: 0] > dvc --version - FAILED (5ms)
Command failed with ENOENT: dvc --version
spawn dvc ENOENT
[version: 1.2.29, 2025-11-27T12:38:29.269Z, pid: 73564] > /home/peaches/anaconda3/bin/python -m dvc --version - INITIALIZED
[version: 1.2.29, 2025-11-27T12:38:29.279Z, pid: 73564] > /home/peaches/anaconda3/bin/python -m dvc --version - FAILED with code 1 (14ms)
/home/peaches/anaconda3/bin/python: No module named dvc

[version: 1.2.29, 2025-11-27T12:38:29.283Z, pid: 0] > dvc --version - INITIALIZED
[version: 1.2.29, 2025-11-27T12:38:29.284Z, pid: 0] > dvc --version - FAILED (5ms)
Command failed with ENOENT: dvc --version
spawn dvc ENOENT
[version: 1.2.29, 2025-11-27T12:38:34.290Z, pid: 73566] > /home/peaches/anaconda3/bin/python -m dvc --version - INITIALIZED
[version: 1.2.29, 2025-11-27T12:38:34.299Z, pid: 73566] > /home/peaches/anaconda3/bin/python -m dvc --version - FAILED with code 1 (14ms)
/home/peaches/anaconda3/bin/python: No module named dvc

[version: 1.2.29, 2025-11-27T12:38:34.303Z, pid: 0] > dvc --version - INITIALIZED
[version: 1.2.29, 2025-11-27T12:38:34.304Z, pid: 0] > dvc --version - FAILED (4ms)
Command failed with ENOENT: dvc --version
spawn dvc ENOENT
[version: 1.2.29, 2025-11-27T12:38:39.310Z, pid: 73572] > /home/peaches/anaconda3/bin/python -m dvc --version - INITIALIZED
[version: 1.2.29, 2025-11-27T12:38:39.320Z, pid: 73572] > /home/peaches/anaconda3/bin/python -m dvc --version - FAILED with code 1 (16ms)
/home/peaches/anaconda3/bin/python: No module named dvc

[version: 1.2.29, 2025-11-27T12:38:39.324Z, pid: 0] > dvc --version - INITIALIZED
[version: 1.2.29, 2025-11-27T12:38:39.325Z, pid: 0] > dvc --version - FAILED (5ms)
Command failed with ENOENT: dvc --version
spawn dvc ENOENT
[version: 1.2.29, 2025-11-27T12:38:44.332Z, pid: 73574] > /home/peaches/anaconda3/bin/python -m dvc --version - INITIALIZED
[version: 1.2.29, 2025-11-27T12:38:44.341Z, pid: 73574] > /home/peaches/anaconda3/bin/python -m dvc --version - FAILED with code 1 (15ms)
/home/peaches/anaconda3/bin/python: No module named dvc

[version: 1.2.29, 2025-11-27T12:38:44.345Z, pid: 0] > dvc --version - INITIALIZED
[version: 1.2.29, 2025-11-27T12:38:44.346Z, pid: 0] > dvc --version - FAILED (5ms)
Command failed with ENOENT: dvc --version
spawn dvc ENOENT
[version: 1.2.29, 2025-11-27T12:38:49.352Z, pid: 73576] > /home/peaches/anaconda3/bin/python -m dvc --version - INITIALIZED
[version: 1.2.29, 2025-11-27T12:38:49.361Z, pid: 73576] > /home/peaches/anaconda3/bin/python -m dvc --version - FAILED with code 1 (14ms)
/home/peaches/anaconda3/bin/python: No module named dvc

[version: 1.2.29, 2025-11-27T12:38:49.365Z, pid: 0] > dvc --version - INITIALIZED
[version: 1.2.29, 2025-11-27T12:38:49.366Z, pid: 0] > dvc --version - FAILED (5ms)
Command failed with ENOENT: dvc --version
spawn dvc ENOENT
[version: 1.2.29, 2025-11-27T12:38:54.372Z, pid: 73580] > /home/peaches/anaconda3/bin/python -m dvc --version - INITIALIZED
[version: 1.2.29, 2025-11-27T12:38:54.381Z, pid: 73580] > /home/peaches/anaconda3/bin/python -m dvc --version - FAILED with code 1 (14ms)
/home/peaches/anaconda3/bin/python: No module named dvc

[version: 1.2.29, 2025-11-27T12:38:54.385Z, pid: 0] > dvc --version - INITIALIZED
[version: 1.2.29, 2025-11-27T12:38:54.386Z, pid: 0] > dvc --version - FAILED (5ms)
Command failed with ENOENT: dvc --version
spawn dvc ENOENT
[version: 1.2.29, 2025-11-27T12:38:59.393Z, pid: 73582] > /home/peaches/anaconda3/bin/python -m dvc --version - INITIALIZED
[version: 1.2.29, 2025-11-27T12:38:59.402Z, pid: 73582] > /home/peaches/anaconda3/bin/python -m dvc --version - FAILED with code 1 (16ms)
/home/peaches/anaconda3/bin/python: No module named dvc

[version: 1.2.29, 2025-11-27T12:38:59.407Z, pid: 0] > dvc --version - INITIALIZED
[version: 1.2.29, 2025-11-27T12:38:59.407Z, pid: 0] > dvc --version - FAILED (5ms)
Command failed with ENOENT: dvc --version
spawn dvc ENOENT
[version: 1.2.29, 2025-11-27T12:39:04.412Z, pid: 73584] > /home/peaches/anaconda3/bin/python -m dvc --version - INITIALIZED
[version: 1.2.29, 2025-11-27T12:39:04.421Z, pid: 73584] > /home/peaches/anaconda3/bin/python -m dvc --version - FAILED with code 1 (13ms)
/home/peaches/anaconda3/bin/python: No module named dvc

[version: 1.2.29, 2025-11-27T12:39:04.425Z, pid: 0] > dvc --version - INITIALIZED
[version: 1.2.29, 2025-11-27T12:39:04.426Z, pid: 0] > dvc --version - FAILED (4ms)
Command failed with ENOENT: dvc --version
spawn dvc ENOENT
[version: 1.2.29, 2025-11-27T12:39:09.431Z, pid: 73586] > /home/peaches/anaconda3/bin/python -m dvc --version - INITIALIZED
[version: 1.2.29, 2025-11-27T12:39:09.440Z, pid: 73586] > /home/peaches/anaconda3/bin/python -m dvc --version - FAILED with code 1 (14ms)
/home/peaches/anaconda3/bin/python: No module named dvc

[version: 1.2.29, 2025-11-27T12:39:09.445Z, pid: 0] > dvc --version - INITIALIZED
[version: 1.2.29, 2025-11-27T12:39:09.446Z, pid: 0] > dvc --version - FAILED (5ms)
Command failed with ENOENT: dvc --version
spawn dvc ENOENT
[version: 1.2.29, 2025-11-27T12:39:14.451Z, pid: 73588] > /home/peaches/anaconda3/bin/python -m dvc --version - INITIALIZED
[version: 1.2.29, 2025-11-27T12:39:14.460Z, pid: 73588] > /home/peaches/anaconda3/bin/python -m dvc --version - FAILED with code 1 (14ms)
/home/peaches/anaconda3/bin/python: No module named dvc

[version: 1.2.29, 2025-11-27T12:39:14.465Z, pid: 0] > dvc --version - INITIALIZED
[version: 1.2.29, 2025-11-27T12:39:14.465Z, pid: 0] > dvc --version - FAILED (4ms)
Command failed with ENOENT: dvc --version
spawn dvc ENOENT
[version: 1.2.29, 2025-11-27T12:39:19.471Z, pid: 73598] > /home/peaches/anaconda3/bin/python -m dvc --version - INITIALIZED
[version: 1.2.29, 2025-11-27T12:39:19.480Z, pid: 73598] > /home/peaches/anaconda3/bin/python -m dvc --version - FAILED with code 1 (15ms)
/home/peaches/anaconda3/bin/python: No module named dvc

[version: 1.2.29, 2025-11-27T12:39:19.485Z, pid: 0] > dvc --version - INITIALIZED
[version: 1.2.29, 2025-11-27T12:39:19.486Z, pid: 0] > dvc --version - FAILED (5ms)
Command failed with ENOENT: dvc --version
spawn dvc ENOENT
[version: 1.2.29, 2025-11-27T12:39:24.492Z, pid: 73600] > /home/peaches/anaconda3/bin/python -m dvc --version - INITIALIZED
[version: 1.2.29, 2025-11-27T12:39:24.501Z, pid: 73600] > /home/peaches/anaconda3/bin/python -m dvc --version - FAILED with code 1 (14ms)
/home/peaches/anaconda3/bin/python: No module named dvc

[version: 1.2.29, 2025-11-27T12:39:24.506Z, pid: 0] > dvc --version - INITIALIZED
[version: 1.2.29, 2025-11-27T12:39:24.507Z, pid: 0] > dvc --version - FAILED (5ms)
Command failed with ENOENT: dvc --version
spawn dvc ENOENT
[version: 1.2.29, 2025-11-27T12:39:29.513Z, pid: 73602] > /home/peaches/anaconda3/bin/python -m dvc --version - INITIALIZED
[version: 1.2.29, 2025-11-27T12:39:29.522Z, pid: 73602] > /home/peaches/anaconda3/bin/python -m dvc --version - FAILED with code 1 (14ms)
/home/peaches/anaconda3/bin/python: No module named dvc

[version: 1.2.29, 2025-11-27T12:39:29.527Z, pid: 0] > dvc --version - INITIALIZED
[version: 1.2.29, 2025-11-27T12:39:29.528Z, pid: 0] > dvc --version - FAILED (5ms)
Command failed with ENOENT: dvc --version
spawn dvc ENOENT
[version: 1.2.29, 2025-11-27T12:39:34.535Z, pid: 73604] > /home/peaches/anaconda3/bin/python -m dvc --version - INITIALIZED
[version: 1.2.29, 2025-11-27T12:39:34.544Z, pid: 73604] > /home/peaches/anaconda3/bin/python -m dvc --version - FAILED with code 1 (15ms)
/home/peaches/anaconda3/bin/python: No module named dvc

[version: 1.2.29, 2025-11-27T12:39:34.549Z, pid: 0] > dvc --version - INITIALIZED
[version: 1.2.29, 2025-11-27T12:39:34.550Z, pid: 0] > dvc --version - FAILED (5ms)
Command failed with ENOENT: dvc --version
spawn dvc ENOENT
[version: 1.2.29, 2025-11-27T12:39:39.556Z, pid: 73606] > /home/peaches/anaconda3/bin/python -m dvc --version - INITIALIZED
[version: 1.2.29, 2025-11-27T12:39:39.565Z, pid: 73606] > /home/peaches/anaconda3/bin/python -m dvc --version - FAILED with code 1 (14ms)
/home/peaches/anaconda3/bin/python: No module named dvc

[version: 1.2.29, 2025-11-27T12:39:39.569Z, pid: 0] > dvc --version - INITIALIZED
[version: 1.2.29, 2025-11-27T12:39:39.570Z, pid: 0] > dvc --version - FAILED (5ms)
Command failed with ENOENT: dvc --version
spawn dvc ENOENT
[version: 1.2.29, 2025-11-27T12:39:44.577Z, pid: 73610] > /home/peaches/anaconda3/bin/python -m dvc --version - INITIALIZED
[version: 1.2.29, 2025-11-27T12:39:44.586Z, pid: 73610] > /home/peaches/anaconda3/bin/python -m dvc --version - FAILED with code 1 (15ms)
/home/peaches/anaconda3/bin/python: No module named dvc

[version: 1.2.29, 2025-11-27T12:39:44.590Z, pid: 0] > dvc --version - INITIALIZED
[version: 1.2.29, 2025-11-27T12:39:44.591Z, pid: 0] > dvc --version - FAILED (5ms)
Command failed with ENOENT: dvc --version
spawn dvc ENOENT
[version: 1.2.29, 2025-11-27T12:39:49.598Z, pid: 73612] > /home/peaches/anaconda3/bin/python -m dvc --version - INITIALIZED
[version: 1.2.29, 2025-11-27T12:39:49.608Z, pid: 73612] > /home/peaches/anaconda3/bin/python -m dvc --version - FAILED with code 1 (15ms)
/home/peaches/anaconda3/bin/python: No module named dvc

[version: 1.2.29, 2025-11-27T12:39:49.612Z, pid: 0] > dvc --version - INITIALIZED
[version: 1.2.29, 2025-11-27T12:39:49.613Z, pid: 0] > dvc --version - FAILED (5ms)
Command failed with ENOENT: dvc --version
spawn dvc ENOENT
[version: 1.2.29, 2025-11-27T12:39:54.618Z, pid: 73616] > /home/peaches/anaconda3/bin/python -m dvc --version - INITIALIZED
[version: 1.2.29, 2025-11-27T12:39:54.628Z, pid: 73616] > /home/peaches/anaconda3/bin/python -m dvc --version - FAILED with code 1 (15ms)
/home/peaches/anaconda3/bin/python: No module named dvc

[version: 1.2.29, 2025-11-27T12:39:54.632Z, pid: 0] > dvc --version - INITIALIZED
[version: 1.2.29, 2025-11-27T12:39:54.633Z, pid: 0] > dvc --version - FAILED (5ms)
Command failed with ENOENT: dvc --version
spawn dvc ENOENT
[version: 1.2.29, 2025-11-27T12:39:59.639Z, pid: 73619] > /home/peaches/anaconda3/bin/python -m dvc --version - INITIALIZED
[version: 1.2.29, 2025-11-27T12:39:59.648Z, pid: 73619] > /home/peaches/anaconda3/bin/python -m dvc --version - FAILED with code 1 (14ms)
/home/peaches/anaconda3/bin/python: No module named dvc

[version: 1.2.29, 2025-11-27T12:39:59.653Z, pid: 0] > dvc --version - INITIALIZED
[version: 1.2.29, 2025-11-27T12:39:59.654Z, pid: 0] > dvc --version - FAILED (5ms)
Command failed with ENOENT: dvc --version
spawn dvc ENOENT
[version: 1.2.29, 2025-11-27T12:40:04.659Z, pid: 73621] > /home/peaches/anaconda3/bin/python -m dvc --version - INITIALIZED
[version: 1.2.29, 2025-11-27T12:40:04.668Z, pid: 73621] > /home/peaches/anaconda3/bin/python -m dvc --version - FAILED with code 1 (14ms)
/home/peaches/anaconda3/bin/python: No module named dvc

[version: 1.2.29, 2025-11-27T12:40:04.673Z, pid: 0] > dvc --version - INITIALIZED
[version: 1.2.29, 2025-11-27T12:40:04.673Z, pid: 0] > dvc --version - FAILED (4ms)
Command failed with ENOENT: dvc --version
spawn dvc ENOENT
[version: 1.2.29, 2025-11-27T12:40:09.679Z, pid: 73623] > /home/peaches/anaconda3/bin/python -m dvc --version - INITIALIZED
[version: 1.2.29, 2025-11-27T12:40:09.688Z, pid: 73623] > /home/peaches/anaconda3/bin/python -m dvc --version - FAILED with code 1 (14ms)
/home/peaches/anaconda3/bin/python: No module named dvc

[version: 1.2.29, 2025-11-27T12:40:09.693Z, pid: 0] > dvc --version - INITIALIZED
[version: 1.2.29, 2025-11-27T12:40:09.693Z, pid: 0] > dvc --version - FAILED (4ms)
Command failed with ENOENT: dvc --version
spawn dvc ENOENT
[version: 1.2.29, 2025-11-27T12:40:14.698Z, pid: 73625] > /home/peaches/anaconda3/bin/python -m dvc --version - INITIALIZED
[version: 1.2.29, 2025-11-27T12:40:14.707Z, pid: 73625] > /home/peaches/anaconda3/bin/python -m dvc --version - FAILED with code 1 (13ms)
/home/peaches/anaconda3/bin/python: No module named dvc

[version: 1.2.29, 2025-11-27T12:40:14.712Z, pid: 0] > dvc --version - INITIALIZED
[version: 1.2.29, 2025-11-27T12:40:14.713Z, pid: 0] > dvc --version - FAILED (5ms)
Command failed with ENOENT: dvc --version
spawn dvc ENOENT
[version: 1.2.29, 2025-11-27T12:40:19.718Z, pid: 73627] > /home/peaches/anaconda3/bin/python -m dvc --version - INITIALIZED
[version: 1.2.29, 2025-11-27T12:40:19.728Z, pid: 73627] > /home/peaches/anaconda3/bin/python -m dvc --version - FAILED with code 1 (15ms)
/home/peaches/anaconda3/bin/python: No module named dvc

[version: 1.2.29, 2025-11-27T12:40:19.732Z, pid: 0] > dvc --version - INITIALIZED
[version: 1.2.29, 2025-11-27T12:40:19.733Z, pid: 0] > dvc --version - FAILED (5ms)
Command failed with ENOENT: dvc --version
spawn dvc ENOENT
[version: 1.2.29, 2025-11-27T12:40:24.740Z, pid: 73629] > /home/peaches/anaconda3/bin/python -m dvc --version - INITIALIZED
[version: 1.2.29, 2025-11-27T12:40:24.749Z, pid: 73629] > /home/peaches/anaconda3/bin/python -m dvc --version - FAILED with code 1 (15ms)
/home/peaches/anaconda3/bin/python: No module named dvc

[version: 1.2.29, 2025-11-27T12:40:24.754Z, pid: 0] > dvc --version - INITIALIZED
[version: 1.2.29, 2025-11-27T12:40:24.754Z, pid: 0] > dvc --version - FAILED (4ms)
Command failed with ENOENT: dvc --version
spawn dvc ENOENT
[version: 1.2.29, 2025-11-27T12:40:29.760Z, pid: 73639] > /home/peaches/anaconda3/bin/python -m dvc --version - INITIALIZED
[version: 1.2.29, 2025-11-27T12:40:29.769Z, pid: 73639] > /home/peaches/anaconda3/bin/python -m dvc --version - FAILED with code 1 (14ms)
/home/peaches/anaconda3/bin/python: No module named dvc

[version: 1.2.29, 2025-11-27T12:40:29.773Z, pid: 0] > dvc --version - INITIALIZED
[version: 1.2.29, 2025-11-27T12:40:29.774Z, pid: 0] > dvc --version - FAILED (5ms)
Command failed with ENOENT: dvc --version
spawn dvc ENOENT
[version: 1.2.29, 2025-11-27T12:40:34.781Z, pid: 73641] > /home/peaches/anaconda3/bin/python -m dvc --version - INITIALIZED
[version: 1.2.29, 2025-11-27T12:40:34.790Z, pid: 73641] > /home/peaches/anaconda3/bin/python -m dvc --version - FAILED with code 1 (15ms)
/home/peaches/anaconda3/bin/python: No module named dvc

[version: 1.2.29, 2025-11-27T12:40:34.794Z, pid: 0] > dvc --version - INITIALIZED
[version: 1.2.29, 2025-11-27T12:40:34.795Z, pid: 0] > dvc --version - FAILED (5ms)
Command failed with ENOENT: dvc --version
spawn dvc ENOENT
[version: 1.2.29, 2025-11-27T12:40:39.801Z, pid: 73644] > /home/peaches/anaconda3/bin/python -m dvc --version - INITIALIZED
[version: 1.2.29, 2025-11-27T12:40:39.812Z, pid: 73644] > /home/peaches/anaconda3/bin/python -m dvc --version - FAILED with code 1 (16ms)
/home/peaches/anaconda3/bin/python: No module named dvc

[version: 1.2.29, 2025-11-27T12:40:39.816Z, pid: 0] > dvc --version - INITIALIZED
[version: 1.2.29, 2025-11-27T12:40:39.817Z, pid: 0] > dvc --version - FAILED (5ms)
Command failed with ENOENT: dvc --version
spawn dvc ENOENT
[version: 1.2.29, 2025-11-27T12:40:44.823Z, pid: 73646] > /home/peaches/anaconda3/bin/python -m dvc --version - INITIALIZED
[version: 1.2.29, 2025-11-27T12:40:44.832Z, pid: 73646] > /home/peaches/anaconda3/bin/python -m dvc --version - FAILED with code 1 (14ms)
/home/peaches/anaconda3/bin/python: No module named dvc

[version: 1.2.29, 2025-11-27T12:40:44.836Z, pid: 0] > dvc --version - INITIALIZED
[version: 1.2.29, 2025-11-27T12:40:44.837Z, pid: 0] > dvc --version - FAILED (5ms)
Command failed with ENOENT: dvc --version
spawn dvc ENOENT
[version: 1.2.29, 2025-11-27T12:40:49.842Z, pid: 73650] > /home/peaches/anaconda3/bin/python -m dvc --version - INITIALIZED
[version: 1.2.29, 2025-11-27T12:40:49.853Z, pid: 73650] > /home/peaches/anaconda3/bin/python -m dvc --version - FAILED with code 1 (15ms)
/home/peaches/anaconda3/bin/python: No module named dvc

[version: 1.2.29, 2025-11-27T12:40:49.857Z, pid: 0] > dvc --version - INITIALIZED
[version: 1.2.29, 2025-11-27T12:40:49.858Z, pid: 0] > dvc --version - FAILED (5ms)
Command failed with ENOENT: dvc --version
spawn dvc ENOENT
[version: 1.2.29, 2025-11-27T12:40:54.863Z, pid: 73652] > /home/peaches/anaconda3/bin/python -m dvc --version - INITIALIZED
[version: 1.2.29, 2025-11-27T12:40:54.872Z, pid: 73652] > /home/peaches/anaconda3/bin/python -m dvc --version - FAILED with code 1 (14ms)
/home/peaches/anaconda3/bin/python: No module named dvc

[version: 1.2.29, 2025-11-27T12:40:54.877Z, pid: 0] > dvc --version - INITIALIZED
[version: 1.2.29, 2025-11-27T12:40:54.877Z, pid: 0] > dvc --version - FAILED (5ms)
Command failed with ENOENT: dvc --version
spawn dvc ENOENT
[version: 1.2.29, 2025-11-27T12:40:59.882Z, pid: 73655] > /home/peaches/anaconda3/bin/python -m dvc --version - INITIALIZED
[version: 1.2.29, 2025-11-27T12:40:59.891Z, pid: 73655] > /home/peaches/anaconda3/bin/python -m dvc --version - FAILED with code 1 (13ms)
/home/peaches/anaconda3/bin/python: No module named dvc

[version: 1.2.29, 2025-11-27T12:40:59.896Z, pid: 0] > dvc --version - INITIALIZED
[version: 1.2.29, 2025-11-27T12:40:59.897Z, pid: 0] > dvc --version - FAILED (5ms)
Command failed with ENOENT: dvc --version
spawn dvc ENOENT
[version: 1.2.29, 2025-11-27T12:41:04.903Z, pid: 73657] > /home/peaches/anaconda3/bin/python -m dvc --version - INITIALIZED
[version: 1.2.29, 2025-11-27T12:41:04.913Z, pid: 73657] > /home/peaches/anaconda3/bin/python -m dvc --version - FAILED with code 1 (15ms)
/home/peaches/anaconda3/bin/python: No module named dvc

[version: 1.2.29, 2025-11-27T12:41:04.918Z, pid: 0] > dvc --version - INITIALIZED
[version: 1.2.29, 2025-11-27T12:41:04.918Z, pid: 0] > dvc --version - FAILED (4ms)
Command failed with ENOENT: dvc --version
spawn dvc ENOENT
[version: 1.2.29, 2025-11-27T12:41:09.924Z, pid: 73659] > /home/peaches/anaconda3/bin/python -m dvc --version - INITIALIZED
[version: 1.2.29, 2025-11-27T12:41:09.933Z, pid: 73659] > /home/peaches/anaconda3/bin/python -m dvc --version - FAILED with code 1 (14ms)
/home/peaches/anaconda3/bin/python: No module named dvc

[version: 1.2.29, 2025-11-27T12:41:09.938Z, pid: 0] > dvc --version - INITIALIZED
[version: 1.2.29, 2025-11-27T12:41:09.939Z, pid: 0] > dvc --version - FAILED (5ms)
Command failed with ENOENT: dvc --version
spawn dvc ENOENT
[version: 1.2.29, 2025-11-27T12:41:14.944Z, pid: 73661] > /home/peaches/anaconda3/bin/python -m dvc --version - INITIALIZED
[version: 1.2.29, 2025-11-27T12:41:14.953Z, pid: 73661] > /home/peaches/anaconda3/bin/python -m dvc --version - FAILED with code 1 (14ms)
/home/peaches/anaconda3/bin/python: No module named dvc

[version: 1.2.29, 2025-11-27T12:41:14.957Z, pid: 0] > dvc --version - INITIALIZED
[version: 1.2.29, 2025-11-27T12:41:14.958Z, pid: 0] > dvc --version - FAILED (5ms)
Command failed with ENOENT: dvc --version
spawn dvc ENOENT
[version: 1.2.29, 2025-11-27T12:41:19.963Z, pid: 73664] > /home/peaches/anaconda3/bin/python -m dvc --version - INITIALIZED
[version: 1.2.29, 2025-11-27T12:41:19.972Z, pid: 73664] > /home/peaches/anaconda3/bin/python -m dvc --version - FAILED with code 1 (14ms)
/home/peaches/anaconda3/bin/python: No module named dvc

[version: 1.2.29, 2025-11-27T12:41:19.977Z, pid: 0] > dvc --version - INITIALIZED
[version: 1.2.29, 2025-11-27T12:41:19.977Z, pid: 0] > dvc --version - FAILED (5ms)
Command failed with ENOENT: dvc --version
spawn dvc ENOENT
[version: 1.2.29, 2025-11-27T12:41:24.984Z, pid: 73666] > /home/peaches/anaconda3/bin/python -m dvc --version - INITIALIZED
[version: 1.2.29, 2025-11-27T12:41:24.993Z, pid: 73666] > /home/peaches/anaconda3/bin/python -m dvc --version - FAILED with code 1 (16ms)
/home/peaches/anaconda3/bin/python: No module named dvc

[version: 1.2.29, 2025-11-27T12:41:24.998Z, pid: 0] > dvc --version - INITIALIZED
[version: 1.2.29, 2025-11-27T12:41:24.998Z, pid: 0] > dvc --version - FAILED (4ms)
Command failed with ENOENT: dvc --version
spawn dvc ENOENT
[version: 1.2.29, 2025-11-27T12:41:30.004Z, pid: 73668] > /home/peaches/anaconda3/bin/python -m dvc --version - INITIALIZED
[version: 1.2.29, 2025-11-27T12:41:30.013Z, pid: 73668] > /home/peaches/anaconda3/bin/python -m dvc --version - FAILED with code 1 (15ms)
/home/peaches/anaconda3/bin/python: No module named dvc

[version: 1.2.29, 2025-11-27T12:41:30.017Z, pid: 0] > dvc --version - INITIALIZED
[version: 1.2.29, 2025-11-27T12:41:30.018Z, pid: 0] > dvc --version - FAILED (5ms)
Command failed with ENOENT: dvc --version
spawn dvc ENOENT
[version: 1.2.29, 2025-11-27T12:41:35.024Z, pid: 73670] > /home/peaches/anaconda3/bin/python -m dvc --version - INITIALIZED
[version: 1.2.29, 2025-11-27T12:41:35.034Z, pid: 73670] > /home/peaches/anaconda3/bin/python -m dvc --version - FAILED with code 1 (15ms)
/home/peaches/anaconda3/bin/python: No module named dvc

[version: 1.2.29, 2025-11-27T12:41:35.038Z, pid: 0] > dvc --version - INITIALIZED
[version: 1.2.29, 2025-11-27T12:41:35.039Z, pid: 0] > dvc --version - FAILED (4ms)
Command failed with ENOENT: dvc --version
spawn dvc ENOENT
[version: 1.2.29, 2025-11-27T12:41:40.045Z, pid: 73672] > /home/peaches/anaconda3/bin/python -m dvc --version - INITIALIZED
[version: 1.2.29, 2025-11-27T12:41:40.055Z, pid: 73672] > /home/peaches/anaconda3/bin/python -m dvc --version - FAILED with code 1 (15ms)
/home/peaches/anaconda3/bin/python: No module named dvc

[version: 1.2.29, 2025-11-27T12:41:40.059Z, pid: 0] > dvc --version - INITIALIZED
[version: 1.2.29, 2025-11-27T12:41:40.060Z, pid: 0] > dvc --version - FAILED (5ms)
Command failed with ENOENT: dvc --version
spawn dvc ENOENT
[version: 1.2.29, 2025-11-27T12:41:45.066Z, pid: 73674] > /home/peaches/anaconda3/bin/python -m dvc --version - INITIALIZED
[version: 1.2.29, 2025-11-27T12:41:45.076Z, pid: 73674] > /home/peaches/anaconda3/bin/python -m dvc --version - FAILED with code 1 (16ms)
/home/peaches/anaconda3/bin/python: No module named dvc

[version: 1.2.29, 2025-11-27T12:41:45.080Z, pid: 0] > dvc --version - INITIALIZED
[version: 1.2.29, 2025-11-27T12:41:45.081Z, pid: 0] > dvc --version - FAILED (5ms)
Command failed with ENOENT: dvc --version
spawn dvc ENOENT
[version: 1.2.29, 2025-11-27T12:41:50.088Z, pid: 73678] > /home/peaches/anaconda3/bin/python -m dvc --version - INITIALIZED
[version: 1.2.29, 2025-11-27T12:41:50.097Z, pid: 73678] > /home/peaches/anaconda3/bin/python -m dvc --version - FAILED with code 1 (15ms)
/home/peaches/anaconda3/bin/python: No module named dvc

[version: 1.2.29, 2025-11-27T12:41:50.101Z, pid: 0] > dvc --version - INITIALIZED
[version: 1.2.29, 2025-11-27T12:41:50.102Z, pid: 0] > dvc --version - FAILED (5ms)
Command failed with ENOENT: dvc --version
spawn dvc ENOENT
[version: 1.2.29, 2025-11-27T12:41:55.107Z, pid: 73680] > /home/peaches/anaconda3/bin/python -m dvc --version - INITIALIZED
[version: 1.2.29, 2025-11-27T12:41:55.116Z, pid: 73680] > /home/peaches/anaconda3/bin/python -m dvc --version - FAILED with code 1 (14ms)
/home/peaches/anaconda3/bin/python: No module named dvc

[version: 1.2.29, 2025-11-27T12:41:55.121Z, pid: 0] > dvc --version - INITIALIZED
[version: 1.2.29, 2025-11-27T12:41:55.122Z, pid: 0] > dvc --version - FAILED (5ms)
Command failed with ENOENT: dvc --version
spawn dvc ENOENT
[version: 1.2.29, 2025-11-27T12:42:00.128Z, pid: 73682] > /home/peaches/anaconda3/bin/python -m dvc --version - INITIALIZED
[version: 1.2.29, 2025-11-27T12:42:00.139Z, pid: 73682] > /home/peaches/anaconda3/bin/python -m dvc --version - FAILED with code 1 (16ms)
/home/peaches/anaconda3/bin/python: No module named dvc

[version: 1.2.29, 2025-11-27T12:42:00.144Z, pid: 0] > dvc --version - INITIALIZED
[version: 1.2.29, 2025-11-27T12:42:00.144Z, pid: 0] > dvc --version - FAILED (5ms)
Command failed with ENOENT: dvc --version
spawn dvc ENOENT
[version: 1.2.29, 2025-11-27T12:42:05.149Z, pid: 73692] > /home/peaches/anaconda3/bin/python -m dvc --version - INITIALIZED
[version: 1.2.29, 2025-11-27T12:42:05.159Z, pid: 73692] > /home/peaches/anaconda3/bin/python -m dvc --version - FAILED with code 1 (15ms)
/home/peaches/anaconda3/bin/python: No module named dvc

[version: 1.2.29, 2025-11-27T12:42:05.163Z, pid: 0] > dvc --version - INITIALIZED
[version: 1.2.29, 2025-11-27T12:42:05.164Z, pid: 0] > dvc --version - FAILED (5ms)
Command failed with ENOENT: dvc --version
spawn dvc ENOENT
[version: 1.2.29, 2025-11-27T12:42:10.169Z, pid: 73694] > /home/peaches/anaconda3/bin/python -m dvc --version - INITIALIZED
[version: 1.2.29, 2025-11-27T12:42:10.178Z, pid: 73694] > /home/peaches/anaconda3/bin/python -m dvc --version - FAILED with code 1 (14ms)
/home/peaches/anaconda3/bin/python: No module named dvc

[version: 1.2.29, 2025-11-27T12:42:10.183Z, pid: 0] > dvc --version - INITIALIZED
[version: 1.2.29, 2025-11-27T12:42:10.184Z, pid: 0] > dvc --version - FAILED (5ms)
Command failed with ENOENT: dvc --version
spawn dvc ENOENT
[version: 1.2.29, 2025-11-27T12:42:15.190Z, pid: 73696] > /home/peaches/anaconda3/bin/python -m dvc --version - INITIALIZED
[version: 1.2.29, 2025-11-27T12:42:15.199Z, pid: 73696] > /home/peaches/anaconda3/bin/python -m dvc --version - FAILED with code 1 (15ms)
/home/peaches/anaconda3/bin/python: No module named dvc

[version: 1.2.29, 2025-11-27T12:42:15.204Z, pid: 0] > dvc --version - INITIALIZED
[version: 1.2.29, 2025-11-27T12:42:15.205Z, pid: 0] > dvc --version - FAILED (6ms)
Command failed with ENOENT: dvc --version
spawn dvc ENOENT
[version: 1.2.29, 2025-11-27T12:42:20.210Z, pid: 73698] > /home/peaches/anaconda3/bin/python -m dvc --version - INITIALIZED
[version: 1.2.29, 2025-11-27T12:42:20.220Z, pid: 73698] > /home/peaches/anaconda3/bin/python -m dvc --version - FAILED with code 1 (15ms)
/home/peaches/anaconda3/bin/python: No module named dvc

[version: 1.2.29, 2025-11-27T12:42:20.224Z, pid: 0] > dvc --version - INITIALIZED
[version: 1.2.29, 2025-11-27T12:42:20.225Z, pid: 0] > dvc --version - FAILED (5ms)
Command failed with ENOENT: dvc --version
spawn dvc ENOENT
[version: 1.2.29, 2025-11-27T12:42:25.231Z, pid: 73701] > /home/peaches/anaconda3/bin/python -m dvc --version - INITIALIZED
[version: 1.2.29, 2025-11-27T12:42:25.240Z, pid: 73701] > /home/peaches/anaconda3/bin/python -m dvc --version - FAILED with code 1 (15ms)
/home/peaches/anaconda3/bin/python: No module named dvc

[version: 1.2.29, 2025-11-27T12:42:25.245Z, pid: 0] > dvc --version - INITIALIZED
[version: 1.2.29, 2025-11-27T12:42:25.245Z, pid: 0] > dvc --version - FAILED (4ms)
Command failed with ENOENT: dvc --version
spawn dvc ENOENT
[version: 1.2.29, 2025-11-27T12:42:30.251Z, pid: 73703] > /home/peaches/anaconda3/bin/python -m dvc --version - INITIALIZED
[version: 1.2.29, 2025-11-27T12:42:30.260Z, pid: 73703] > /home/peaches/anaconda3/bin/python -m dvc --version - FAILED with code 1 (14ms)
/home/peaches/anaconda3/bin/python: No module named dvc

[version: 1.2.29, 2025-11-27T12:42:30.265Z, pid: 0] > dvc --version - INITIALIZED
[version: 1.2.29, 2025-11-27T12:42:30.266Z, pid: 0] > dvc --version - FAILED (4ms)
Command failed with ENOENT: dvc --version
spawn dvc ENOENT
[version: 1.2.29, 2025-11-27T12:42:35.271Z, pid: 73705] > /home/peaches/anaconda3/bin/python -m dvc --version - INITIALIZED
[version: 1.2.29, 2025-11-27T12:42:35.280Z, pid: 73705] > /home/peaches/anaconda3/bin/python -m dvc --version - FAILED with code 1 (15ms)
/home/peaches/anaconda3/bin/python: No module named dvc

[version: 1.2.29, 2025-11-27T12:42:35.285Z, pid: 0] > dvc --version - INITIALIZED
[version: 1.2.29, 2025-11-27T12:42:35.285Z, pid: 0] > dvc --version - FAILED (4ms)
Command failed with ENOENT: dvc --version
spawn dvc ENOENT
[version: 1.2.29, 2025-11-27T12:42:40.291Z, pid: 73719] > /home/peaches/anaconda3/bin/python -m dvc --version - INITIALIZED
[version: 1.2.29, 2025-11-27T12:42:40.301Z, pid: 73719] > /home/peaches/anaconda3/bin/python -m dvc --version - FAILED with code 1 (15ms)
/home/peaches/anaconda3/bin/python: No module named dvc

[version: 1.2.29, 2025-11-27T12:42:40.306Z, pid: 0] > dvc --version - INITIALIZED
[version: 1.2.29, 2025-11-27T12:42:40.307Z, pid: 0] > dvc --version - FAILED (5ms)
Command failed with ENOENT: dvc --version
spawn dvc ENOENT
[version: 1.2.29, 2025-11-27T12:42:45.312Z, pid: 73723] > /home/peaches/anaconda3/bin/python -m dvc --version - INITIALIZED
[version: 1.2.29, 2025-11-27T12:42:45.321Z, pid: 73723] > /home/peaches/anaconda3/bin/python -m dvc --version - FAILED with code 1 (14ms)
/home/peaches/anaconda3/bin/python: No module named dvc

[version: 1.2.29, 2025-11-27T12:42:45.326Z, pid: 0] > dvc --version - INITIALIZED
[version: 1.2.29, 2025-11-27T12:42:45.327Z, pid: 0] > dvc --version - FAILED (5ms)
Command failed with ENOENT: dvc --version
spawn dvc ENOENT
[version: 1.2.29, 2025-11-27T12:42:50.334Z, pid: 73728] > /home/peaches/anaconda3/bin/python -m dvc --version - INITIALIZED
[version: 1.2.29, 2025-11-27T12:42:50.343Z, pid: 73728] > /home/peaches/anaconda3/bin/python -m dvc --version - FAILED with code 1 (15ms)
/home/peaches/anaconda3/bin/python: No module named dvc

[version: 1.2.29, 2025-11-27T12:42:50.348Z, pid: 0] > dvc --version - INITIALIZED
[version: 1.2.29, 2025-11-27T12:42:50.348Z, pid: 0] > dvc --version - FAILED (5ms)
Command failed with ENOENT: dvc --version
spawn dvc ENOENT
[version: 1.2.29, 2025-11-27T12:42:55.354Z, pid: 73730] > /home/peaches/anaconda3/bin/python -m dvc --version - INITIALIZED
[version: 1.2.29, 2025-11-27T12:42:55.366Z, pid: 73730] > /home/peaches/anaconda3/bin/python -m dvc --version - FAILED with code 1 (18ms)
/home/peaches/anaconda3/bin/python: No module named dvc

[version: 1.2.29, 2025-11-27T12:42:55.374Z, pid: 0] > dvc --version - INITIALIZED
[version: 1.2.29, 2025-11-27T12:42:55.375Z, pid: 0] > dvc --version - FAILED (8ms)
Command failed with ENOENT: dvc --version
spawn dvc ENOENT
[version: 1.2.29, 2025-11-27T12:43:00.381Z, pid: 73734] > /home/peaches/anaconda3/bin/python -m dvc --version - INITIALIZED
[version: 1.2.29, 2025-11-27T12:43:00.391Z, pid: 73734] > /home/peaches/anaconda3/bin/python -m dvc --version - FAILED with code 1 (15ms)
/home/peaches/anaconda3/bin/python: No module named dvc

[version: 1.2.29, 2025-11-27T12:43:00.395Z, pid: 0] > dvc --version - INITIALIZED
[version: 1.2.29, 2025-11-27T12:43:00.396Z, pid: 0] > dvc --version - FAILED (5ms)
Command failed with ENOENT: dvc --version
spawn dvc ENOENT
[version: 1.2.29, 2025-11-27T12:43:05.401Z, pid: 73737] > /home/peaches/anaconda3/bin/python -m dvc --version - INITIALIZED
[version: 1.2.29, 2025-11-27T12:43:05.411Z, pid: 73737] > /home/peaches/anaconda3/bin/python -m dvc --version - FAILED with code 1 (15ms)
/home/peaches/anaconda3/bin/python: No module named dvc

[version: 1.2.29, 2025-11-27T12:43:05.415Z, pid: 0] > dvc --version - INITIALIZED
[version: 1.2.29, 2025-11-27T12:43:05.416Z, pid: 0] > dvc --version - FAILED (5ms)
Command failed with ENOENT: dvc --version
spawn dvc ENOENT
[version: 1.2.29, 2025-11-27T12:43:10.422Z, pid: 73740] > /home/peaches/anaconda3/bin/python -m dvc --version - INITIALIZED
[version: 1.2.29, 2025-11-27T12:43:10.431Z, pid: 73740] > /home/peaches/anaconda3/bin/python -m dvc --version - FAILED with code 1 (14ms)
/home/peaches/anaconda3/bin/python: No module named dvc

[version: 1.2.29, 2025-11-27T12:43:10.436Z, pid: 0] > dvc --version - INITIALIZED
[version: 1.2.29, 2025-11-27T12:43:10.437Z, pid: 0] > dvc --version - FAILED (5ms)
Command failed with ENOENT: dvc --version
spawn dvc ENOENT
[version: 1.2.29, 2025-11-27T12:43:15.442Z, pid: 73742] > /home/peaches/anaconda3/bin/python -m dvc --version - INITIALIZED
[version: 1.2.29, 2025-11-27T12:43:15.452Z, pid: 73742] > /home/peaches/anaconda3/bin/python -m dvc --version - FAILED with code 1 (15ms)
/home/peaches/anaconda3/bin/python: No module named dvc

[version: 1.2.29, 2025-11-27T12:43:15.456Z, pid: 0] > dvc --version - INITIALIZED
[version: 1.2.29, 2025-11-27T12:43:15.457Z, pid: 0] > dvc --version - FAILED (4ms)
Command failed with ENOENT: dvc --version
spawn dvc ENOENT
[version: 1.2.29, 2025-11-27T12:43:20.462Z, pid: 73744] > /home/peaches/anaconda3/bin/python -m dvc --version - INITIALIZED
[version: 1.2.29, 2025-11-27T12:43:20.472Z, pid: 73744] > /home/peaches/anaconda3/bin/python -m dvc --version - FAILED with code 1 (14ms)
/home/peaches/anaconda3/bin/python: No module named dvc

[version: 1.2.29, 2025-11-27T12:43:20.477Z, pid: 0] > dvc --version - INITIALIZED
[version: 1.2.29, 2025-11-27T12:43:20.477Z, pid: 0] > dvc --version - FAILED (5ms)
Command failed with ENOENT: dvc --version
spawn dvc ENOENT
[version: 1.2.29, 2025-11-27T12:43:25.483Z, pid: 73746] > /home/peaches/anaconda3/bin/python -m dvc --version - INITIALIZED
[version: 1.2.29, 2025-11-27T12:43:25.492Z, pid: 73746] > /home/peaches/anaconda3/bin/python -m dvc --version - FAILED with code 1 (14ms)
/home/peaches/anaconda3/bin/python: No module named dvc

[version: 1.2.29, 2025-11-27T12:43:25.497Z, pid: 0] > dvc --version - INITIALIZED
[version: 1.2.29, 2025-11-27T12:43:25.497Z, pid: 0] > dvc --version - FAILED (4ms)
Command failed with ENOENT: dvc --version
spawn dvc ENOENT
[version: 1.2.29, 2025-11-27T12:43:30.502Z, pid: 73748] > /home/peaches/anaconda3/bin/python -m dvc --version - INITIALIZED
[version: 1.2.29, 2025-11-27T12:43:30.512Z, pid: 73748] > /home/peaches/anaconda3/bin/python -m dvc --version - FAILED with code 1 (14ms)
/home/peaches/anaconda3/bin/python: No module named dvc

[version: 1.2.29, 2025-11-27T12:43:30.516Z, pid: 0] > dvc --version - INITIALIZED
[version: 1.2.29, 2025-11-27T12:43:30.517Z, pid: 0] > dvc --version - FAILED (5ms)
Command failed with ENOENT: dvc --version
spawn dvc ENOENT
[version: 1.2.29, 2025-11-27T12:43:35.523Z, pid: 73750] > /home/peaches/anaconda3/bin/python -m dvc --version - INITIALIZED
[version: 1.2.29, 2025-11-27T12:43:35.532Z, pid: 73750] > /home/peaches/anaconda3/bin/python -m dvc --version - FAILED with code 1 (15ms)
/home/peaches/anaconda3/bin/python: No module named dvc

[version: 1.2.29, 2025-11-27T12:43:35.536Z, pid: 0] > dvc --version - INITIALIZED
[version: 1.2.29, 2025-11-27T12:43:35.537Z, pid: 0] > dvc --version - FAILED (5ms)
Command failed with ENOENT: dvc --version
spawn dvc ENOENT
[version: 1.2.29, 2025-11-27T12:43:40.542Z, pid: 73753] > /home/peaches/anaconda3/bin/python -m dvc --version - INITIALIZED
[version: 1.2.29, 2025-11-27T12:43:40.553Z, pid: 73753] > /home/peaches/anaconda3/bin/python -m dvc --version - FAILED with code 1 (16ms)
/home/peaches/anaconda3/bin/python: No module named dvc

[version: 1.2.29, 2025-11-27T12:43:40.557Z, pid: 0] > dvc --version - INITIALIZED
[version: 1.2.29, 2025-11-27T12:43:40.558Z, pid: 0] > dvc --version - FAILED (5ms)
Command failed with ENOENT: dvc --version
spawn dvc ENOENT
[version: 1.2.29, 2025-11-27T12:43:45.564Z, pid: 73755] > /home/peaches/anaconda3/bin/python -m dvc --version - INITIALIZED
[version: 1.2.29, 2025-11-27T12:43:45.574Z, pid: 73755] > /home/peaches/anaconda3/bin/python -m dvc --version - FAILED with code 1 (15ms)
/home/peaches/anaconda3/bin/python: No module named dvc

[version: 1.2.29, 2025-11-27T12:43:45.578Z, pid: 0] > dvc --version - INITIALIZED
[version: 1.2.29, 2025-11-27T12:43:45.579Z, pid: 0] > dvc --version - FAILED (5ms)
Command failed with ENOENT: dvc --version
spawn dvc ENOENT
[version: 1.2.29, 2025-11-27T12:43:50.584Z, pid: 73759] > /home/peaches/anaconda3/bin/python -m dvc --version - INITIALIZED
[version: 1.2.29, 2025-11-27T12:43:50.594Z, pid: 73759] > /home/peaches/anaconda3/bin/python -m dvc --version - FAILED with code 1 (14ms)
/home/peaches/anaconda3/bin/python: No module named dvc

[version: 1.2.29, 2025-11-27T12:43:50.598Z, pid: 0] > dvc --version - INITIALIZED
[version: 1.2.29, 2025-11-27T12:43:50.599Z, pid: 0] > dvc --version - FAILED (5ms)
Command failed with ENOENT: dvc --version
spawn dvc ENOENT
[version: 1.2.29, 2025-11-27T12:43:55.604Z, pid: 73761] > /home/peaches/anaconda3/bin/python -m dvc --version - INITIALIZED
[version: 1.2.29, 2025-11-27T12:43:55.614Z, pid: 73761] > /home/peaches/anaconda3/bin/python -m dvc --version - FAILED with code 1 (14ms)
/home/peaches/anaconda3/bin/python: No module named dvc

[version: 1.2.29, 2025-11-27T12:43:55.619Z, pid: 0] > dvc --version - INITIALIZED
[version: 1.2.29, 2025-11-27T12:43:55.619Z, pid: 0] > dvc --version - FAILED (5ms)
Command failed with ENOENT: dvc --version
spawn dvc ENOENT
[version: 1.2.29, 2025-11-27T12:44:00.625Z, pid: 73763] > /home/peaches/anaconda3/bin/python -m dvc --version - INITIALIZED
[version: 1.2.29, 2025-11-27T12:44:00.635Z, pid: 73763] > /home/peaches/anaconda3/bin/python -m dvc --version - FAILED with code 1 (15ms)
/home/peaches/anaconda3/bin/python: No module named dvc

[version: 1.2.29, 2025-11-27T12:44:00.639Z, pid: 0] > dvc --version - INITIALIZED
[version: 1.2.29, 2025-11-27T12:44:00.640Z, pid: 0] > dvc --version - FAILED (5ms)
Command failed with ENOENT: dvc --version
spawn dvc ENOENT
[version: 1.2.29, 2025-11-27T12:44:05.646Z, pid: 73766] > /home/peaches/anaconda3/bin/python -m dvc --version - INITIALIZED
[version: 1.2.29, 2025-11-27T12:44:05.656Z, pid: 73766] > /home/peaches/anaconda3/bin/python -m dvc --version - FAILED with code 1 (15ms)
/home/peaches/anaconda3/bin/python: No module named dvc

[version: 1.2.29, 2025-11-27T12:44:05.662Z, pid: 0] > dvc --version - INITIALIZED
[version: 1.2.29, 2025-11-27T12:44:05.663Z, pid: 0] > dvc --version - FAILED (6ms)
Command failed with ENOENT: dvc --version
spawn dvc ENOENT
[version: 1.2.29, 2025-11-27T12:44:10.669Z, pid: 73769] > /home/peaches/anaconda3/bin/python -m dvc --version - INITIALIZED
[version: 1.2.29, 2025-11-27T12:44:10.679Z, pid: 73769] > /home/peaches/anaconda3/bin/python -m dvc --version - FAILED with code 1 (14ms)
/home/peaches/anaconda3/bin/python: No module named dvc

[version: 1.2.29, 2025-11-27T12:44:10.684Z, pid: 0] > dvc --version - INITIALIZED
[version: 1.2.29, 2025-11-27T12:44:10.684Z, pid: 0] > dvc --version - FAILED (5ms)
Command failed with ENOENT: dvc --version
spawn dvc ENOENT
[version: 1.2.29, 2025-11-27T12:44:15.691Z, pid: 73771] > /home/peaches/anaconda3/bin/python -m dvc --version - INITIALIZED
[version: 1.2.29, 2025-11-27T12:44:15.700Z, pid: 73771] > /home/peaches/anaconda3/bin/python -m dvc --version - FAILED with code 1 (15ms)
/home/peaches/anaconda3/bin/python: No module named dvc

[version: 1.2.29, 2025-11-27T12:44:15.705Z, pid: 0] > dvc --version - INITIALIZED
[version: 1.2.29, 2025-11-27T12:44:15.706Z, pid: 0] > dvc --version - FAILED (6ms)
Command failed with ENOENT: dvc --version
spawn dvc ENOENT
[version: 1.2.29, 2025-11-27T12:44:20.711Z, pid: 73773] > /home/peaches/anaconda3/bin/python -m dvc --version - INITIALIZED
[version: 1.2.29, 2025-11-27T12:44:20.720Z, pid: 73773] > /home/peaches/anaconda3/bin/python -m dvc --version - FAILED with code 1 (14ms)
/home/peaches/anaconda3/bin/python: No module named dvc

[version: 1.2.29, 2025-11-27T12:44:20.724Z, pid: 0] > dvc --version - INITIALIZED
[version: 1.2.29, 2025-11-27T12:44:20.725Z, pid: 0] > dvc --version - FAILED (5ms)
Command failed with ENOENT: dvc --version
spawn dvc ENOENT
[version: 1.2.29, 2025-11-27T12:44:25.732Z, pid: 73775] > /home/peaches/anaconda3/bin/python -m dvc --version - INITIALIZED
[version: 1.2.29, 2025-11-27T12:44:25.741Z, pid: 73775] > /home/peaches/anaconda3/bin/python -m dvc --version - FAILED with code 1 (15ms)
/home/peaches/anaconda3/bin/python: No module named dvc

[version: 1.2.29, 2025-11-27T12:44:25.746Z, pid: 0] > dvc --version - INITIALIZED
[version: 1.2.29, 2025-11-27T12:44:25.746Z, pid: 0] > dvc --version - FAILED (4ms)
Command failed with ENOENT: dvc --version
spawn dvc ENOENT
[version: 1.2.29, 2025-11-27T12:44:30.752Z, pid: 73777] > /home/peaches/anaconda3/bin/python -m dvc --version - INITIALIZED
[version: 1.2.29, 2025-11-27T12:44:30.761Z, pid: 73777] > /home/peaches/anaconda3/bin/python -m dvc --version - FAILED with code 1 (14ms)
/home/peaches/anaconda3/bin/python: No module named dvc

[version: 1.2.29, 2025-11-27T12:44:30.766Z, pid: 0] > dvc --version - INITIALIZED
[version: 1.2.29, 2025-11-27T12:44:30.766Z, pid: 0] > dvc --version - FAILED (4ms)
Command failed with ENOENT: dvc --version
spawn dvc ENOENT
[version: 1.2.29, 2025-11-27T12:44:35.772Z, pid: 73779] > /home/peaches/anaconda3/bin/python -m dvc --version - INITIALIZED
[version: 1.2.29, 2025-11-27T12:44:35.781Z, pid: 73779] > /home/peaches/anaconda3/bin/python -m dvc --version - FAILED with code 1 (15ms)
/home/peaches/anaconda3/bin/python: No module named dvc

[version: 1.2.29, 2025-11-27T12:44:35.785Z, pid: 0] > dvc --version - INITIALIZED
[version: 1.2.29, 2025-11-27T12:44:35.786Z, pid: 0] > dvc --version - FAILED (5ms)
Command failed with ENOENT: dvc --version
spawn dvc ENOENT
[version: 1.2.29, 2025-11-27T12:44:40.791Z, pid: 73782] > /home/peaches/anaconda3/bin/python -m dvc --version - INITIALIZED
[version: 1.2.29, 2025-11-27T12:44:40.801Z, pid: 73782] > /home/peaches/anaconda3/bin/python -m dvc --version - FAILED with code 1 (14ms)
/home/peaches/anaconda3/bin/python: No module named dvc

[version: 1.2.29, 2025-11-27T12:44:40.805Z, pid: 0] > dvc --version - INITIALIZED
[version: 1.2.29, 2025-11-27T12:44:40.806Z, pid: 0] > dvc --version - FAILED (4ms)
Command failed with ENOENT: dvc --version
spawn dvc ENOENT
[version: 1.2.29, 2025-11-27T12:44:45.811Z, pid: 73784] > /home/peaches/anaconda3/bin/python -m dvc --version - INITIALIZED
[version: 1.2.29, 2025-11-27T12:44:45.820Z, pid: 73784] > /home/peaches/anaconda3/bin/python -m dvc --version - FAILED with code 1 (14ms)
/home/peaches/anaconda3/bin/python: No module named dvc

[version: 1.2.29, 2025-11-27T12:44:45.825Z, pid: 0] > dvc --version - INITIALIZED
[version: 1.2.29, 2025-11-27T12:44:45.825Z, pid: 0] > dvc --version - FAILED (4ms)
Command failed with ENOENT: dvc --version
spawn dvc ENOENT
[version: 1.2.29, 2025-11-27T12:44:50.832Z, pid: 73788] > /home/peaches/anaconda3/bin/python -m dvc --version - INITIALIZED
[version: 1.2.29, 2025-11-27T12:44:50.841Z, pid: 73788] > /home/peaches/anaconda3/bin/python -m dvc --version - FAILED with code 1 (15ms)
/home/peaches/anaconda3/bin/python: No module named dvc

[version: 1.2.29, 2025-11-27T12:44:50.846Z, pid: 0] > dvc --version - INITIALIZED
[version: 1.2.29, 2025-11-27T12:44:50.846Z, pid: 0] > dvc --version - FAILED (4ms)
Command failed with ENOENT: dvc --version
spawn dvc ENOENT
[version: 1.2.29, 2025-11-27T12:44:55.853Z, pid: 73790] > /home/peaches/anaconda3/bin/python -m dvc --version - INITIALIZED
[version: 1.2.29, 2025-11-27T12:44:55.862Z, pid: 73790] > /home/peaches/anaconda3/bin/python -m dvc --version - FAILED with code 1 (15ms)
/home/peaches/anaconda3/bin/python: No module named dvc

[version: 1.2.29, 2025-11-27T12:44:55.867Z, pid: 0] > dvc --version - INITIALIZED
[version: 1.2.29, 2025-11-27T12:44:55.868Z, pid: 0] > dvc --version - FAILED (4ms)
Command failed with ENOENT: dvc --version
spawn dvc ENOENT
[version: 1.2.29, 2025-11-27T12:45:00.873Z, pid: 73792] > /home/peaches/anaconda3/bin/python -m dvc --version - INITIALIZED
[version: 1.2.29, 2025-11-27T12:45:00.882Z, pid: 73792] > /home/peaches/anaconda3/bin/python -m dvc --version - FAILED with code 1 (15ms)
/home/peaches/anaconda3/bin/python: No module named dvc

[version: 1.2.29, 2025-11-27T12:45:00.887Z, pid: 0] > dvc --version - INITIALIZED
[version: 1.2.29, 2025-11-27T12:45:00.887Z, pid: 0] > dvc --version - FAILED (4ms)
Command failed with ENOENT: dvc --version
spawn dvc ENOENT
[version: 1.2.29, 2025-11-27T12:45:05.893Z, pid: 73794] > /home/peaches/anaconda3/bin/python -m dvc --version - INITIALIZED
[version: 1.2.29, 2025-11-27T12:45:05.903Z, pid: 73794] > /home/peaches/anaconda3/bin/python -m dvc --version - FAILED with code 1 (16ms)
/home/peaches/anaconda3/bin/python: No module named dvc

[version: 1.2.29, 2025-11-27T12:45:05.907Z, pid: 0] > dvc --version - INITIALIZED
[version: 1.2.29, 2025-11-27T12:45:05.908Z, pid: 0] > dvc --version - FAILED (5ms)
Command failed with ENOENT: dvc --version
spawn dvc ENOENT
[version: 1.2.29, 2025-11-27T12:45:10.913Z, pid: 73796] > /home/peaches/anaconda3/bin/python -m dvc --version - INITIALIZED
[version: 1.2.29, 2025-11-27T12:45:10.922Z, pid: 73796] > /home/peaches/anaconda3/bin/python -m dvc --version - FAILED with code 1 (13ms)
/home/peaches/anaconda3/bin/python: No module named dvc

[version: 1.2.29, 2025-11-27T12:45:10.927Z, pid: 0] > dvc --version - INITIALIZED
[version: 1.2.29, 2025-11-27T12:45:10.928Z, pid: 0] > dvc --version - FAILED (5ms)
Command failed with ENOENT: dvc --version
spawn dvc ENOENT
[version: 1.2.29, 2025-11-27T12:45:15.933Z, pid: 73798] > /home/peaches/anaconda3/bin/python -m dvc --version - INITIALIZED
[version: 1.2.29, 2025-11-27T12:45:15.942Z, pid: 73798] > /home/peaches/anaconda3/bin/python -m dvc --version - FAILED with code 1 (14ms)
/home/peaches/anaconda3/bin/python: No module named dvc

[version: 1.2.29, 2025-11-27T12:45:15.946Z, pid: 0] > dvc --version - INITIALIZED
[version: 1.2.29, 2025-11-27T12:45:15.947Z, pid: 0] > dvc --version - FAILED (5ms)
Command failed with ENOENT: dvc --version
spawn dvc ENOENT
[version: 1.2.29, 2025-11-27T12:45:20.951Z, pid: 73811] > /home/peaches/anaconda3/bin/python -m dvc --version - INITIALIZED
[version: 1.2.29, 2025-11-27T12:45:20.960Z, pid: 73811] > /home/peaches/anaconda3/bin/python -m dvc --version - FAILED with code 1 (13ms)
/home/peaches/anaconda3/bin/python: No module named dvc

[version: 1.2.29, 2025-11-27T12:45:20.965Z, pid: 0] > dvc --version - INITIALIZED
[version: 1.2.29, 2025-11-27T12:45:20.965Z, pid: 0] > dvc --version - FAILED (4ms)
Command failed with ENOENT: dvc --version
spawn dvc ENOENT
[version: 1.2.29, 2025-11-27T12:45:25.970Z, pid: 73822] > /home/peaches/anaconda3/bin/python -m dvc --version - INITIALIZED
[version: 1.2.29, 2025-11-27T12:45:25.979Z, pid: 73822] > /home/peaches/anaconda3/bin/python -m dvc --version - FAILED with code 1 (14ms)
/home/peaches/anaconda3/bin/python: No module named dvc

[version: 1.2.29, 2025-11-27T12:45:25.984Z, pid: 0] > dvc --version - INITIALIZED
[version: 1.2.29, 2025-11-27T12:45:25.985Z, pid: 0] > dvc --version - FAILED (5ms)
Command failed with ENOENT: dvc --version
spawn dvc ENOENT
[version: 1.2.29, 2025-11-27T12:45:30.991Z, pid: 73826] > /home/peaches/anaconda3/bin/python -m dvc --version - INITIALIZED
[version: 1.2.29, 2025-11-27T12:45:31.000Z, pid: 73826] > /home/peaches/anaconda3/bin/python -m dvc --version - FAILED with code 1 (14ms)
/home/peaches/anaconda3/bin/python: No module named dvc

[version: 1.2.29, 2025-11-27T12:45:31.005Z, pid: 0] > dvc --version - INITIALIZED
[version: 1.2.29, 2025-11-27T12:45:31.006Z, pid: 0] > dvc --version - FAILED (5ms)
Command failed with ENOENT: dvc --version
spawn dvc ENOENT
[version: 1.2.29, 2025-11-27T12:45:36.012Z, pid: 73828] > /home/peaches/anaconda3/bin/python -m dvc --version - INITIALIZED
[version: 1.2.29, 2025-11-27T12:45:36.022Z, pid: 73828] > /home/peaches/anaconda3/bin/python -m dvc --version - FAILED with code 1 (15ms)
/home/peaches/anaconda3/bin/python: No module named dvc

[version: 1.2.29, 2025-11-27T12:45:36.027Z, pid: 0] > dvc --version - INITIALIZED
[version: 1.2.29, 2025-11-27T12:45:36.028Z, pid: 0] > dvc --version - FAILED (6ms)
Command failed with ENOENT: dvc --version
spawn dvc ENOENT
[version: 1.2.29, 2025-11-27T12:45:41.033Z, pid: 73830] > /home/peaches/anaconda3/bin/python -m dvc --version - INITIALIZED
[version: 1.2.29, 2025-11-27T12:45:41.044Z, pid: 73830] > /home/peaches/anaconda3/bin/python -m dvc --version - FAILED with code 1 (16ms)
/home/peaches/anaconda3/bin/python: No module named dvc

[version: 1.2.29, 2025-11-27T12:45:41.049Z, pid: 0] > dvc --version - INITIALIZED
[version: 1.2.29, 2025-11-27T12:45:41.049Z, pid: 0] > dvc --version - FAILED (5ms)
Command failed with ENOENT: dvc --version
spawn dvc ENOENT
[version: 1.2.29, 2025-11-27T12:45:46.054Z, pid: 73833] > /home/peaches/anaconda3/bin/python -m dvc --version - INITIALIZED
[version: 1.2.29, 2025-11-27T12:45:46.064Z, pid: 73833] > /home/peaches/anaconda3/bin/python -m dvc --version - FAILED with code 1 (14ms)
/home/peaches/anaconda3/bin/python: No module named dvc

[version: 1.2.29, 2025-11-27T12:45:46.068Z, pid: 0] > dvc --version - INITIALIZED
[version: 1.2.29, 2025-11-27T12:45:46.069Z, pid: 0] > dvc --version - FAILED (5ms)
Command failed with ENOENT: dvc --version
spawn dvc ENOENT
[version: 1.2.29, 2025-11-27T12:45:51.074Z, pid: 73837] > /home/peaches/anaconda3/bin/python -m dvc --version - INITIALIZED
[version: 1.2.29, 2025-11-27T12:45:51.083Z, pid: 73837] > /home/peaches/anaconda3/bin/python -m dvc --version - FAILED with code 1 (14ms)
/home/peaches/anaconda3/bin/python: No module named dvc

[version: 1.2.29, 2025-11-27T12:45:51.087Z, pid: 0] > dvc --version - INITIALIZED
[version: 1.2.29, 2025-11-27T12:45:51.088Z, pid: 0] > dvc --version - FAILED (5ms)
Command failed with ENOENT: dvc --version
spawn dvc ENOENT
[version: 1.2.29, 2025-11-27T12:45:56.093Z, pid: 73839] > /home/peaches/anaconda3/bin/python -m dvc --version - INITIALIZED
[version: 1.2.29, 2025-11-27T12:45:56.103Z, pid: 73839] > /home/peaches/anaconda3/bin/python -m dvc --version - FAILED with code 1 (15ms)
/home/peaches/anaconda3/bin/python: No module named dvc

[version: 1.2.29, 2025-11-27T12:45:56.107Z, pid: 0] > dvc --version - INITIALIZED
[version: 1.2.29, 2025-11-27T12:45:56.108Z, pid: 0] > dvc --version - FAILED (5ms)
Command failed with ENOENT: dvc --version
spawn dvc ENOENT
[version: 1.2.29, 2025-11-27T12:46:01.113Z, pid: 73842] > /home/peaches/anaconda3/bin/python -m dvc --version - INITIALIZED
[version: 1.2.29, 2025-11-27T12:46:01.122Z, pid: 73842] > /home/peaches/anaconda3/bin/python -m dvc --version - FAILED with code 1 (14ms)
/home/peaches/anaconda3/bin/python: No module named dvc

[version: 1.2.29, 2025-11-27T12:46:01.126Z, pid: 0] > dvc --version - INITIALIZED
[version: 1.2.29, 2025-11-27T12:46:01.127Z, pid: 0] > dvc --version - FAILED (4ms)
Command failed with ENOENT: dvc --version
spawn dvc ENOENT
[version: 1.2.29, 2025-11-27T12:46:06.132Z, pid: 73844] > /home/peaches/anaconda3/bin/python -m dvc --version - INITIALIZED
[version: 1.2.29, 2025-11-27T12:46:06.142Z, pid: 73844] > /home/peaches/anaconda3/bin/python -m dvc --version - FAILED with code 1 (14ms)
/home/peaches/anaconda3/bin/python: No module named dvc

[version: 1.2.29, 2025-11-27T12:46:06.146Z, pid: 0] > dvc --version - INITIALIZED
[version: 1.2.29, 2025-11-27T12:46:06.146Z, pid: 0] > dvc --version - FAILED (4ms)
Command failed with ENOENT: dvc --version
spawn dvc ENOENT
[version: 1.2.29, 2025-11-27T12:46:11.151Z, pid: 73846] > /home/peaches/anaconda3/bin/python -m dvc --version - INITIALIZED
[version: 1.2.29, 2025-11-27T12:46:11.160Z, pid: 73846] > /home/peaches/anaconda3/bin/python -m dvc --version - FAILED with code 1 (14ms)
/home/peaches/anaconda3/bin/python: No module named dvc

[version: 1.2.29, 2025-11-27T12:46:11.167Z, pid: 0] > dvc --version - INITIALIZED
[version: 1.2.29, 2025-11-27T12:46:11.167Z, pid: 0] > dvc --version - FAILED (5ms)
Command failed with ENOENT: dvc --version
spawn dvc ENOENT
[version: 1.2.29, 2025-11-27T12:46:16.172Z, pid: 73848] > /home/peaches/anaconda3/bin/python -m dvc --version - INITIALIZED
[version: 1.2.29, 2025-11-27T12:46:16.182Z, pid: 73848] > /home/peaches/anaconda3/bin/python -m dvc --version - FAILED with code 1 (14ms)
/home/peaches/anaconda3/bin/python: No module named dvc

[version: 1.2.29, 2025-11-27T12:46:16.187Z, pid: 0] > dvc --version - INITIALIZED
[version: 1.2.29, 2025-11-27T12:46:16.188Z, pid: 0] > dvc --version - FAILED (6ms)
Command failed with ENOENT: dvc --version
spawn dvc ENOENT
[version: 1.2.29, 2025-11-27T12:46:21.193Z, pid: 73854] > /home/peaches/anaconda3/bin/python -m dvc --version - INITIALIZED
[version: 1.2.29, 2025-11-27T12:46:21.203Z, pid: 73854] > /home/peaches/anaconda3/bin/python -m dvc --version - FAILED with code 1 (15ms)
/home/peaches/anaconda3/bin/python: No module named dvc

[version: 1.2.29, 2025-11-27T12:46:21.207Z, pid: 0] > dvc --version - INITIALIZED
[version: 1.2.29, 2025-11-27T12:46:21.208Z, pid: 0] > dvc --version - FAILED (5ms)
Command failed with ENOENT: dvc --version
spawn dvc ENOENT
[version: 1.2.29, 2025-11-27T12:46:26.214Z, pid: 73856] > /home/peaches/anaconda3/bin/python -m dvc --version - INITIALIZED
[version: 1.2.29, 2025-11-27T12:46:26.226Z, pid: 73856] > /home/peaches/anaconda3/bin/python -m dvc --version - FAILED with code 1 (16ms)
/home/peaches/anaconda3/bin/python: No module named dvc

[version: 1.2.29, 2025-11-27T12:46:26.231Z, pid: 0] > dvc --version - INITIALIZED
[version: 1.2.29, 2025-11-27T12:46:26.232Z, pid: 0] > dvc --version - FAILED (6ms)
Command failed with ENOENT: dvc --version
spawn dvc ENOENT
[version: 1.2.29, 2025-11-27T12:46:31.239Z, pid: 73860] > /home/peaches/anaconda3/bin/python -m dvc --version - INITIALIZED
[version: 1.2.29, 2025-11-27T12:46:31.249Z, pid: 73860] > /home/peaches/anaconda3/bin/python -m dvc --version - FAILED with code 1 (16ms)
/home/peaches/anaconda3/bin/python: No module named dvc

[version: 1.2.29, 2025-11-27T12:46:31.253Z, pid: 0] > dvc --version - INITIALIZED
[version: 1.2.29, 2025-11-27T12:46:31.254Z, pid: 0] > dvc --version - FAILED (5ms)
Command failed with ENOENT: dvc --version
spawn dvc ENOENT
[version: 1.2.29, 2025-11-27T12:46:36.261Z, pid: 73862] > /home/peaches/anaconda3/bin/python -m dvc --version - INITIALIZED
[version: 1.2.29, 2025-11-27T12:46:36.271Z, pid: 73862] > /home/peaches/anaconda3/bin/python -m dvc --version - FAILED with code 1 (17ms)
/home/peaches/anaconda3/bin/python: No module named dvc

[version: 1.2.29, 2025-11-27T12:46:36.275Z, pid: 0] > dvc --version - INITIALIZED
[version: 1.2.29, 2025-11-27T12:46:36.276Z, pid: 0] > dvc --version - FAILED (5ms)
Command failed with ENOENT: dvc --version
spawn dvc ENOENT
[version: 1.2.29, 2025-11-27T12:46:41.282Z, pid: 73869] > /home/peaches/anaconda3/bin/python -m dvc --version - INITIALIZED
[version: 1.2.29, 2025-11-27T12:46:41.291Z, pid: 73869] > /home/peaches/anaconda3/bin/python -m dvc --version - FAILED with code 1 (14ms)
/home/peaches/anaconda3/bin/python: No module named dvc

[version: 1.2.29, 2025-11-27T12:46:41.296Z, pid: 0] > dvc --version - INITIALIZED
[version: 1.2.29, 2025-11-27T12:46:41.297Z, pid: 0] > dvc --version - FAILED (6ms)
Command failed with ENOENT: dvc --version
spawn dvc ENOENT
[version: 1.2.29, 2025-11-27T12:46:46.304Z, pid: 73874] > /home/peaches/anaconda3/bin/python -m dvc --version - INITIALIZED
[version: 1.2.29, 2025-11-27T12:46:46.314Z, pid: 73874] > /home/peaches/anaconda3/bin/python -m dvc --version - FAILED with code 1 (16ms)
/home/peaches/anaconda3/bin/python: No module named dvc

[version: 1.2.29, 2025-11-27T12:46:46.318Z, pid: 0] > dvc --version - INITIALIZED
[version: 1.2.29, 2025-11-27T12:46:46.319Z, pid: 0] > dvc --version - FAILED (5ms)
Command failed with ENOENT: dvc --version
spawn dvc ENOENT
[version: 1.2.29, 2025-11-27T12:46:51.324Z, pid: 73878] > /home/peaches/anaconda3/bin/python -m dvc --version - INITIALIZED
[version: 1.2.29, 2025-11-27T12:46:51.334Z, pid: 73878] > /home/peaches/anaconda3/bin/python -m dvc --version - FAILED with code 1 (15ms)
/home/peaches/anaconda3/bin/python: No module named dvc

[version: 1.2.29, 2025-11-27T12:46:51.339Z, pid: 0] > dvc --version - INITIALIZED
[version: 1.2.29, 2025-11-27T12:46:51.340Z, pid: 0] > dvc --version - FAILED (4ms)
Command failed with ENOENT: dvc --version
spawn dvc ENOENT
[version: 1.2.29, 2025-11-27T12:46:56.345Z, pid: 73880] > /home/peaches/anaconda3/bin/python -m dvc --version - INITIALIZED
[version: 1.2.29, 2025-11-27T12:46:56.354Z, pid: 73880] > /home/peaches/anaconda3/bin/python -m dvc --version - FAILED with code 1 (14ms)
/home/peaches/anaconda3/bin/python: No module named dvc

[version: 1.2.29, 2025-11-27T12:46:56.358Z, pid: 0] > dvc --version - INITIALIZED
[version: 1.2.29, 2025-11-27T12:46:56.359Z, pid: 0] > dvc --version - FAILED (4ms)
Command failed with ENOENT: dvc --version
spawn dvc ENOENT
[version: 1.2.29, 2025-11-27T12:47:01.365Z, pid: 73882] > /home/peaches/anaconda3/bin/python -m dvc --version - INITIALIZED
[version: 1.2.29, 2025-11-27T12:47:01.374Z, pid: 73882] > /home/peaches/anaconda3/bin/python -m dvc --version - FAILED with code 1 (14ms)
/home/peaches/anaconda3/bin/python: No module named dvc

[version: 1.2.29, 2025-11-27T12:47:01.378Z, pid: 0] > dvc --version - INITIALIZED
[version: 1.2.29, 2025-11-27T12:47:01.379Z, pid: 0] > dvc --version - FAILED (5ms)
Command failed with ENOENT: dvc --version
spawn dvc ENOENT
[version: 1.2.29, 2025-11-27T12:47:06.384Z, pid: 73884] > /home/peaches/anaconda3/bin/python -m dvc --version - INITIALIZED
[version: 1.2.29, 2025-11-27T12:47:06.393Z, pid: 73884] > /home/peaches/anaconda3/bin/python -m dvc --version - FAILED with code 1 (13ms)
/home/peaches/anaconda3/bin/python: No module named dvc

[version: 1.2.29, 2025-11-27T12:47:06.398Z, pid: 0] > dvc --version - INITIALIZED
[version: 1.2.29, 2025-11-27T12:47:06.399Z, pid: 0] > dvc --version - FAILED (5ms)
Command failed with ENOENT: dvc --version
spawn dvc ENOENT
[version: 1.2.29, 2025-11-27T12:47:11.405Z, pid: 73886] > /home/peaches/anaconda3/bin/python -m dvc --version - INITIALIZED
[version: 1.2.29, 2025-11-27T12:47:11.415Z, pid: 73886] > /home/peaches/anaconda3/bin/python -m dvc --version - FAILED with code 1 (15ms)
/home/peaches/anaconda3/bin/python: No module named dvc

[version: 1.2.29, 2025-11-27T12:47:11.420Z, pid: 0] > dvc --version - INITIALIZED
[version: 1.2.29, 2025-11-27T12:47:11.420Z, pid: 0] > dvc --version - FAILED (5ms)
Command failed with ENOENT: dvc --version
spawn dvc ENOENT
[version: 1.2.29, 2025-11-27T12:47:16.425Z, pid: 73888] > /home/peaches/anaconda3/bin/python -m dvc --version - INITIALIZED
[version: 1.2.29, 2025-11-27T12:47:16.435Z, pid: 73888] > /home/peaches/anaconda3/bin/python -m dvc --version - FAILED with code 1 (15ms)
/home/peaches/anaconda3/bin/python: No module named dvc

[version: 1.2.29, 2025-11-27T12:47:16.440Z, pid: 0] > dvc --version - INITIALIZED
[version: 1.2.29, 2025-11-27T12:47:16.441Z, pid: 0] > dvc --version - FAILED (6ms)
Command failed with ENOENT: dvc --version
spawn dvc ENOENT
[version: 1.2.29, 2025-11-27T12:47:21.447Z, pid: 73890] > /home/peaches/anaconda3/bin/python -m dvc --version - INITIALIZED
[version: 1.2.29, 2025-11-27T12:47:21.456Z, pid: 73890] > /home/peaches/anaconda3/bin/python -m dvc --version - FAILED with code 1 (14ms)
/home/peaches/anaconda3/bin/python: No module named dvc

[version: 1.2.29, 2025-11-27T12:47:21.461Z, pid: 0] > dvc --version - INITIALIZED
[version: 1.2.29, 2025-11-27T12:47:21.462Z, pid: 0] > dvc --version - FAILED (5ms)
Command failed with ENOENT: dvc --version
spawn dvc ENOENT
[version: 1.2.29, 2025-11-27T12:47:26.467Z, pid: 73893] > /home/peaches/anaconda3/bin/python -m dvc --version - INITIALIZED
[version: 1.2.29, 2025-11-27T12:47:26.476Z, pid: 73893] > /home/peaches/anaconda3/bin/python -m dvc --version - FAILED with code 1 (14ms)
/home/peaches/anaconda3/bin/python: No module named dvc

[version: 1.2.29, 2025-11-27T12:47:26.480Z, pid: 0] > dvc --version - INITIALIZED
[version: 1.2.29, 2025-11-27T12:47:26.481Z, pid: 0] > dvc --version - FAILED (5ms)
Command failed with ENOENT: dvc --version
spawn dvc ENOENT
[version: 1.2.29, 2025-11-27T12:47:31.486Z, pid: 73896] > /home/peaches/anaconda3/bin/python -m dvc --version - INITIALIZED
[version: 1.2.29, 2025-11-27T12:47:31.496Z, pid: 73896] > /home/peaches/anaconda3/bin/python -m dvc --version - FAILED with code 1 (15ms)
/home/peaches/anaconda3/bin/python: No module named dvc

[version: 1.2.29, 2025-11-27T12:47:31.501Z, pid: 0] > dvc --version - INITIALIZED
[version: 1.2.29, 2025-11-27T12:47:31.502Z, pid: 0] > dvc --version - FAILED (6ms)
Command failed with ENOENT: dvc --version
spawn dvc ENOENT
[version: 1.2.29, 2025-11-27T12:47:36.508Z, pid: 73901] > /home/peaches/anaconda3/bin/python -m dvc --version - INITIALIZED
[version: 1.2.29, 2025-11-27T12:47:36.517Z, pid: 73901] > /home/peaches/anaconda3/bin/python -m dvc --version - FAILED with code 1 (15ms)
/home/peaches/anaconda3/bin/python: No module named dvc

[version: 1.2.29, 2025-11-27T12:47:36.522Z, pid: 0] > dvc --version - INITIALIZED
[version: 1.2.29, 2025-11-27T12:47:36.522Z, pid: 0] > dvc --version - FAILED (5ms)
Command failed with ENOENT: dvc --version
spawn dvc ENOENT
[version: 1.2.29, 2025-11-27T12:47:41.527Z, pid: 73903] > /home/peaches/anaconda3/bin/python -m dvc --version - INITIALIZED
[version: 1.2.29, 2025-11-27T12:47:41.536Z, pid: 73903] > /home/peaches/anaconda3/bin/python -m dvc --version - FAILED with code 1 (14ms)
/home/peaches/anaconda3/bin/python: No module named dvc

[version: 1.2.29, 2025-11-27T12:47:41.540Z, pid: 0] > dvc --version - INITIALIZED
[version: 1.2.29, 2025-11-27T12:47:41.541Z, pid: 0] > dvc --version - FAILED (5ms)
Command failed with ENOENT: dvc --version
spawn dvc ENOENT
[version: 1.2.29, 2025-11-27T12:47:46.547Z, pid: 73905] > /home/peaches/anaconda3/bin/python -m dvc --version - INITIALIZED
[version: 1.2.29, 2025-11-27T12:47:46.557Z, pid: 73905] > /home/peaches/anaconda3/bin/python -m dvc --version - FAILED with code 1 (15ms)
/home/peaches/anaconda3/bin/python: No module named dvc

[version: 1.2.29, 2025-11-27T12:47:46.561Z, pid: 0] > dvc --version - INITIALIZED
[version: 1.2.29, 2025-11-27T12:47:46.562Z, pid: 0] > dvc --version - FAILED (5ms)
Command failed with ENOENT: dvc --version
spawn dvc ENOENT
[version: 1.2.29, 2025-11-27T12:47:51.568Z, pid: 73912] > /home/peaches/anaconda3/bin/python -m dvc --version - INITIALIZED
[version: 1.2.29, 2025-11-27T12:47:51.577Z, pid: 73912] > /home/peaches/anaconda3/bin/python -m dvc --version - FAILED with code 1 (15ms)
/home/peaches/anaconda3/bin/python: No module named dvc

[version: 1.2.29, 2025-11-27T12:47:51.581Z, pid: 0] > dvc --version - INITIALIZED
[version: 1.2.29, 2025-11-27T12:47:51.582Z, pid: 0] > dvc --version - FAILED (5ms)
Command failed with ENOENT: dvc --version
spawn dvc ENOENT
[version: 1.2.29, 2025-11-27T12:47:56.589Z, pid: 73914] > /home/peaches/anaconda3/bin/python -m dvc --version - INITIALIZED
[version: 1.2.29, 2025-11-27T12:47:56.599Z, pid: 73914] > /home/peaches/anaconda3/bin/python -m dvc --version - FAILED with code 1 (16ms)
/home/peaches/anaconda3/bin/python: No module named dvc

[version: 1.2.29, 2025-11-27T12:47:56.603Z, pid: 0] > dvc --version - INITIALIZED
[version: 1.2.29, 2025-11-27T12:47:56.604Z, pid: 0] > dvc --version - FAILED (5ms)
Command failed with ENOENT: dvc --version
spawn dvc ENOENT
[version: 1.2.29, 2025-11-27T12:48:01.609Z, pid: 73916] > /home/peaches/anaconda3/bin/python -m dvc --version - INITIALIZED
[version: 1.2.29, 2025-11-27T12:48:01.620Z, pid: 73916] > /home/peaches/anaconda3/bin/python -m dvc --version - FAILED with code 1 (15ms)
/home/peaches/anaconda3/bin/python: No module named dvc

[version: 1.2.29, 2025-11-27T12:48:01.624Z, pid: 0] > dvc --version - INITIALIZED
[version: 1.2.29, 2025-11-27T12:48:01.625Z, pid: 0] > dvc --version - FAILED (5ms)
Command failed with ENOENT: dvc --version
spawn dvc ENOENT
[version: 1.2.29, 2025-11-27T12:48:06.632Z, pid: 73919] > /home/peaches/anaconda3/bin/python -m dvc --version - INITIALIZED
[version: 1.2.29, 2025-11-27T12:48:06.641Z, pid: 73919] > /home/peaches/anaconda3/bin/python -m dvc --version - FAILED with code 1 (14ms)
/home/peaches/anaconda3/bin/python: No module named dvc

[version: 1.2.29, 2025-11-27T12:48:06.645Z, pid: 0] > dvc --version - INITIALIZED
[version: 1.2.29, 2025-11-27T12:48:06.646Z, pid: 0] > dvc --version - FAILED (5ms)
Command failed with ENOENT: dvc --version
spawn dvc ENOENT
[version: 1.2.29, 2025-11-27T12:48:11.651Z, pid: 73921] > /home/peaches/anaconda3/bin/python -m dvc --version - INITIALIZED
[version: 1.2.29, 2025-11-27T12:48:11.660Z, pid: 73921] > /home/peaches/anaconda3/bin/python -m dvc --version - FAILED with code 1 (14ms)
/home/peaches/anaconda3/bin/python: No module named dvc

[version: 1.2.29, 2025-11-27T12:48:11.665Z, pid: 0] > dvc --version - INITIALIZED
[version: 1.2.29, 2025-11-27T12:48:11.665Z, pid: 0] > dvc --version - FAILED (4ms)
Command failed with ENOENT: dvc --version
spawn dvc ENOENT
[version: 1.2.29, 2025-11-27T12:48:16.671Z, pid: 73923] > /home/peaches/anaconda3/bin/python -m dvc --version - INITIALIZED
[version: 1.2.29, 2025-11-27T12:48:16.680Z, pid: 73923] > /home/peaches/anaconda3/bin/python -m dvc --version - FAILED with code 1 (14ms)
/home/peaches/anaconda3/bin/python: No module named dvc

[version: 1.2.29, 2025-11-27T12:48:16.685Z, pid: 0] > dvc --version - INITIALIZED
[version: 1.2.29, 2025-11-27T12:48:16.685Z, pid: 0] > dvc --version - FAILED (4ms)
Command failed with ENOENT: dvc --version
spawn dvc ENOENT
[version: 1.2.29, 2025-11-27T12:48:21.690Z, pid: 73925] > /home/peaches/anaconda3/bin/python -m dvc --version - INITIALIZED
[version: 1.2.29, 2025-11-27T12:48:21.700Z, pid: 73925] > /home/peaches/anaconda3/bin/python -m dvc --version - FAILED with code 1 (15ms)
/home/peaches/anaconda3/bin/python: No module named dvc

[version: 1.2.29, 2025-11-27T12:48:21.705Z, pid: 0] > dvc --version - INITIALIZED
[version: 1.2.29, 2025-11-27T12:48:21.705Z, pid: 0] > dvc --version - FAILED (5ms)
Command failed with ENOENT: dvc --version
spawn dvc ENOENT
[version: 1.2.29, 2025-11-27T12:48:26.711Z, pid: 73928] > /home/peaches/anaconda3/bin/python -m dvc --version - INITIALIZED
[version: 1.2.29, 2025-11-27T12:48:26.721Z, pid: 73928] > /home/peaches/anaconda3/bin/python -m dvc --version - FAILED with code 1 (15ms)
/home/peaches/anaconda3/bin/python: No module named dvc

[version: 1.2.29, 2025-11-27T12:48:26.727Z, pid: 0] > dvc --version - INITIALIZED
[version: 1.2.29, 2025-11-27T12:48:26.728Z, pid: 0] > dvc --version - FAILED (7ms)
Command failed with ENOENT: dvc --version
spawn dvc ENOENT
[version: 1.2.29, 2025-11-27T12:48:31.733Z, pid: 73946] > /home/peaches/anaconda3/bin/python -m dvc --version - INITIALIZED
[version: 1.2.29, 2025-11-27T12:48:31.745Z, pid: 73946] > /home/peaches/anaconda3/bin/python -m dvc --version - FAILED with code 1 (16ms)
/home/peaches/anaconda3/bin/python: No module named dvc

[version: 1.2.29, 2025-11-27T12:48:31.750Z, pid: 0] > dvc --version - INITIALIZED
[version: 1.2.29, 2025-11-27T12:48:31.750Z, pid: 0] > dvc --version - FAILED (5ms)
Command failed with ENOENT: dvc --version
spawn dvc ENOENT
[version: 1.2.29, 2025-11-27T12:48:36.755Z, pid: 73954] > /home/peaches/anaconda3/bin/python -m dvc --version - INITIALIZED
[version: 1.2.29, 2025-11-27T12:48:36.766Z, pid: 73954] > /home/peaches/anaconda3/bin/python -m dvc --version - FAILED with code 1 (15ms)
/home/peaches/anaconda3/bin/python: No module named dvc

[version: 1.2.29, 2025-11-27T12:48:36.770Z, pid: 0] > dvc --version - INITIALIZED
[version: 1.2.29, 2025-11-27T12:48:36.771Z, pid: 0] > dvc --version - FAILED (5ms)
Command failed with ENOENT: dvc --version
spawn dvc ENOENT
[version: 1.2.29, 2025-11-27T12:48:41.776Z, pid: 73961] > /home/peaches/anaconda3/bin/python -m dvc --version - INITIALIZED
[version: 1.2.29, 2025-11-27T12:48:41.787Z, pid: 73961] > /home/peaches/anaconda3/bin/python -m dvc --version - FAILED with code 1 (15ms)
/home/peaches/anaconda3/bin/python: No module named dvc

[version: 1.2.29, 2025-11-27T12:48:41.792Z, pid: 0] > dvc --version - INITIALIZED
[version: 1.2.29, 2025-11-27T12:48:41.792Z, pid: 0] > dvc --version - FAILED (4ms)
Command failed with ENOENT: dvc --version
spawn dvc ENOENT
[version: 1.2.29, 2025-11-27T12:48:46.798Z, pid: 73965] > /home/peaches/anaconda3/bin/python -m dvc --version - INITIALIZED
[version: 1.2.29, 2025-11-27T12:48:46.808Z, pid: 73965] > /home/peaches/anaconda3/bin/python -m dvc --version - FAILED with code 1 (16ms)
/home/peaches/anaconda3/bin/python: No module named dvc

[version: 1.2.29, 2025-11-27T12:48:46.813Z, pid: 0] > dvc --version - INITIALIZED
[version: 1.2.29, 2025-11-27T12:48:46.814Z, pid: 0] > dvc --version - FAILED (5ms)
Command failed with ENOENT: dvc --version
spawn dvc ENOENT
[version: 1.2.29, 2025-11-27T12:48:51.820Z, pid: 73970] > /home/peaches/anaconda3/bin/python -m dvc --version - INITIALIZED
[version: 1.2.29, 2025-11-27T12:48:51.829Z, pid: 73970] > /home/peaches/anaconda3/bin/python -m dvc --version - FAILED with code 1 (14ms)
/home/peaches/anaconda3/bin/python: No module named dvc

[version: 1.2.29, 2025-11-27T12:48:51.833Z, pid: 0] > dvc --version - INITIALIZED
[version: 1.2.29, 2025-11-27T12:48:51.834Z, pid: 0] > dvc --version - FAILED (5ms)
Command failed with ENOENT: dvc --version
spawn dvc ENOENT
[version: 1.2.29, 2025-11-27T12:48:56.841Z, pid: 73976] > /home/peaches/anaconda3/bin/python -m dvc --version - INITIALIZED
[version: 1.2.29, 2025-11-27T12:48:56.850Z, pid: 73976] > /home/peaches/anaconda3/bin/python -m dvc --version - FAILED with code 1 (15ms)
/home/peaches/anaconda3/bin/python: No module named dvc

[version: 1.2.29, 2025-11-27T12:48:56.855Z, pid: 0] > dvc --version - INITIALIZED
[version: 1.2.29, 2025-11-27T12:48:56.856Z, pid: 0] > dvc --version - FAILED (4ms)
Command failed with ENOENT: dvc --version
spawn dvc ENOENT
[version: 1.2.29, 2025-11-27T12:49:01.860Z, pid: 73980] > /home/peaches/anaconda3/bin/python -m dvc --version - INITIALIZED
[version: 1.2.29, 2025-11-27T12:49:01.870Z, pid: 73980] > /home/peaches/anaconda3/bin/python -m dvc --version - FAILED with code 1 (14ms)
/home/peaches/anaconda3/bin/python: No module named dvc

[version: 1.2.29, 2025-11-27T12:49:01.874Z, pid: 0] > dvc --version - INITIALIZED
[version: 1.2.29, 2025-11-27T12:49:01.875Z, pid: 0] > dvc --version - FAILED (5ms)
Command failed with ENOENT: dvc --version
spawn dvc ENOENT
[version: 1.2.29, 2025-11-27T12:49:06.880Z, pid: 73982] > /home/peaches/anaconda3/bin/python -m dvc --version - INITIALIZED
[version: 1.2.29, 2025-11-27T12:49:06.889Z, pid: 73982] > /home/peaches/anaconda3/bin/python -m dvc --version - FAILED with code 1 (14ms)
/home/peaches/anaconda3/bin/python: No module named dvc

[version: 1.2.29, 2025-11-27T12:49:06.894Z, pid: 0] > dvc --version - INITIALIZED
[version: 1.2.29, 2025-11-27T12:49:06.895Z, pid: 0] > dvc --version - FAILED (5ms)
Command failed with ENOENT: dvc --version
spawn dvc ENOENT
[version: 1.2.29, 2025-11-27T12:49:11.901Z, pid: 73984] > /home/peaches/anaconda3/bin/python -m dvc --version - INITIALIZED
[version: 1.2.29, 2025-11-27T12:49:11.910Z, pid: 73984] > /home/peaches/anaconda3/bin/python -m dvc --version - FAILED with code 1 (14ms)
/home/peaches/anaconda3/bin/python: No module named dvc

[version: 1.2.29, 2025-11-27T12:49:11.914Z, pid: 0] > dvc --version - INITIALIZED
[version: 1.2.29, 2025-11-27T12:49:11.915Z, pid: 0] > dvc --version - FAILED (5ms)
Command failed with ENOENT: dvc --version
spawn dvc ENOENT
[version: 1.2.29, 2025-11-27T12:49:16.920Z, pid: 73986] > /home/peaches/anaconda3/bin/python -m dvc --version - INITIALIZED
[version: 1.2.29, 2025-11-27T12:49:16.930Z, pid: 73986] > /home/peaches/anaconda3/bin/python -m dvc --version - FAILED with code 1 (15ms)
/home/peaches/anaconda3/bin/python: No module named dvc

[version: 1.2.29, 2025-11-27T12:49:16.934Z, pid: 0] > dvc --version - INITIALIZED
[version: 1.2.29, 2025-11-27T12:49:16.935Z, pid: 0] > dvc --version - FAILED (5ms)
Command failed with ENOENT: dvc --version
spawn dvc ENOENT
[version: 1.2.29, 2025-11-27T12:49:21.940Z, pid: 74022] > /home/peaches/anaconda3/bin/python -m dvc --version - INITIALIZED
[version: 1.2.29, 2025-11-27T12:49:21.950Z, pid: 74022] > /home/peaches/anaconda3/bin/python -m dvc --version - FAILED with code 1 (15ms)
/home/peaches/anaconda3/bin/python: No module named dvc

[version: 1.2.29, 2025-11-27T12:49:21.955Z, pid: 0] > dvc --version - INITIALIZED
[version: 1.2.29, 2025-11-27T12:49:21.956Z, pid: 0] > dvc --version - FAILED (6ms)
Command failed with ENOENT: dvc --version
spawn dvc ENOENT
[version: 1.2.29, 2025-11-27T12:49:26.962Z, pid: 74025] > /home/peaches/anaconda3/bin/python -m dvc --version - INITIALIZED
[version: 1.2.29, 2025-11-27T12:49:26.972Z, pid: 74025] > /home/peaches/anaconda3/bin/python -m dvc --version - FAILED with code 1 (15ms)
/home/peaches/anaconda3/bin/python: No module named dvc

[version: 1.2.29, 2025-11-27T12:49:26.976Z, pid: 0] > dvc --version - INITIALIZED
[version: 1.2.29, 2025-11-27T12:49:26.977Z, pid: 0] > dvc --version - FAILED (5ms)
Command failed with ENOENT: dvc --version
spawn dvc ENOENT
[version: 1.2.29, 2025-11-27T12:49:31.982Z, pid: 74027] > /home/peaches/anaconda3/bin/python -m dvc --version - INITIALIZED
[version: 1.2.29, 2025-11-27T12:49:31.992Z, pid: 74027] > /home/peaches/anaconda3/bin/python -m dvc --version - FAILED with code 1 (14ms)
/home/peaches/anaconda3/bin/python: No module named dvc

[version: 1.2.29, 2025-11-27T12:49:31.996Z, pid: 0] > dvc --version - INITIALIZED
[version: 1.2.29, 2025-11-27T12:49:31.997Z, pid: 0] > dvc --version - FAILED (5ms)
Command failed with ENOENT: dvc --version
spawn dvc ENOENT
[version: 1.2.29, 2025-11-27T12:49:37.002Z, pid: 74029] > /home/peaches/anaconda3/bin/python -m dvc --version - INITIALIZED
[version: 1.2.29, 2025-11-27T12:49:37.012Z, pid: 74029] > /home/peaches/anaconda3/bin/python -m dvc --version - FAILED with code 1 (15ms)
/home/peaches/anaconda3/bin/python: No module named dvc

[version: 1.2.29, 2025-11-27T12:49:37.016Z, pid: 0] > dvc --version - INITIALIZED
[version: 1.2.29, 2025-11-27T12:49:37.017Z, pid: 0] > dvc --version - FAILED (5ms)
Command failed with ENOENT: dvc --version
spawn dvc ENOENT
[version: 1.2.29, 2025-11-27T12:49:42.023Z, pid: 74031] > /home/peaches/anaconda3/bin/python -m dvc --version - INITIALIZED
[version: 1.2.29, 2025-11-27T12:49:42.032Z, pid: 74031] > /home/peaches/anaconda3/bin/python -m dvc --version - FAILED with code 1 (14ms)
/home/peaches/anaconda3/bin/python: No module named dvc

[version: 1.2.29, 2025-11-27T12:49:42.036Z, pid: 0] > dvc --version - INITIALIZED
[version: 1.2.29, 2025-11-27T12:49:42.037Z, pid: 0] > dvc --version - FAILED (5ms)
Command failed with ENOENT: dvc --version
spawn dvc ENOENT
[version: 1.2.29, 2025-11-27T12:49:47.043Z, pid: 74033] > /home/peaches/anaconda3/bin/python -m dvc --version - INITIALIZED
[version: 1.2.29, 2025-11-27T12:49:47.052Z, pid: 74033] > /home/peaches/anaconda3/bin/python -m dvc --version - FAILED with code 1 (14ms)
/home/peaches/anaconda3/bin/python: No module named dvc

[version: 1.2.29, 2025-11-27T12:49:47.057Z, pid: 0] > dvc --version - INITIALIZED
[version: 1.2.29, 2025-11-27T12:49:47.057Z, pid: 0] > dvc --version - FAILED (4ms)
Command failed with ENOENT: dvc --version
spawn dvc ENOENT
[version: 1.2.29, 2025-11-27T12:49:52.062Z, pid: 74037] > /home/peaches/anaconda3/bin/python -m dvc --version - INITIALIZED
[version: 1.2.29, 2025-11-27T12:49:52.072Z, pid: 74037] > /home/peaches/anaconda3/bin/python -m dvc --version - FAILED with code 1 (14ms)
/home/peaches/anaconda3/bin/python: No module named dvc

[version: 1.2.29, 2025-11-27T12:49:52.076Z, pid: 0] > dvc --version - INITIALIZED
[version: 1.2.29, 2025-11-27T12:49:52.077Z, pid: 0] > dvc --version - FAILED (5ms)
Command failed with ENOENT: dvc --version
spawn dvc ENOENT
[version: 1.2.29, 2025-11-27T12:49:57.083Z, pid: 74039] > /home/peaches/anaconda3/bin/python -m dvc --version - INITIALIZED
[version: 1.2.29, 2025-11-27T12:49:57.093Z, pid: 74039] > /home/peaches/anaconda3/bin/python -m dvc --version - FAILED with code 1 (16ms)
/home/peaches/anaconda3/bin/python: No module named dvc

[version: 1.2.29, 2025-11-27T12:49:57.097Z, pid: 0] > dvc --version - INITIALIZED
[version: 1.2.29, 2025-11-27T12:49:57.098Z, pid: 0] > dvc --version - FAILED (5ms)
Command failed with ENOENT: dvc --version
spawn dvc ENOENT
[version: 1.2.29, 2025-11-27T12:50:02.103Z, pid: 74041] > /home/peaches/anaconda3/bin/python -m dvc --version - INITIALIZED
[version: 1.2.29, 2025-11-27T12:50:02.113Z, pid: 74041] > /home/peaches/anaconda3/bin/python -m dvc --version - FAILED with code 1 (15ms)
/home/peaches/anaconda3/bin/python: No module named dvc

[version: 1.2.29, 2025-11-27T12:50:02.118Z, pid: 0] > dvc --version - INITIALIZED
[version: 1.2.29, 2025-11-27T12:50:02.118Z, pid: 0] > dvc --version - FAILED (5ms)
Command failed with ENOENT: dvc --version
spawn dvc ENOENT
[version: 1.2.29, 2025-11-27T12:50:07.124Z, pid: 74043] > /home/peaches/anaconda3/bin/python -m dvc --version - INITIALIZED
[version: 1.2.29, 2025-11-27T12:50:07.133Z, pid: 74043] > /home/peaches/anaconda3/bin/python -m dvc --version - FAILED with code 1 (15ms)
/home/peaches/anaconda3/bin/python: No module named dvc

[version: 1.2.29, 2025-11-27T12:50:07.138Z, pid: 0] > dvc --version - INITIALIZED
[version: 1.2.29, 2025-11-27T12:50:07.138Z, pid: 0] > dvc --version - FAILED (5ms)
Command failed with ENOENT: dvc --version
spawn dvc ENOENT
[version: 1.2.29, 2025-11-27T12:50:12.144Z, pid: 74046] > /home/peaches/anaconda3/bin/python -m dvc --version - INITIALIZED
[version: 1.2.29, 2025-11-27T12:50:12.153Z, pid: 74046] > /home/peaches/anaconda3/bin/python -m dvc --version - FAILED with code 1 (14ms)
/home/peaches/anaconda3/bin/python: No module named dvc

[version: 1.2.29, 2025-11-27T12:50:12.158Z, pid: 0] > dvc --version - INITIALIZED
[version: 1.2.29, 2025-11-27T12:50:12.159Z, pid: 0] > dvc --version - FAILED (5ms)
Command failed with ENOENT: dvc --version
spawn dvc ENOENT
[version: 1.2.29, 2025-11-27T12:50:17.166Z, pid: 74048] > /home/peaches/anaconda3/bin/python -m dvc --version - INITIALIZED
[version: 1.2.29, 2025-11-27T12:50:17.175Z, pid: 74048] > /home/peaches/anaconda3/bin/python -m dvc --version - FAILED with code 1 (15ms)
/home/peaches/anaconda3/bin/python: No module named dvc

[version: 1.2.29, 2025-11-27T12:50:17.181Z, pid: 0] > dvc --version - INITIALIZED
[version: 1.2.29, 2025-11-27T12:50:17.182Z, pid: 0] > dvc --version - FAILED (6ms)
Command failed with ENOENT: dvc --version
spawn dvc ENOENT
[version: 1.2.29, 2025-11-27T12:50:22.187Z, pid: 74050] > /home/peaches/anaconda3/bin/python -m dvc --version - INITIALIZED
[version: 1.2.29, 2025-11-27T12:50:22.199Z, pid: 74050] > /home/peaches/anaconda3/bin/python -m dvc --version - FAILED with code 1 (16ms)
/home/peaches/anaconda3/bin/python: No module named dvc

[version: 1.2.29, 2025-11-27T12:50:22.204Z, pid: 0] > dvc --version - INITIALIZED
[version: 1.2.29, 2025-11-27T12:50:22.204Z, pid: 0] > dvc --version - FAILED (5ms)
Command failed with ENOENT: dvc --version
spawn dvc ENOENT
[version: 1.2.29, 2025-11-27T12:50:27.209Z, pid: 74052] > /home/peaches/anaconda3/bin/python -m dvc --version - INITIALIZED
[version: 1.2.29, 2025-11-27T12:50:27.219Z, pid: 74052] > /home/peaches/anaconda3/bin/python -m dvc --version - FAILED with code 1 (14ms)
/home/peaches/anaconda3/bin/python: No module named dvc

[version: 1.2.29, 2025-11-27T12:50:27.223Z, pid: 0] > dvc --version - INITIALIZED
[version: 1.2.29, 2025-11-27T12:50:27.224Z, pid: 0] > dvc --version - FAILED (5ms)
Command failed with ENOENT: dvc --version
spawn dvc ENOENT
[version: 1.2.29, 2025-11-27T12:50:32.229Z, pid: 74055] > /home/peaches/anaconda3/bin/python -m dvc --version - INITIALIZED
[version: 1.2.29, 2025-11-27T12:50:32.238Z, pid: 74055] > /home/peaches/anaconda3/bin/python -m dvc --version - FAILED with code 1 (14ms)
/home/peaches/anaconda3/bin/python: No module named dvc

[version: 1.2.29, 2025-11-27T12:50:32.243Z, pid: 0] > dvc --version - INITIALIZED
[version: 1.2.29, 2025-11-27T12:50:32.244Z, pid: 0] > dvc --version - FAILED (5ms)
Command failed with ENOENT: dvc --version
spawn dvc ENOENT
[version: 1.2.29, 2025-11-27T12:50:37.249Z, pid: 74057] > /home/peaches/anaconda3/bin/python -m dvc --version - INITIALIZED
[version: 1.2.29, 2025-11-27T12:50:37.259Z, pid: 74057] > /home/peaches/anaconda3/bin/python -m dvc --version - FAILED with code 1 (14ms)
/home/peaches/anaconda3/bin/python: No module named dvc

[version: 1.2.29, 2025-11-27T12:50:37.264Z, pid: 0] > dvc --version - INITIALIZED
[version: 1.2.29, 2025-11-27T12:50:37.265Z, pid: 0] > dvc --version - FAILED (6ms)
Command failed with ENOENT: dvc --version
spawn dvc ENOENT
[version: 1.2.29, 2025-11-27T12:50:42.270Z, pid: 74074] > /home/peaches/anaconda3/bin/python -m dvc --version - INITIALIZED
[version: 1.2.29, 2025-11-27T12:50:42.280Z, pid: 74074] > /home/peaches/anaconda3/bin/python -m dvc --version - FAILED with code 1 (14ms)
/home/peaches/anaconda3/bin/python: No module named dvc

[version: 1.2.29, 2025-11-27T12:50:42.284Z, pid: 0] > dvc --version - INITIALIZED
[version: 1.2.29, 2025-11-27T12:50:42.285Z, pid: 0] > dvc --version - FAILED (5ms)
Command failed with ENOENT: dvc --version
spawn dvc ENOENT
[version: 1.2.29, 2025-11-27T12:50:47.290Z, pid: 74431] > /home/peaches/anaconda3/bin/python -m dvc --version - INITIALIZED
[version: 1.2.29, 2025-11-27T12:50:47.300Z, pid: 74431] > /home/peaches/anaconda3/bin/python -m dvc --version - FAILED with code 1 (14ms)
/home/peaches/anaconda3/bin/python: No module named dvc

[version: 1.2.29, 2025-11-27T12:50:47.304Z, pid: 0] > dvc --version - INITIALIZED
[version: 1.2.29, 2025-11-27T12:50:47.305Z, pid: 0] > dvc --version - FAILED (5ms)
Command failed with ENOENT: dvc --version
spawn dvc ENOENT
[version: 1.2.29, 2025-11-27T12:50:52.310Z, pid: 74437] > /home/peaches/anaconda3/bin/python -m dvc --version - INITIALIZED
[version: 1.2.29, 2025-11-27T12:50:52.320Z, pid: 74437] > /home/peaches/anaconda3/bin/python -m dvc --version - FAILED with code 1 (15ms)
/home/peaches/anaconda3/bin/python: No module named dvc

[version: 1.2.29, 2025-11-27T12:50:52.324Z, pid: 0] > dvc --version - INITIALIZED
[version: 1.2.29, 2025-11-27T12:50:52.325Z, pid: 0] > dvc --version - FAILED (5ms)
Command failed with ENOENT: dvc --version
spawn dvc ENOENT
[version: 1.2.29, 2025-11-27T12:50:57.331Z, pid: 74439] > /home/peaches/anaconda3/bin/python -m dvc --version - INITIALIZED
[version: 1.2.29, 2025-11-27T12:50:57.340Z, pid: 74439] > /home/peaches/anaconda3/bin/python -m dvc --version - FAILED with code 1 (15ms)
/home/peaches/anaconda3/bin/python: No module named dvc

[version: 1.2.29, 2025-11-27T12:50:57.344Z, pid: 0] > dvc --version - INITIALIZED
[version: 1.2.29, 2025-11-27T12:50:57.345Z, pid: 0] > dvc --version - FAILED (5ms)
Command failed with ENOENT: dvc --version
spawn dvc ENOENT
[version: 1.2.29, 2025-11-27T12:51:02.352Z, pid: 74441] > /home/peaches/anaconda3/bin/python -m dvc --version - INITIALIZED
[version: 1.2.29, 2025-11-27T12:51:02.361Z, pid: 74441] > /home/peaches/anaconda3/bin/python -m dvc --version - FAILED with code 1 (16ms)
/home/peaches/anaconda3/bin/python: No module named dvc

[version: 1.2.29, 2025-11-27T12:51:02.365Z, pid: 0] > dvc --version - INITIALIZED
[version: 1.2.29, 2025-11-27T12:51:02.366Z, pid: 0] > dvc --version - FAILED (5ms)
Command failed with ENOENT: dvc --version
spawn dvc ENOENT
[version: 1.2.29, 2025-11-27T12:51:07.373Z, pid: 74443] > /home/peaches/anaconda3/bin/python -m dvc --version - INITIALIZED
[version: 1.2.29, 2025-11-27T12:51:07.382Z, pid: 74443] > /home/peaches/anaconda3/bin/python -m dvc --version - FAILED with code 1 (15ms)
/home/peaches/anaconda3/bin/python: No module named dvc

[version: 1.2.29, 2025-11-27T12:51:07.386Z, pid: 0] > dvc --version - INITIALIZED
[version: 1.2.29, 2025-11-27T12:51:07.387Z, pid: 0] > dvc --version - FAILED (5ms)
Command failed with ENOENT: dvc --version
spawn dvc ENOENT
[version: 1.2.29, 2025-11-27T12:51:12.393Z, pid: 74445] > /home/peaches/anaconda3/bin/python -m dvc --version - INITIALIZED
[version: 1.2.29, 2025-11-27T12:51:12.402Z, pid: 74445] > /home/peaches/anaconda3/bin/python -m dvc --version - FAILED with code 1 (15ms)
/home/peaches/anaconda3/bin/python: No module named dvc

[version: 1.2.29, 2025-11-27T12:51:12.407Z, pid: 0] > dvc --version - INITIALIZED
[version: 1.2.29, 2025-11-27T12:51:12.408Z, pid: 0] > dvc --version - FAILED (5ms)
Command failed with ENOENT: dvc --version
spawn dvc ENOENT
[version: 1.2.29, 2025-11-27T12:51:17.415Z, pid: 74459] > /home/peaches/anaconda3/bin/python -m dvc --version - INITIALIZED
[version: 1.2.29, 2025-11-27T12:51:17.424Z, pid: 74459] > /home/peaches/anaconda3/bin/python -m dvc --version - FAILED with code 1 (15ms)
/home/peaches/anaconda3/bin/python: No module named dvc

[version: 1.2.29, 2025-11-27T12:51:17.428Z, pid: 0] > dvc --version - INITIALIZED
[version: 1.2.29, 2025-11-27T12:51:17.429Z, pid: 0] > dvc --version - FAILED (5ms)
Command failed with ENOENT: dvc --version
spawn dvc ENOENT
[version: 1.2.29, 2025-11-27T12:51:22.435Z, pid: 74461] > /home/peaches/anaconda3/bin/python -m dvc --version - INITIALIZED
[version: 1.2.29, 2025-11-27T12:51:22.444Z, pid: 74461] > /home/peaches/anaconda3/bin/python -m dvc --version - FAILED with code 1 (14ms)
/home/peaches/anaconda3/bin/python: No module named dvc

[version: 1.2.29, 2025-11-27T12:51:22.448Z, pid: 0] > dvc --version - INITIALIZED
[version: 1.2.29, 2025-11-27T12:51:22.449Z, pid: 0] > dvc --version - FAILED (5ms)
Command failed with ENOENT: dvc --version
spawn dvc ENOENT
[version: 1.2.29, 2025-11-27T12:51:27.456Z, pid: 74464] > /home/peaches/anaconda3/bin/python -m dvc --version - INITIALIZED
[version: 1.2.29, 2025-11-27T12:51:27.467Z, pid: 74464] > /home/peaches/anaconda3/bin/python -m dvc --version - FAILED with code 1 (17ms)
/home/peaches/anaconda3/bin/python: No module named dvc

[version: 1.2.29, 2025-11-27T12:51:27.472Z, pid: 0] > dvc --version - INITIALIZED
[version: 1.2.29, 2025-11-27T12:51:27.473Z, pid: 0] > dvc --version - FAILED (5ms)
Command failed with ENOENT: dvc --version
spawn dvc ENOENT
[version: 1.2.29, 2025-11-27T12:51:32.478Z, pid: 74466] > /home/peaches/anaconda3/bin/python -m dvc --version - INITIALIZED
[version: 1.2.29, 2025-11-27T12:51:32.487Z, pid: 74466] > /home/peaches/anaconda3/bin/python -m dvc --version - FAILED with code 1 (14ms)
/home/peaches/anaconda3/bin/python: No module named dvc

[version: 1.2.29, 2025-11-27T12:51:32.492Z, pid: 0] > dvc --version - INITIALIZED
[version: 1.2.29, 2025-11-27T12:51:32.493Z, pid: 0] > dvc --version - FAILED (6ms)
Command failed with ENOENT: dvc --version
spawn dvc ENOENT
[version: 1.2.29, 2025-11-27T12:51:37.499Z, pid: 74481] > /home/peaches/anaconda3/bin/python -m dvc --version - INITIALIZED
[version: 1.2.29, 2025-11-27T12:51:37.508Z, pid: 74481] > /home/peaches/anaconda3/bin/python -m dvc --version - FAILED with code 1 (14ms)
/home/peaches/anaconda3/bin/python: No module named dvc

[version: 1.2.29, 2025-11-27T12:51:37.513Z, pid: 0] > dvc --version - INITIALIZED
[version: 1.2.29, 2025-11-27T12:51:37.514Z, pid: 0] > dvc --version - FAILED (5ms)
Command failed with ENOENT: dvc --version
spawn dvc ENOENT
[version: 1.2.29, 2025-11-27T12:51:42.520Z, pid: 74484] > /home/peaches/anaconda3/bin/python -m dvc --version - INITIALIZED
[version: 1.2.29, 2025-11-27T12:51:42.529Z, pid: 74484] > /home/peaches/anaconda3/bin/python -m dvc --version - FAILED with code 1 (14ms)
/home/peaches/anaconda3/bin/python: No module named dvc

[version: 1.2.29, 2025-11-27T12:51:42.534Z, pid: 0] > dvc --version - INITIALIZED
[version: 1.2.29, 2025-11-27T12:51:42.535Z, pid: 0] > dvc --version - FAILED (5ms)
Command failed with ENOENT: dvc --version
spawn dvc ENOENT
[version: 1.2.29, 2025-11-27T12:51:47.540Z, pid: 74486] > /home/peaches/anaconda3/bin/python -m dvc --version - INITIALIZED
[version: 1.2.29, 2025-11-27T12:51:47.551Z, pid: 74486] > /home/peaches/anaconda3/bin/python -m dvc --version - FAILED with code 1 (16ms)
/home/peaches/anaconda3/bin/python: No module named dvc

[version: 1.2.29, 2025-11-27T12:51:47.556Z, pid: 0] > dvc --version - INITIALIZED
[version: 1.2.29, 2025-11-27T12:51:47.557Z, pid: 0] > dvc --version - FAILED (6ms)
Command failed with ENOENT: dvc --version
spawn dvc ENOENT
[version: 1.2.29, 2025-11-27T12:51:52.563Z, pid: 74492] > /home/peaches/anaconda3/bin/python -m dvc --version - INITIALIZED
[version: 1.2.29, 2025-11-27T12:51:52.574Z, pid: 74492] > /home/peaches/anaconda3/bin/python -m dvc --version - FAILED with code 1 (15ms)
/home/peaches/anaconda3/bin/python: No module named dvc

[version: 1.2.29, 2025-11-27T12:51:52.579Z, pid: 0] > dvc --version - INITIALIZED
[version: 1.2.29, 2025-11-27T12:51:52.580Z, pid: 0] > dvc --version - FAILED (5ms)
Command failed with ENOENT: dvc --version
spawn dvc ENOENT
[version: 1.2.29, 2025-11-27T12:51:57.585Z, pid: 74496] > /home/peaches/anaconda3/bin/python -m dvc --version - INITIALIZED
[version: 1.2.29, 2025-11-27T12:51:57.595Z, pid: 74496] > /home/peaches/anaconda3/bin/python -m dvc --version - FAILED with code 1 (15ms)
/home/peaches/anaconda3/bin/python: No module named dvc

[version: 1.2.29, 2025-11-27T12:51:57.599Z, pid: 0] > dvc --version - INITIALIZED
[version: 1.2.29, 2025-11-27T12:51:57.600Z, pid: 0] > dvc --version - FAILED (5ms)
Command failed with ENOENT: dvc --version
spawn dvc ENOENT
[version: 1.2.29, 2025-11-27T12:52:02.606Z, pid: 74498] > /home/peaches/anaconda3/bin/python -m dvc --version - INITIALIZED
[version: 1.2.29, 2025-11-27T12:52:02.616Z, pid: 74498] > /home/peaches/anaconda3/bin/python -m dvc --version - FAILED with code 1 (15ms)
/home/peaches/anaconda3/bin/python: No module named dvc

[version: 1.2.29, 2025-11-27T12:52:02.621Z, pid: 0] > dvc --version - INITIALIZED
[version: 1.2.29, 2025-11-27T12:52:02.622Z, pid: 0] > dvc --version - FAILED (6ms)
Command failed with ENOENT: dvc --version
spawn dvc ENOENT
[version: 1.2.29, 2025-11-27T12:52:07.627Z, pid: 74501] > /home/peaches/anaconda3/bin/python -m dvc --version - INITIALIZED
[version: 1.2.29, 2025-11-27T12:52:07.638Z, pid: 74501] > /home/peaches/anaconda3/bin/python -m dvc --version - FAILED with code 1 (15ms)
/home/peaches/anaconda3/bin/python: No module named dvc

[version: 1.2.29, 2025-11-27T12:52:07.642Z, pid: 0] > dvc --version - INITIALIZED
[version: 1.2.29, 2025-11-27T12:52:07.643Z, pid: 0] > dvc --version - FAILED (5ms)
Command failed with ENOENT: dvc --version
spawn dvc ENOENT
[version: 1.2.29, 2025-11-27T12:52:12.649Z, pid: 74511] > /home/peaches/anaconda3/bin/python -m dvc --version - INITIALIZED
[version: 1.2.29, 2025-11-27T12:52:12.658Z, pid: 74511] > /home/peaches/anaconda3/bin/python -m dvc --version - FAILED with code 1 (15ms)
/home/peaches/anaconda3/bin/python: No module named dvc

[version: 1.2.29, 2025-11-27T12:52:12.663Z, pid: 0] > dvc --version - INITIALIZED
[version: 1.2.29, 2025-11-27T12:52:12.664Z, pid: 0] > dvc --version - FAILED (6ms)
Command failed with ENOENT: dvc --version
spawn dvc ENOENT
[version: 1.2.29, 2025-11-27T12:52:17.676Z, pid: 74513] > /home/peaches/anaconda3/bin/python -m dvc --version - INITIALIZED
[version: 1.2.29, 2025-11-27T12:52:17.686Z, pid: 74513] > /home/peaches/anaconda3/bin/python -m dvc --version - FAILED with code 1 (14ms)
/home/peaches/anaconda3/bin/python: No module named dvc

[version: 1.2.29, 2025-11-27T12:52:17.690Z, pid: 0] > dvc --version - INITIALIZED
[version: 1.2.29, 2025-11-27T12:52:17.691Z, pid: 0] > dvc --version - FAILED (5ms)
Command failed with ENOENT: dvc --version
spawn dvc ENOENT
[version: 1.2.29, 2025-11-27T12:52:22.696Z, pid: 74518] > /home/peaches/anaconda3/bin/python -m dvc --version - INITIALIZED
[version: 1.2.29, 2025-11-27T12:52:22.705Z, pid: 74518] > /home/peaches/anaconda3/bin/python -m dvc --version - FAILED with code 1 (14ms)
/home/peaches/anaconda3/bin/python: No module named dvc

[version: 1.2.29, 2025-11-27T12:52:22.709Z, pid: 0] > dvc --version - INITIALIZED
[version: 1.2.29, 2025-11-27T12:52:22.710Z, pid: 0] > dvc --version - FAILED (5ms)
Command failed with ENOENT: dvc --version
spawn dvc ENOENT
[version: 1.2.29, 2025-11-27T12:52:27.715Z, pid: 74531] > /home/peaches/anaconda3/bin/python -m dvc --version - INITIALIZED
[version: 1.2.29, 2025-11-27T12:52:27.725Z, pid: 74531] > /home/peaches/anaconda3/bin/python -m dvc --version - FAILED with code 1 (15ms)
/home/peaches/anaconda3/bin/python: No module named dvc

[version: 1.2.29, 2025-11-27T12:52:27.729Z, pid: 0] > dvc --version - INITIALIZED
[version: 1.2.29, 2025-11-27T12:52:27.730Z, pid: 0] > dvc --version - FAILED (5ms)
Command failed with ENOENT: dvc --version
spawn dvc ENOENT
[version: 1.2.29, 2025-11-27T12:52:32.736Z, pid: 74534] > /home/peaches/anaconda3/bin/python -m dvc --version - INITIALIZED
[version: 1.2.29, 2025-11-27T12:52:32.746Z, pid: 74534] > /home/peaches/anaconda3/bin/python -m dvc --version - FAILED with code 1 (14ms)
/home/peaches/anaconda3/bin/python: No module named dvc

[version: 1.2.29, 2025-11-27T12:52:32.750Z, pid: 0] > dvc --version - INITIALIZED
[version: 1.2.29, 2025-11-27T12:52:32.751Z, pid: 0] > dvc --version - FAILED (5ms)
Command failed with ENOENT: dvc --version
spawn dvc ENOENT
[version: 1.2.29, 2025-11-27T12:52:37.756Z, pid: 74537] > /home/peaches/anaconda3/bin/python -m dvc --version - INITIALIZED
[version: 1.2.29, 2025-11-27T12:52:37.765Z, pid: 74537] > /home/peaches/anaconda3/bin/python -m dvc --version - FAILED with code 1 (13ms)
/home/peaches/anaconda3/bin/python: No module named dvc

[version: 1.2.29, 2025-11-27T12:52:37.770Z, pid: 0] > dvc --version - INITIALIZED
[version: 1.2.29, 2025-11-27T12:52:37.771Z, pid: 0] > dvc --version - FAILED (5ms)
Command failed with ENOENT: dvc --version
spawn dvc ENOENT
[version: 1.2.29, 2025-11-27T12:52:42.778Z, pid: 74546] > /home/peaches/anaconda3/bin/python -m dvc --version - INITIALIZED
[version: 1.2.29, 2025-11-27T12:52:42.787Z, pid: 74546] > /home/peaches/anaconda3/bin/python -m dvc --version - FAILED with code 1 (16ms)
/home/peaches/anaconda3/bin/python: No module named dvc

[version: 1.2.29, 2025-11-27T12:52:42.792Z, pid: 0] > dvc --version - INITIALIZED
[version: 1.2.29, 2025-11-27T12:52:42.793Z, pid: 0] > dvc --version - FAILED (4ms)
Command failed with ENOENT: dvc --version
spawn dvc ENOENT
[version: 1.2.29, 2025-11-27T12:52:47.799Z, pid: 74552] > /home/peaches/anaconda3/bin/python -m dvc --version - INITIALIZED
[version: 1.2.29, 2025-11-27T12:52:47.808Z, pid: 74552] > /home/peaches/anaconda3/bin/python -m dvc --version - FAILED with code 1 (16ms)
/home/peaches/anaconda3/bin/python: No module named dvc

[version: 1.2.29, 2025-11-27T12:52:47.813Z, pid: 0] > dvc --version - INITIALIZED
[version: 1.2.29, 2025-11-27T12:52:47.814Z, pid: 0] > dvc --version - FAILED (5ms)
Command failed with ENOENT: dvc --version
spawn dvc ENOENT
[version: 1.2.29, 2025-11-27T12:52:52.820Z, pid: 74556] > /home/peaches/anaconda3/bin/python -m dvc --version - INITIALIZED
[version: 1.2.29, 2025-11-27T12:52:52.829Z, pid: 74556] > /home/peaches/anaconda3/bin/python -m dvc --version - FAILED with code 1 (14ms)
/home/peaches/anaconda3/bin/python: No module named dvc

[version: 1.2.29, 2025-11-27T12:52:52.834Z, pid: 0] > dvc --version - INITIALIZED
[version: 1.2.29, 2025-11-27T12:52:52.835Z, pid: 0] > dvc --version - FAILED (5ms)
Command failed with ENOENT: dvc --version
spawn dvc ENOENT
[version: 1.2.29, 2025-11-27T12:52:57.842Z, pid: 74558] > /home/peaches/anaconda3/bin/python -m dvc --version - INITIALIZED
[version: 1.2.29, 2025-11-27T12:52:57.851Z, pid: 74558] > /home/peaches/anaconda3/bin/python -m dvc --version - FAILED with code 1 (15ms)
/home/peaches/anaconda3/bin/python: No module named dvc

[version: 1.2.29, 2025-11-27T12:52:57.856Z, pid: 0] > dvc --version - INITIALIZED
[version: 1.2.29, 2025-11-27T12:52:57.857Z, pid: 0] > dvc --version - FAILED (5ms)
Command failed with ENOENT: dvc --version
spawn dvc ENOENT
[version: 1.2.29, 2025-11-27T12:53:02.864Z, pid: 74560] > /home/peaches/anaconda3/bin/python -m dvc --version - INITIALIZED
[version: 1.2.29, 2025-11-27T12:53:02.873Z, pid: 74560] > /home/peaches/anaconda3/bin/python -m dvc --version - FAILED with code 1 (16ms)
/home/peaches/anaconda3/bin/python: No module named dvc

[version: 1.2.29, 2025-11-27T12:53:02.877Z, pid: 0] > dvc --version - INITIALIZED
[version: 1.2.29, 2025-11-27T12:53:02.878Z, pid: 0] > dvc --version - FAILED (5ms)
Command failed with ENOENT: dvc --version
spawn dvc ENOENT
[version: 1.2.29, 2025-11-27T12:53:07.884Z, pid: 74563] > /home/peaches/anaconda3/bin/python -m dvc --version - INITIALIZED
[version: 1.2.29, 2025-11-27T12:53:07.893Z, pid: 74563] > /home/peaches/anaconda3/bin/python -m dvc --version - FAILED with code 1 (14ms)
/home/peaches/anaconda3/bin/python: No module named dvc

[version: 1.2.29, 2025-11-27T12:53:07.897Z, pid: 0] > dvc --version - INITIALIZED
[version: 1.2.29, 2025-11-27T12:53:07.898Z, pid: 0] > dvc --version - FAILED (5ms)
Command failed with ENOENT: dvc --version
spawn dvc ENOENT
[version: 1.2.29, 2025-11-27T12:53:12.903Z, pid: 74565] > /home/peaches/anaconda3/bin/python -m dvc --version - INITIALIZED
[version: 1.2.29, 2025-11-27T12:53:12.913Z, pid: 74565] > /home/peaches/anaconda3/bin/python -m dvc --version - FAILED with code 1 (15ms)
/home/peaches/anaconda3/bin/python: No module named dvc

[version: 1.2.29, 2025-11-27T12:53:12.918Z, pid: 0] > dvc --version - INITIALIZED
[version: 1.2.29, 2025-11-27T12:53:12.918Z, pid: 0] > dvc --version - FAILED (5ms)
Command failed with ENOENT: dvc --version
spawn dvc ENOENT
[version: 1.2.29, 2025-11-27T12:53:17.923Z, pid: 74568] > /home/peaches/anaconda3/bin/python -m dvc --version - INITIALIZED
[version: 1.2.29, 2025-11-27T12:53:17.933Z, pid: 74568] > /home/peaches/anaconda3/bin/python -m dvc --version - FAILED with code 1 (15ms)
/home/peaches/anaconda3/bin/python: No module named dvc

[version: 1.2.29, 2025-11-27T12:53:17.937Z, pid: 0] > dvc --version - INITIALIZED
[version: 1.2.29, 2025-11-27T12:53:17.938Z, pid: 0] > dvc --version - FAILED (5ms)
Command failed with ENOENT: dvc --version
spawn dvc ENOENT
[version: 1.2.29, 2025-11-27T12:53:22.944Z, pid: 74570] > /home/peaches/anaconda3/bin/python -m dvc --version - INITIALIZED
[version: 1.2.29, 2025-11-27T12:53:22.953Z, pid: 74570] > /home/peaches/anaconda3/bin/python -m dvc --version - FAILED with code 1 (15ms)
/home/peaches/anaconda3/bin/python: No module named dvc

[version: 1.2.29, 2025-11-27T12:53:22.957Z, pid: 0] > dvc --version - INITIALIZED
[version: 1.2.29, 2025-11-27T12:53:22.958Z, pid: 0] > dvc --version - FAILED (5ms)
Command failed with ENOENT: dvc --version
spawn dvc ENOENT
[version: 1.2.29, 2025-11-27T12:53:27.963Z, pid: 74572] > /home/peaches/anaconda3/bin/python -m dvc --version - INITIALIZED
[version: 1.2.29, 2025-11-27T12:53:27.973Z, pid: 74572] > /home/peaches/anaconda3/bin/python -m dvc --version - FAILED with code 1 (15ms)
/home/peaches/anaconda3/bin/python: No module named dvc

[version: 1.2.29, 2025-11-27T12:53:27.977Z, pid: 0] > dvc --version - INITIALIZED
[version: 1.2.29, 2025-11-27T12:53:27.978Z, pid: 0] > dvc --version - FAILED (5ms)
Command failed with ENOENT: dvc --version
spawn dvc ENOENT
[version: 1.2.29, 2025-11-27T12:53:32.985Z, pid: 74574] > /home/peaches/anaconda3/bin/python -m dvc --version - INITIALIZED
[version: 1.2.29, 2025-11-27T12:53:32.994Z, pid: 74574] > /home/peaches/anaconda3/bin/python -m dvc --version - FAILED with code 1 (15ms)
/home/peaches/anaconda3/bin/python: No module named dvc

[version: 1.2.29, 2025-11-27T12:53:32.998Z, pid: 0] > dvc --version - INITIALIZED
[version: 1.2.29, 2025-11-27T12:53:32.999Z, pid: 0] > dvc --version - FAILED (5ms)
Command failed with ENOENT: dvc --version
spawn dvc ENOENT
[version: 1.2.29, 2025-11-27T12:53:38.004Z, pid: 74582] > /home/peaches/anaconda3/bin/python -m dvc --version - INITIALIZED
[version: 1.2.29, 2025-11-27T12:53:38.014Z, pid: 74582] > /home/peaches/anaconda3/bin/python -m dvc --version - FAILED with code 1 (15ms)
/home/peaches/anaconda3/bin/python: No module named dvc

[version: 1.2.29, 2025-11-27T12:53:38.018Z, pid: 0] > dvc --version - INITIALIZED
[version: 1.2.29, 2025-11-27T12:53:38.019Z, pid: 0] > dvc --version - FAILED (5ms)
Command failed with ENOENT: dvc --version
spawn dvc ENOENT
[version: 1.2.29, 2025-11-27T12:53:43.025Z, pid: 74584] > /home/peaches/anaconda3/bin/python -m dvc --version - INITIALIZED
[version: 1.2.29, 2025-11-27T12:53:43.034Z, pid: 74584] > /home/peaches/anaconda3/bin/python -m dvc --version - FAILED with code 1 (14ms)
/home/peaches/anaconda3/bin/python: No module named dvc

[version: 1.2.29, 2025-11-27T12:53:43.039Z, pid: 0] > dvc --version - INITIALIZED
[version: 1.2.29, 2025-11-27T12:53:43.040Z, pid: 0] > dvc --version - FAILED (5ms)
Command failed with ENOENT: dvc --version
spawn dvc ENOENT
[version: 1.2.29, 2025-11-27T12:53:48.047Z, pid: 74588] > /home/peaches/anaconda3/bin/python -m dvc --version - INITIALIZED
[version: 1.2.29, 2025-11-27T12:53:48.057Z, pid: 74588] > /home/peaches/anaconda3/bin/python -m dvc --version - FAILED with code 1 (16ms)
/home/peaches/anaconda3/bin/python: No module named dvc

[version: 1.2.29, 2025-11-27T12:53:48.061Z, pid: 0] > dvc --version - INITIALIZED
[version: 1.2.29, 2025-11-27T12:53:48.062Z, pid: 0] > dvc --version - FAILED (5ms)
Command failed with ENOENT: dvc --version
spawn dvc ENOENT
[version: 1.2.29, 2025-11-27T12:53:53.067Z, pid: 74593] > /home/peaches/anaconda3/bin/python -m dvc --version - INITIALIZED
[version: 1.2.29, 2025-11-27T12:53:53.076Z, pid: 74593] > /home/peaches/anaconda3/bin/python -m dvc --version - FAILED with code 1 (14ms)
/home/peaches/anaconda3/bin/python: No module named dvc

[version: 1.2.29, 2025-11-27T12:53:53.081Z, pid: 0] > dvc --version - INITIALIZED
[version: 1.2.29, 2025-11-27T12:53:53.082Z, pid: 0] > dvc --version - FAILED (5ms)
Command failed with ENOENT: dvc --version
spawn dvc ENOENT
[version: 1.2.29, 2025-11-27T12:53:58.087Z, pid: 74595] > /home/peaches/anaconda3/bin/python -m dvc --version - INITIALIZED
[version: 1.2.29, 2025-11-27T12:53:58.096Z, pid: 74595] > /home/peaches/anaconda3/bin/python -m dvc --version - FAILED with code 1 (13ms)
/home/peaches/anaconda3/bin/python: No module named dvc

[version: 1.2.29, 2025-11-27T12:53:58.101Z, pid: 0] > dvc --version - INITIALIZED
[version: 1.2.29, 2025-11-27T12:53:58.101Z, pid: 0] > dvc --version - FAILED (4ms)
Command failed with ENOENT: dvc --version
spawn dvc ENOENT
[version: 1.2.29, 2025-11-27T12:54:03.106Z, pid: 74597] > /home/peaches/anaconda3/bin/python -m dvc --version - INITIALIZED
[version: 1.2.29, 2025-11-27T12:54:03.115Z, pid: 74597] > /home/peaches/anaconda3/bin/python -m dvc --version - FAILED with code 1 (13ms)
/home/peaches/anaconda3/bin/python: No module named dvc

[version: 1.2.29, 2025-11-27T12:54:03.120Z, pid: 0] > dvc --version - INITIALIZED
[version: 1.2.29, 2025-11-27T12:54:03.121Z, pid: 0] > dvc --version - FAILED (5ms)
Command failed with ENOENT: dvc --version
spawn dvc ENOENT
[version: 1.2.29, 2025-11-27T12:54:08.126Z, pid: 74602] > /home/peaches/anaconda3/bin/python -m dvc --version - INITIALIZED
[version: 1.2.29, 2025-11-27T12:54:08.135Z, pid: 74602] > /home/peaches/anaconda3/bin/python -m dvc --version - FAILED with code 1 (13ms)
/home/peaches/anaconda3/bin/python: No module named dvc

[version: 1.2.29, 2025-11-27T12:54:08.140Z, pid: 0] > dvc --version - INITIALIZED
[version: 1.2.29, 2025-11-27T12:54:08.141Z, pid: 0] > dvc --version - FAILED (5ms)
Command failed with ENOENT: dvc --version
spawn dvc ENOENT
[version: 1.2.29, 2025-11-27T12:54:13.147Z, pid: 74604] > /home/peaches/anaconda3/bin/python -m dvc --version - INITIALIZED
[version: 1.2.29, 2025-11-27T12:54:13.157Z, pid: 74604] > /home/peaches/anaconda3/bin/python -m dvc --version - FAILED with code 1 (15ms)
/home/peaches/anaconda3/bin/python: No module named dvc

[version: 1.2.29, 2025-11-27T12:54:13.161Z, pid: 0] > dvc --version - INITIALIZED
[version: 1.2.29, 2025-11-27T12:54:13.161Z, pid: 0] > dvc --version - FAILED (4ms)
Command failed with ENOENT: dvc --version
spawn dvc ENOENT
[version: 1.2.29, 2025-11-27T12:54:18.166Z, pid: 74606] > /home/peaches/anaconda3/bin/python -m dvc --version - INITIALIZED
[version: 1.2.29, 2025-11-27T12:54:18.175Z, pid: 74606] > /home/peaches/anaconda3/bin/python -m dvc --version - FAILED with code 1 (14ms)
/home/peaches/anaconda3/bin/python: No module named dvc

[version: 1.2.29, 2025-11-27T12:54:18.179Z, pid: 0] > dvc --version - INITIALIZED
[version: 1.2.29, 2025-11-27T12:54:18.180Z, pid: 0] > dvc --version - FAILED (5ms)
Command failed with ENOENT: dvc --version
spawn dvc ENOENT
[version: 1.2.29, 2025-11-27T12:54:23.185Z, pid: 74608] > /home/peaches/anaconda3/bin/python -m dvc --version - INITIALIZED
[version: 1.2.29, 2025-11-27T12:54:23.195Z, pid: 74608] > /home/peaches/anaconda3/bin/python -m dvc --version - FAILED with code 1 (14ms)
/home/peaches/anaconda3/bin/python: No module named dvc

[version: 1.2.29, 2025-11-27T12:54:23.201Z, pid: 0] > dvc --version - INITIALIZED
[version: 1.2.29, 2025-11-27T12:54:23.201Z, pid: 0] > dvc --version - FAILED (5ms)
Command failed with ENOENT: dvc --version
spawn dvc ENOENT
[version: 1.2.29, 2025-11-27T12:54:28.207Z, pid: 74613] > /home/peaches/anaconda3/bin/python -m dvc --version - INITIALIZED
[version: 1.2.29, 2025-11-27T12:54:28.218Z, pid: 74613] > /home/peaches/anaconda3/bin/python -m dvc --version - FAILED with code 1 (16ms)
/home/peaches/anaconda3/bin/python: No module named dvc

[version: 1.2.29, 2025-11-27T12:54:28.223Z, pid: 0] > dvc --version - INITIALIZED
[version: 1.2.29, 2025-11-27T12:54:28.223Z, pid: 0] > dvc --version - FAILED (4ms)
Command failed with ENOENT: dvc --version
spawn dvc ENOENT
[version: 1.2.29, 2025-11-27T12:54:33.229Z, pid: 74616] > /home/peaches/anaconda3/bin/python -m dvc --version - INITIALIZED
[version: 1.2.29, 2025-11-27T12:54:33.238Z, pid: 74616] > /home/peaches/anaconda3/bin/python -m dvc --version - FAILED with code 1 (15ms)
/home/peaches/anaconda3/bin/python: No module named dvc

[version: 1.2.29, 2025-11-27T12:54:33.243Z, pid: 0] > dvc --version - INITIALIZED
[version: 1.2.29, 2025-11-27T12:54:33.244Z, pid: 0] > dvc --version - FAILED (5ms)
Command failed with ENOENT: dvc --version
spawn dvc ENOENT
[version: 1.2.29, 2025-11-27T12:54:38.249Z, pid: 74619] > /home/peaches/anaconda3/bin/python -m dvc --version - INITIALIZED
[version: 1.2.29, 2025-11-27T12:54:38.259Z, pid: 74619] > /home/peaches/anaconda3/bin/python -m dvc --version - FAILED with code 1 (15ms)
/home/peaches/anaconda3/bin/python: No module named dvc

[version: 1.2.29, 2025-11-27T12:54:38.263Z, pid: 0] > dvc --version - INITIALIZED
[version: 1.2.29, 2025-11-27T12:54:38.264Z, pid: 0] > dvc --version - FAILED (5ms)
Command failed with ENOENT: dvc --version
spawn dvc ENOENT
[version: 1.2.29, 2025-11-27T12:54:43.270Z, pid: 74622] > /home/peaches/anaconda3/bin/python -m dvc --version - INITIALIZED
[version: 1.2.29, 2025-11-27T12:54:43.280Z, pid: 74622] > /home/peaches/anaconda3/bin/python -m dvc --version - FAILED with code 1 (15ms)
/home/peaches/anaconda3/bin/python: No module named dvc

[version: 1.2.29, 2025-11-27T12:54:43.285Z, pid: 0] > dvc --version - INITIALIZED
[version: 1.2.29, 2025-11-27T12:54:43.286Z, pid: 0] > dvc --version - FAILED (6ms)
Command failed with ENOENT: dvc --version
spawn dvc ENOENT
[version: 1.2.29, 2025-11-27T12:54:48.291Z, pid: 74624] > /home/peaches/anaconda3/bin/python -m dvc --version - INITIALIZED
[version: 1.2.29, 2025-11-27T12:54:48.301Z, pid: 74624] > /home/peaches/anaconda3/bin/python -m dvc --version - FAILED with code 1 (14ms)
/home/peaches/anaconda3/bin/python: No module named dvc

[version: 1.2.29, 2025-11-27T12:54:48.305Z, pid: 0] > dvc --version - INITIALIZED
[version: 1.2.29, 2025-11-27T12:54:48.306Z, pid: 0] > dvc --version - FAILED (5ms)
Command failed with ENOENT: dvc --version
spawn dvc ENOENT
[version: 1.2.29, 2025-11-27T12:54:53.311Z, pid: 74640] > /home/peaches/anaconda3/bin/python -m dvc --version - INITIALIZED
[version: 1.2.29, 2025-11-27T12:54:53.321Z, pid: 74640] > /home/peaches/anaconda3/bin/python -m dvc --version - FAILED with code 1 (15ms)
/home/peaches/anaconda3/bin/python: No module named dvc

[version: 1.2.29, 2025-11-27T12:54:53.326Z, pid: 0] > dvc --version - INITIALIZED
[version: 1.2.29, 2025-11-27T12:54:53.327Z, pid: 0] > dvc --version - FAILED (6ms)
Command failed with ENOENT: dvc --version
spawn dvc ENOENT
[version: 1.2.29, 2025-11-27T12:54:58.332Z, pid: 74648] > /home/peaches/anaconda3/bin/python -m dvc --version - INITIALIZED
[version: 1.2.29, 2025-11-27T12:54:58.341Z, pid: 74648] > /home/peaches/anaconda3/bin/python -m dvc --version - FAILED with code 1 (13ms)
/home/peaches/anaconda3/bin/python: No module named dvc

[version: 1.2.29, 2025-11-27T12:54:58.346Z, pid: 0] > dvc --version - INITIALIZED
[version: 1.2.29, 2025-11-27T12:54:58.346Z, pid: 0] > dvc --version - FAILED (4ms)
Command failed with ENOENT: dvc --version
spawn dvc ENOENT
[version: 1.2.29, 2025-11-27T12:55:03.351Z, pid: 74652] > /home/peaches/anaconda3/bin/python -m dvc --version - INITIALIZED
[version: 1.2.29, 2025-11-27T12:55:03.361Z, pid: 74652] > /home/peaches/anaconda3/bin/python -m dvc --version - FAILED with code 1 (14ms)
/home/peaches/anaconda3/bin/python: No module named dvc

[version: 1.2.29, 2025-11-27T12:55:03.366Z, pid: 0] > dvc --version - INITIALIZED
[version: 1.2.29, 2025-11-27T12:55:03.366Z, pid: 0] > dvc --version - FAILED (5ms)
Command failed with ENOENT: dvc --version
spawn dvc ENOENT
[version: 1.2.29, 2025-11-27T12:55:08.372Z, pid: 74655] > /home/peaches/anaconda3/bin/python -m dvc --version - INITIALIZED
[version: 1.2.29, 2025-11-27T12:55:08.381Z, pid: 74655] > /home/peaches/anaconda3/bin/python -m dvc --version - FAILED with code 1 (14ms)
/home/peaches/anaconda3/bin/python: No module named dvc

[version: 1.2.29, 2025-11-27T12:55:08.386Z, pid: 0] > dvc --version - INITIALIZED
[version: 1.2.29, 2025-11-27T12:55:08.387Z, pid: 0] > dvc --version - FAILED (5ms)
Command failed with ENOENT: dvc --version
spawn dvc ENOENT
[version: 1.2.29, 2025-11-27T12:55:13.392Z, pid: 74665] > /home/peaches/anaconda3/bin/python -m dvc --version - INITIALIZED
[version: 1.2.29, 2025-11-27T12:55:13.402Z, pid: 74665] > /home/peaches/anaconda3/bin/python -m dvc --version - FAILED with code 1 (14ms)
/home/peaches/anaconda3/bin/python: No module named dvc

[version: 1.2.29, 2025-11-27T12:55:13.406Z, pid: 0] > dvc --version - INITIALIZED
[version: 1.2.29, 2025-11-27T12:55:13.407Z, pid: 0] > dvc --version - FAILED (5ms)
Command failed with ENOENT: dvc --version
spawn dvc ENOENT
[version: 1.2.29, 2025-11-27T12:55:18.413Z, pid: 74669] > /home/peaches/anaconda3/bin/python -m dvc --version - INITIALIZED
[version: 1.2.29, 2025-11-27T12:55:18.422Z, pid: 74669] > /home/peaches/anaconda3/bin/python -m dvc --version - FAILED with code 1 (14ms)
/home/peaches/anaconda3/bin/python: No module named dvc

[version: 1.2.29, 2025-11-27T12:55:18.427Z, pid: 0] > dvc --version - INITIALIZED
[version: 1.2.29, 2025-11-27T12:55:18.428Z, pid: 0] > dvc --version - FAILED (5ms)
Command failed with ENOENT: dvc --version
spawn dvc ENOENT
[version: 1.2.29, 2025-11-27T12:55:23.433Z, pid: 74671] > /home/peaches/anaconda3/bin/python -m dvc --version - INITIALIZED
[version: 1.2.29, 2025-11-27T12:55:23.443Z, pid: 74671] > /home/peaches/anaconda3/bin/python -m dvc --version - FAILED with code 1 (15ms)
/home/peaches/anaconda3/bin/python: No module named dvc

[version: 1.2.29, 2025-11-27T12:55:23.447Z, pid: 0] > dvc --version - INITIALIZED
[version: 1.2.29, 2025-11-27T12:55:23.448Z, pid: 0] > dvc --version - FAILED (5ms)
Command failed with ENOENT: dvc --version
spawn dvc ENOENT
[version: 1.2.29, 2025-11-27T12:55:28.455Z, pid: 74673] > /home/peaches/anaconda3/bin/python -m dvc --version - INITIALIZED
[version: 1.2.29, 2025-11-27T12:55:28.464Z, pid: 74673] > /home/peaches/anaconda3/bin/python -m dvc --version - FAILED with code 1 (16ms)
/home/peaches/anaconda3/bin/python: No module named dvc

[version: 1.2.29, 2025-11-27T12:55:28.468Z, pid: 0] > dvc --version - INITIALIZED
[version: 1.2.29, 2025-11-27T12:55:28.469Z, pid: 0] > dvc --version - FAILED (4ms)
Command failed with ENOENT: dvc --version
spawn dvc ENOENT
[version: 1.2.29, 2025-11-27T12:55:33.475Z, pid: 74675] > /home/peaches/anaconda3/bin/python -m dvc --version - INITIALIZED
[version: 1.2.29, 2025-11-27T12:55:33.484Z, pid: 74675] > /home/peaches/anaconda3/bin/python -m dvc --version - FAILED with code 1 (14ms)
/home/peaches/anaconda3/bin/python: No module named dvc

[version: 1.2.29, 2025-11-27T12:55:33.489Z, pid: 0] > dvc --version - INITIALIZED
[version: 1.2.29, 2025-11-27T12:55:33.489Z, pid: 0] > dvc --version - FAILED (4ms)
Command failed with ENOENT: dvc --version
spawn dvc ENOENT
[version: 1.2.29, 2025-11-27T12:55:38.496Z, pid: 74677] > /home/peaches/anaconda3/bin/python -m dvc --version - INITIALIZED
[version: 1.2.29, 2025-11-27T12:55:38.505Z, pid: 74677] > /home/peaches/anaconda3/bin/python -m dvc --version - FAILED with code 1 (15ms)
/home/peaches/anaconda3/bin/python: No module named dvc

[version: 1.2.29, 2025-11-27T12:55:38.510Z, pid: 0] > dvc --version - INITIALIZED
[version: 1.2.29, 2025-11-27T12:55:38.511Z, pid: 0] > dvc --version - FAILED (5ms)
Command failed with ENOENT: dvc --version
spawn dvc ENOENT
[version: 1.2.29, 2025-11-27T12:55:43.517Z, pid: 74679] > /home/peaches/anaconda3/bin/python -m dvc --version - INITIALIZED
[version: 1.2.29, 2025-11-27T12:55:43.527Z, pid: 74679] > /home/peaches/anaconda3/bin/python -m dvc --version - FAILED with code 1 (15ms)
/home/peaches/anaconda3/bin/python: No module named dvc

[version: 1.2.29, 2025-11-27T12:55:43.532Z, pid: 0] > dvc --version - INITIALIZED
[version: 1.2.29, 2025-11-27T12:55:43.532Z, pid: 0] > dvc --version - FAILED (5ms)
Command failed with ENOENT: dvc --version
spawn dvc ENOENT
[version: 1.2.29, 2025-11-27T12:55:48.538Z, pid: 74681] > /home/peaches/anaconda3/bin/python -m dvc --version - INITIALIZED
[version: 1.2.29, 2025-11-27T12:55:48.548Z, pid: 74681] > /home/peaches/anaconda3/bin/python -m dvc --version - FAILED with code 1 (16ms)
/home/peaches/anaconda3/bin/python: No module named dvc

[version: 1.2.29, 2025-11-27T12:55:48.552Z, pid: 0] > dvc --version - INITIALIZED
[version: 1.2.29, 2025-11-27T12:55:48.553Z, pid: 0] > dvc --version - FAILED (5ms)
Command failed with ENOENT: dvc --version
spawn dvc ENOENT
[version: 1.2.29, 2025-11-27T12:55:53.560Z, pid: 74685] > /home/peaches/anaconda3/bin/python -m dvc --version - INITIALIZED
[version: 1.2.29, 2025-11-27T12:55:53.569Z, pid: 74685] > /home/peaches/anaconda3/bin/python -m dvc --version - FAILED with code 1 (15ms)
/home/peaches/anaconda3/bin/python: No module named dvc

[version: 1.2.29, 2025-11-27T12:55:53.574Z, pid: 0] > dvc --version - INITIALIZED
[version: 1.2.29, 2025-11-27T12:55:53.574Z, pid: 0] > dvc --version - FAILED (4ms)
Command failed with ENOENT: dvc --version
spawn dvc ENOENT
[version: 1.2.29, 2025-11-27T12:55:58.579Z, pid: 74687] > /home/peaches/anaconda3/bin/python -m dvc --version - INITIALIZED
[version: 1.2.29, 2025-11-27T12:55:58.589Z, pid: 74687] > /home/peaches/anaconda3/bin/python -m dvc --version - FAILED with code 1 (14ms)
/home/peaches/anaconda3/bin/python: No module named dvc

[version: 1.2.29, 2025-11-27T12:55:58.593Z, pid: 0] > dvc --version - INITIALIZED
[version: 1.2.29, 2025-11-27T12:55:58.594Z, pid: 0] > dvc --version - FAILED (5ms)
Command failed with ENOENT: dvc --version
spawn dvc ENOENT
[version: 1.2.29, 2025-11-27T12:56:03.600Z, pid: 74689] > /home/peaches/anaconda3/bin/python -m dvc --version - INITIALIZED
[version: 1.2.29, 2025-11-27T12:56:03.609Z, pid: 74689] > /home/peaches/anaconda3/bin/python -m dvc --version - FAILED with code 1 (15ms)
/home/peaches/anaconda3/bin/python: No module named dvc

[version: 1.2.29, 2025-11-27T12:56:03.614Z, pid: 0] > dvc --version - INITIALIZED
[version: 1.2.29, 2025-11-27T12:56:03.615Z, pid: 0] > dvc --version - FAILED (4ms)
Command failed with ENOENT: dvc --version
spawn dvc ENOENT
[version: 1.2.29, 2025-11-27T12:56:08.621Z, pid: 74691] > /home/peaches/anaconda3/bin/python -m dvc --version - INITIALIZED
[version: 1.2.29, 2025-11-27T12:56:08.630Z, pid: 74691] > /home/peaches/anaconda3/bin/python -m dvc --version - FAILED with code 1 (14ms)
/home/peaches/anaconda3/bin/python: No module named dvc

[version: 1.2.29, 2025-11-27T12:56:08.634Z, pid: 0] > dvc --version - INITIALIZED
[version: 1.2.29, 2025-11-27T12:56:08.635Z, pid: 0] > dvc --version - FAILED (5ms)
Command failed with ENOENT: dvc --version
spawn dvc ENOENT
[version: 1.2.29, 2025-11-27T12:56:13.640Z, pid: 74693] > /home/peaches/anaconda3/bin/python -m dvc --version - INITIALIZED
[version: 1.2.29, 2025-11-27T12:56:13.649Z, pid: 74693] > /home/peaches/anaconda3/bin/python -m dvc --version - FAILED with code 1 (15ms)
/home/peaches/anaconda3/bin/python: No module named dvc

[version: 1.2.29, 2025-11-27T12:56:13.654Z, pid: 0] > dvc --version - INITIALIZED
[version: 1.2.29, 2025-11-27T12:56:13.655Z, pid: 0] > dvc --version - FAILED (5ms)
Command failed with ENOENT: dvc --version
spawn dvc ENOENT
[version: 1.2.29, 2025-11-27T12:56:18.662Z, pid: 74695] > /home/peaches/anaconda3/bin/python -m dvc --version - INITIALIZED
[version: 1.2.29, 2025-11-27T12:56:18.671Z, pid: 74695] > /home/peaches/anaconda3/bin/python -m dvc --version - FAILED with code 1 (14ms)
/home/peaches/anaconda3/bin/python: No module named dvc

[version: 1.2.29, 2025-11-27T12:56:18.676Z, pid: 0] > dvc --version - INITIALIZED
[version: 1.2.29, 2025-11-27T12:56:18.677Z, pid: 0] > dvc --version - FAILED (5ms)
Command failed with ENOENT: dvc --version
spawn dvc ENOENT
[version: 1.2.29, 2025-11-27T12:56:23.683Z, pid: 74697] > /home/peaches/anaconda3/bin/python -m dvc --version - INITIALIZED
[version: 1.2.29, 2025-11-27T12:56:23.693Z, pid: 74697] > /home/peaches/anaconda3/bin/python -m dvc --version - FAILED with code 1 (16ms)
/home/peaches/anaconda3/bin/python: No module named dvc

[version: 1.2.29, 2025-11-27T12:56:23.698Z, pid: 0] > dvc --version - INITIALIZED
[version: 1.2.29, 2025-11-27T12:56:23.699Z, pid: 0] > dvc --version - FAILED (5ms)
Command failed with ENOENT: dvc --version
spawn dvc ENOENT
[version: 1.2.29, 2025-11-27T12:56:28.704Z, pid: 74699] > /home/peaches/anaconda3/bin/python -m dvc --version - INITIALIZED
[version: 1.2.29, 2025-11-27T12:56:28.713Z, pid: 74699] > /home/peaches/anaconda3/bin/python -m dvc --version - FAILED with code 1 (14ms)
/home/peaches/anaconda3/bin/python: No module named dvc

[version: 1.2.29, 2025-11-27T12:56:28.717Z, pid: 0] > dvc --version - INITIALIZED
[version: 1.2.29, 2025-11-27T12:56:28.718Z, pid: 0] > dvc --version - FAILED (5ms)
Command failed with ENOENT: dvc --version
spawn dvc ENOENT
[version: 1.2.29, 2025-11-27T12:56:33.723Z, pid: 74710] > /home/peaches/anaconda3/bin/python -m dvc --version - INITIALIZED
[version: 1.2.29, 2025-11-27T12:56:33.733Z, pid: 74710] > /home/peaches/anaconda3/bin/python -m dvc --version - FAILED with code 1 (14ms)
/home/peaches/anaconda3/bin/python: No module named dvc

[version: 1.2.29, 2025-11-27T12:56:33.738Z, pid: 0] > dvc --version - INITIALIZED
[version: 1.2.29, 2025-11-27T12:56:33.739Z, pid: 0] > dvc --version - FAILED (5ms)
Command failed with ENOENT: dvc --version
spawn dvc ENOENT
[version: 1.2.29, 2025-11-27T12:56:38.744Z, pid: 74713] > /home/peaches/anaconda3/bin/python -m dvc --version - INITIALIZED
[version: 1.2.29, 2025-11-27T12:56:38.755Z, pid: 74713] > /home/peaches/anaconda3/bin/python -m dvc --version - FAILED with code 1 (15ms)
/home/peaches/anaconda3/bin/python: No module named dvc

[version: 1.2.29, 2025-11-27T12:56:38.760Z, pid: 0] > dvc --version - INITIALIZED
[version: 1.2.29, 2025-11-27T12:56:38.761Z, pid: 0] > dvc --version - FAILED (6ms)
Command failed with ENOENT: dvc --version
spawn dvc ENOENT
[version: 1.2.29, 2025-11-27T12:56:43.766Z, pid: 74717] > /home/peaches/anaconda3/bin/python -m dvc --version - INITIALIZED
[version: 1.2.29, 2025-11-27T12:56:43.775Z, pid: 74717] > /home/peaches/anaconda3/bin/python -m dvc --version - FAILED with code 1 (13ms)
/home/peaches/anaconda3/bin/python: No module named dvc

[version: 1.2.29, 2025-11-27T12:56:43.780Z, pid: 0] > dvc --version - INITIALIZED
[version: 1.2.29, 2025-11-27T12:56:43.780Z, pid: 0] > dvc --version - FAILED (4ms)
Command failed with ENOENT: dvc --version
spawn dvc ENOENT
[version: 1.2.29, 2025-11-27T12:56:48.785Z, pid: 74720] > /home/peaches/anaconda3/bin/python -m dvc --version - INITIALIZED
[version: 1.2.29, 2025-11-27T12:56:48.794Z, pid: 74720] > /home/peaches/anaconda3/bin/python -m dvc --version - FAILED with code 1 (13ms)
/home/peaches/anaconda3/bin/python: No module named dvc

[version: 1.2.29, 2025-11-27T12:56:48.799Z, pid: 0] > dvc --version - INITIALIZED
[version: 1.2.29, 2025-11-27T12:56:48.799Z, pid: 0] > dvc --version - FAILED (4ms)
Command failed with ENOENT: dvc --version
spawn dvc ENOENT
[version: 1.2.29, 2025-11-27T12:56:53.804Z, pid: 74731] > /home/peaches/anaconda3/bin/python -m dvc --version - INITIALIZED
[version: 1.2.29, 2025-11-27T12:56:53.814Z, pid: 74731] > /home/peaches/anaconda3/bin/python -m dvc --version - FAILED with code 1 (15ms)
/home/peaches/anaconda3/bin/python: No module named dvc

[version: 1.2.29, 2025-11-27T12:56:53.819Z, pid: 0] > dvc --version - INITIALIZED
[version: 1.2.29, 2025-11-27T12:56:53.820Z, pid: 0] > dvc --version - FAILED (5ms)
Command failed with ENOENT: dvc --version
spawn dvc ENOENT
[version: 1.2.29, 2025-11-27T12:56:58.826Z, pid: 74733] > /home/peaches/anaconda3/bin/python -m dvc --version - INITIALIZED
[version: 1.2.29, 2025-11-27T12:56:58.836Z, pid: 74733] > /home/peaches/anaconda3/bin/python -m dvc --version - FAILED with code 1 (16ms)
/home/peaches/anaconda3/bin/python: No module named dvc

[version: 1.2.29, 2025-11-27T12:56:58.840Z, pid: 0] > dvc --version - INITIALIZED
[version: 1.2.29, 2025-11-27T12:56:58.841Z, pid: 0] > dvc --version - FAILED (5ms)
Command failed with ENOENT: dvc --version
spawn dvc ENOENT
[version: 1.2.29, 2025-11-27T12:57:03.847Z, pid: 74735] > /home/peaches/anaconda3/bin/python -m dvc --version - INITIALIZED
[version: 1.2.29, 2025-11-27T12:57:03.858Z, pid: 74735] > /home/peaches/anaconda3/bin/python -m dvc --version - FAILED with code 1 (16ms)
/home/peaches/anaconda3/bin/python: No module named dvc

[version: 1.2.29, 2025-11-27T12:57:03.863Z, pid: 0] > dvc --version - INITIALIZED
[version: 1.2.29, 2025-11-27T12:57:03.864Z, pid: 0] > dvc --version - FAILED (5ms)
Command failed with ENOENT: dvc --version
spawn dvc ENOENT
[version: 1.2.29, 2025-11-27T12:57:08.870Z, pid: 74737] > /home/peaches/anaconda3/bin/python -m dvc --version - INITIALIZED
[version: 1.2.29, 2025-11-27T12:57:08.881Z, pid: 74737] > /home/peaches/anaconda3/bin/python -m dvc --version - FAILED with code 1 (16ms)
/home/peaches/anaconda3/bin/python: No module named dvc

[version: 1.2.29, 2025-11-27T12:57:08.886Z, pid: 0] > dvc --version - INITIALIZED
[version: 1.2.29, 2025-11-27T12:57:08.886Z, pid: 0] > dvc --version - FAILED (5ms)
Command failed with ENOENT: dvc --version
spawn dvc ENOENT
[version: 1.2.29, 2025-11-27T12:57:13.891Z, pid: 74743] > /home/peaches/anaconda3/bin/python -m dvc --version - INITIALIZED
[version: 1.2.29, 2025-11-27T12:57:13.900Z, pid: 74743] > /home/peaches/anaconda3/bin/python -m dvc --version - FAILED with code 1 (14ms)
/home/peaches/anaconda3/bin/python: No module named dvc

[version: 1.2.29, 2025-11-27T12:57:13.906Z, pid: 0] > dvc --version - INITIALIZED
[version: 1.2.29, 2025-11-27T12:57:13.907Z, pid: 0] > dvc --version - FAILED (5ms)
Command failed with ENOENT: dvc --version
spawn dvc ENOENT
[version: 1.2.29, 2025-11-27T12:57:18.912Z, pid: 74759] > /home/peaches/anaconda3/bin/python -m dvc --version - INITIALIZED
[version: 1.2.29, 2025-11-27T12:57:18.921Z, pid: 74759] > /home/peaches/anaconda3/bin/python -m dvc --version - FAILED with code 1 (14ms)
/home/peaches/anaconda3/bin/python: No module named dvc

[version: 1.2.29, 2025-11-27T12:57:18.926Z, pid: 0] > dvc --version - INITIALIZED
[version: 1.2.29, 2025-11-27T12:57:18.927Z, pid: 0] > dvc --version - FAILED (5ms)
Command failed with ENOENT: dvc --version
spawn dvc ENOENT
[version: 1.2.29, 2025-11-27T12:57:23.932Z, pid: 74762] > /home/peaches/anaconda3/bin/python -m dvc --version - INITIALIZED
[version: 1.2.29, 2025-11-27T12:57:23.943Z, pid: 74762] > /home/peaches/anaconda3/bin/python -m dvc --version - FAILED with code 1 (15ms)
/home/peaches/anaconda3/bin/python: No module named dvc

[version: 1.2.29, 2025-11-27T12:57:23.950Z, pid: 0] > dvc --version - INITIALIZED
[version: 1.2.29, 2025-11-27T12:57:23.951Z, pid: 0] > dvc --version - FAILED (6ms)
Command failed with ENOENT: dvc --version
spawn dvc ENOENT
[version: 1.2.29, 2025-11-27T12:57:28.956Z, pid: 74764] > /home/peaches/anaconda3/bin/python -m dvc --version - INITIALIZED
[version: 1.2.29, 2025-11-27T12:57:28.965Z, pid: 74764] > /home/peaches/anaconda3/bin/python -m dvc --version - FAILED with code 1 (14ms)
/home/peaches/anaconda3/bin/python: No module named dvc

[version: 1.2.29, 2025-11-27T12:57:28.970Z, pid: 0] > dvc --version - INITIALIZED
[version: 1.2.29, 2025-11-27T12:57:28.970Z, pid: 0] > dvc --version - FAILED (4ms)
Command failed with ENOENT: dvc --version
spawn dvc ENOENT
[version: 1.2.29, 2025-11-27T12:57:33.976Z, pid: 74766] > /home/peaches/anaconda3/bin/python -m dvc --version - INITIALIZED
[version: 1.2.29, 2025-11-27T12:57:33.986Z, pid: 74766] > /home/peaches/anaconda3/bin/python -m dvc --version - FAILED with code 1 (15ms)
/home/peaches/anaconda3/bin/python: No module named dvc

[version: 1.2.29, 2025-11-27T12:57:33.991Z, pid: 0] > dvc --version - INITIALIZED
[version: 1.2.29, 2025-11-27T12:57:33.992Z, pid: 0] > dvc --version - FAILED (5ms)
Command failed with ENOENT: dvc --version
spawn dvc ENOENT
[version: 1.2.29, 2025-11-27T12:57:38.999Z, pid: 74768] > /home/peaches/anaconda3/bin/python -m dvc --version - INITIALIZED
[version: 1.2.29, 2025-11-27T12:57:39.008Z, pid: 74768] > /home/peaches/anaconda3/bin/python -m dvc --version - FAILED with code 1 (16ms)
/home/peaches/anaconda3/bin/python: No module named dvc

[version: 1.2.29, 2025-11-27T12:57:39.013Z, pid: 0] > dvc --version - INITIALIZED
[version: 1.2.29, 2025-11-27T12:57:39.014Z, pid: 0] > dvc --version - FAILED (4ms)
Command failed with ENOENT: dvc --version
spawn dvc ENOENT
[version: 1.2.29, 2025-11-27T12:57:44.019Z, pid: 74772] > /home/peaches/anaconda3/bin/python -m dvc --version - INITIALIZED
[version: 1.2.29, 2025-11-27T12:57:44.029Z, pid: 74772] > /home/peaches/anaconda3/bin/python -m dvc --version - FAILED with code 1 (14ms)
/home/peaches/anaconda3/bin/python: No module named dvc

[version: 1.2.29, 2025-11-27T12:57:44.034Z, pid: 0] > dvc --version - INITIALIZED
[version: 1.2.29, 2025-11-27T12:57:44.034Z, pid: 0] > dvc --version - FAILED (5ms)
Command failed with ENOENT: dvc --version
spawn dvc ENOENT
[version: 1.2.29, 2025-11-27T12:57:49.039Z, pid: 74783] > /home/peaches/anaconda3/bin/python -m dvc --version - INITIALIZED
[version: 1.2.29, 2025-11-27T12:57:49.048Z, pid: 74783] > /home/peaches/anaconda3/bin/python -m dvc --version - FAILED with code 1 (14ms)
/home/peaches/anaconda3/bin/python: No module named dvc

[version: 1.2.29, 2025-11-27T12:57:49.053Z, pid: 0] > dvc --version - INITIALIZED
[version: 1.2.29, 2025-11-27T12:57:49.054Z, pid: 0] > dvc --version - FAILED (5ms)
Command failed with ENOENT: dvc --version
spawn dvc ENOENT
[version: 1.2.29, 2025-11-27T12:57:54.060Z, pid: 74800] > /home/peaches/anaconda3/bin/python -m dvc --version - INITIALIZED
[version: 1.2.29, 2025-11-27T12:57:54.070Z, pid: 74800] > /home/peaches/anaconda3/bin/python -m dvc --version - FAILED with code 1 (15ms)
/home/peaches/anaconda3/bin/python: No module named dvc

[version: 1.2.29, 2025-11-27T12:57:54.075Z, pid: 0] > dvc --version - INITIALIZED
[version: 1.2.29, 2025-11-27T12:57:54.076Z, pid: 0] > dvc --version - FAILED (6ms)
Command failed with ENOENT: dvc --version
spawn dvc ENOENT
[version: 1.2.29, 2025-11-27T12:57:59.081Z, pid: 74804] > /home/peaches/anaconda3/bin/python -m dvc --version - INITIALIZED
[version: 1.2.29, 2025-11-27T12:57:59.090Z, pid: 74804] > /home/peaches/anaconda3/bin/python -m dvc --version - FAILED with code 1 (14ms)
/home/peaches/anaconda3/bin/python: No module named dvc

[version: 1.2.29, 2025-11-27T12:57:59.095Z, pid: 0] > dvc --version - INITIALIZED
[version: 1.2.29, 2025-11-27T12:57:59.095Z, pid: 0] > dvc --version - FAILED (5ms)
Command failed with ENOENT: dvc --version
spawn dvc ENOENT
[version: 1.2.29, 2025-11-27T12:58:04.101Z, pid: 74807] > /home/peaches/anaconda3/bin/python -m dvc --version - INITIALIZED
[version: 1.2.29, 2025-11-27T12:58:04.110Z, pid: 74807] > /home/peaches/anaconda3/bin/python -m dvc --version - FAILED with code 1 (14ms)
/home/peaches/anaconda3/bin/python: No module named dvc

[version: 1.2.29, 2025-11-27T12:58:04.115Z, pid: 0] > dvc --version - INITIALIZED
[version: 1.2.29, 2025-11-27T12:58:04.116Z, pid: 0] > dvc --version - FAILED (4ms)
Command failed with ENOENT: dvc --version
spawn dvc ENOENT
[version: 1.2.29, 2025-11-27T12:58:09.120Z, pid: 74809] > /home/peaches/anaconda3/bin/python -m dvc --version - INITIALIZED
[version: 1.2.29, 2025-11-27T12:58:09.130Z, pid: 74809] > /home/peaches/anaconda3/bin/python -m dvc --version - FAILED with code 1 (15ms)
/home/peaches/anaconda3/bin/python: No module named dvc

[version: 1.2.29, 2025-11-27T12:58:09.135Z, pid: 0] > dvc --version - INITIALIZED
[version: 1.2.29, 2025-11-27T12:58:09.135Z, pid: 0] > dvc --version - FAILED (5ms)
Command failed with ENOENT: dvc --version
spawn dvc ENOENT
[version: 1.2.29, 2025-11-27T12:58:14.142Z, pid: 74811] > /home/peaches/anaconda3/bin/python -m dvc --version - INITIALIZED
[version: 1.2.29, 2025-11-27T12:58:14.151Z, pid: 74811] > /home/peaches/anaconda3/bin/python -m dvc --version - FAILED with code 1 (15ms)
/home/peaches/anaconda3/bin/python: No module named dvc

[version: 1.2.29, 2025-11-27T12:58:14.155Z, pid: 0] > dvc --version - INITIALIZED
[version: 1.2.29, 2025-11-27T12:58:14.156Z, pid: 0] > dvc --version - FAILED (5ms)
Command failed with ENOENT: dvc --version
spawn dvc ENOENT
[version: 1.2.29, 2025-11-27T12:58:19.162Z, pid: 74839] > /home/peaches/anaconda3/bin/python -m dvc --version - INITIALIZED
[version: 1.2.29, 2025-11-27T12:58:19.171Z, pid: 74839] > /home/peaches/anaconda3/bin/python -m dvc --version - FAILED with code 1 (14ms)
/home/peaches/anaconda3/bin/python: No module named dvc

[version: 1.2.29, 2025-11-27T12:58:19.176Z, pid: 0] > dvc --version - INITIALIZED
[version: 1.2.29, 2025-11-27T12:58:19.176Z, pid: 0] > dvc --version - FAILED (5ms)
Command failed with ENOENT: dvc --version
spawn dvc ENOENT
[version: 1.2.29, 2025-11-27T12:58:24.182Z, pid: 74845] > /home/peaches/anaconda3/bin/python -m dvc --version - INITIALIZED
[version: 1.2.29, 2025-11-27T12:58:24.192Z, pid: 74845] > /home/peaches/anaconda3/bin/python -m dvc --version - FAILED with code 1 (15ms)
/home/peaches/anaconda3/bin/python: No module named dvc

[version: 1.2.29, 2025-11-27T12:58:24.196Z, pid: 0] > dvc --version - INITIALIZED
[version: 1.2.29, 2025-11-27T12:58:24.197Z, pid: 0] > dvc --version - FAILED (5ms)
Command failed with ENOENT: dvc --version
spawn dvc ENOENT
[version: 1.2.29, 2025-11-27T12:58:29.203Z, pid: 74853] > /home/peaches/anaconda3/bin/python -m dvc --version - INITIALIZED
[version: 1.2.29, 2025-11-27T12:58:29.213Z, pid: 74853] > /home/peaches/anaconda3/bin/python -m dvc --version - FAILED with code 1 (16ms)
/home/peaches/anaconda3/bin/python: No module named dvc

[version: 1.2.29, 2025-11-27T12:58:29.218Z, pid: 0] > dvc --version - INITIALIZED
[version: 1.2.29, 2025-11-27T12:58:29.219Z, pid: 0] > dvc --version - FAILED (5ms)
Command failed with ENOENT: dvc --version
spawn dvc ENOENT
[version: 1.2.29, 2025-11-27T12:58:34.225Z, pid: 74856] > /home/peaches/anaconda3/bin/python -m dvc --version - INITIALIZED
[version: 1.2.29, 2025-11-27T12:58:34.235Z, pid: 74856] > /home/peaches/anaconda3/bin/python -m dvc --version - FAILED with code 1 (15ms)
/home/peaches/anaconda3/bin/python: No module named dvc

[version: 1.2.29, 2025-11-27T12:58:34.242Z, pid: 0] > dvc --version - INITIALIZED
[version: 1.2.29, 2025-11-27T12:58:34.243Z, pid: 0] > dvc --version - FAILED (8ms)
Command failed with ENOENT: dvc --version
spawn dvc ENOENT
[version: 1.2.29, 2025-11-27T12:58:39.249Z, pid: 74873] > /home/peaches/anaconda3/bin/python -m dvc --version - INITIALIZED
[version: 1.2.29, 2025-11-27T12:58:39.259Z, pid: 74873] > /home/peaches/anaconda3/bin/python -m dvc --version - FAILED with code 1 (15ms)
/home/peaches/anaconda3/bin/python: No module named dvc

[version: 1.2.29, 2025-11-27T12:58:39.264Z, pid: 0] > dvc --version - INITIALIZED
[version: 1.2.29, 2025-11-27T12:58:39.265Z, pid: 0] > dvc --version - FAILED (5ms)
Command failed with ENOENT: dvc --version
spawn dvc ENOENT
[version: 1.2.29, 2025-11-27T12:58:44.270Z, pid: 74883] > /home/peaches/anaconda3/bin/python -m dvc --version - INITIALIZED
[version: 1.2.29, 2025-11-27T12:58:44.280Z, pid: 74883] > /home/peaches/anaconda3/bin/python -m dvc --version - FAILED with code 1 (15ms)
/home/peaches/anaconda3/bin/python: No module named dvc

[version: 1.2.29, 2025-11-27T12:58:44.285Z, pid: 0] > dvc --version - INITIALIZED
[version: 1.2.29, 2025-11-27T12:58:44.286Z, pid: 0] > dvc --version - FAILED (6ms)
Command failed with ENOENT: dvc --version
spawn dvc ENOENT
[version: 1.2.29, 2025-11-27T12:58:49.291Z, pid: 74887] > /home/peaches/anaconda3/bin/python -m dvc --version - INITIALIZED
[version: 1.2.29, 2025-11-27T12:58:49.300Z, pid: 74887] > /home/peaches/anaconda3/bin/python -m dvc --version - FAILED with code 1 (14ms)
/home/peaches/anaconda3/bin/python: No module named dvc

[version: 1.2.29, 2025-11-27T12:58:49.305Z, pid: 0] > dvc --version - INITIALIZED
[version: 1.2.29, 2025-11-27T12:58:49.306Z, pid: 0] > dvc --version - FAILED (5ms)
Command failed with ENOENT: dvc --version
spawn dvc ENOENT
[version: 1.2.29, 2025-11-27T12:58:54.312Z, pid: 74911] > /home/peaches/anaconda3/bin/python -m dvc --version - INITIALIZED
[version: 1.2.29, 2025-11-27T12:58:54.324Z, pid: 74911] > /home/peaches/anaconda3/bin/python -m dvc --version - FAILED with code 1 (17ms)
/home/peaches/anaconda3/bin/python: No module named dvc

[version: 1.2.29, 2025-11-27T12:58:54.329Z, pid: 0] > dvc --version - INITIALIZED
[version: 1.2.29, 2025-11-27T12:58:54.330Z, pid: 0] > dvc --version - FAILED (6ms)
Command failed with ENOENT: dvc --version
spawn dvc ENOENT
[version: 1.2.29, 2025-11-27T12:58:59.336Z, pid: 74913] > /home/peaches/anaconda3/bin/python -m dvc --version - INITIALIZED
[version: 1.2.29, 2025-11-27T12:58:59.345Z, pid: 74913] > /home/peaches/anaconda3/bin/python -m dvc --version - FAILED with code 1 (15ms)
/home/peaches/anaconda3/bin/python: No module named dvc

[version: 1.2.29, 2025-11-27T12:58:59.350Z, pid: 0] > dvc --version - INITIALIZED
[version: 1.2.29, 2025-11-27T12:58:59.351Z, pid: 0] > dvc --version - FAILED (6ms)
Command failed with ENOENT: dvc --version
spawn dvc ENOENT
[version: 1.2.29, 2025-11-27T12:59:04.356Z, pid: 74915] > /home/peaches/anaconda3/bin/python -m dvc --version - INITIALIZED
[version: 1.2.29, 2025-11-27T12:59:04.366Z, pid: 74915] > /home/peaches/anaconda3/bin/python -m dvc --version - FAILED with code 1 (15ms)
/home/peaches/anaconda3/bin/python: No module named dvc

[version: 1.2.29, 2025-11-27T12:59:04.371Z, pid: 0] > dvc --version - INITIALIZED
[version: 1.2.29, 2025-11-27T12:59:04.372Z, pid: 0] > dvc --version - FAILED (6ms)
Command failed with ENOENT: dvc --version
spawn dvc ENOENT
[version: 1.2.29, 2025-11-27T12:59:09.377Z, pid: 74917] > /home/peaches/anaconda3/bin/python -m dvc --version - INITIALIZED
[version: 1.2.29, 2025-11-27T12:59:09.386Z, pid: 74917] > /home/peaches/anaconda3/bin/python -m dvc --version - FAILED with code 1 (14ms)
/home/peaches/anaconda3/bin/python: No module named dvc

[version: 1.2.29, 2025-11-27T12:59:09.390Z, pid: 0] > dvc --version - INITIALIZED
[version: 1.2.29, 2025-11-27T12:59:09.391Z, pid: 0] > dvc --version - FAILED (5ms)
Command failed with ENOENT: dvc --version
spawn dvc ENOENT
[version: 1.2.29, 2025-11-27T12:59:14.397Z, pid: 74919] > /home/peaches/anaconda3/bin/python -m dvc --version - INITIALIZED
[version: 1.2.29, 2025-11-27T12:59:14.406Z, pid: 74919] > /home/peaches/anaconda3/bin/python -m dvc --version - FAILED with code 1 (14ms)
/home/peaches/anaconda3/bin/python: No module named dvc

[version: 1.2.29, 2025-11-27T12:59:14.411Z, pid: 0] > dvc --version - INITIALIZED
[version: 1.2.29, 2025-11-27T12:59:14.411Z, pid: 0] > dvc --version - FAILED (5ms)
Command failed with ENOENT: dvc --version
spawn dvc ENOENT
[version: 1.2.29, 2025-11-27T12:59:19.416Z, pid: 74921] > /home/peaches/anaconda3/bin/python -m dvc --version - INITIALIZED
[version: 1.2.29, 2025-11-27T12:59:19.425Z, pid: 74921] > /home/peaches/anaconda3/bin/python -m dvc --version - FAILED with code 1 (14ms)
/home/peaches/anaconda3/bin/python: No module named dvc

[version: 1.2.29, 2025-11-27T12:59:19.430Z, pid: 0] > dvc --version - INITIALIZED
[version: 1.2.29, 2025-11-27T12:59:19.431Z, pid: 0] > dvc --version - FAILED (5ms)
Command failed with ENOENT: dvc --version
spawn dvc ENOENT
[version: 1.2.29, 2025-11-27T12:59:24.437Z, pid: 74923] > /home/peaches/anaconda3/bin/python -m dvc --version - INITIALIZED
[version: 1.2.29, 2025-11-27T12:59:24.447Z, pid: 74923] > /home/peaches/anaconda3/bin/python -m dvc --version - FAILED with code 1 (15ms)
/home/peaches/anaconda3/bin/python: No module named dvc

[version: 1.2.29, 2025-11-27T12:59:24.452Z, pid: 0] > dvc --version - INITIALIZED
[version: 1.2.29, 2025-11-27T12:59:24.453Z, pid: 0] > dvc --version - FAILED (6ms)
Command failed with ENOENT: dvc --version
spawn dvc ENOENT
[version: 1.2.29, 2025-11-27T12:59:29.459Z, pid: 74926] > /home/peaches/anaconda3/bin/python -m dvc --version - INITIALIZED
[version: 1.2.29, 2025-11-27T12:59:29.470Z, pid: 74926] > /home/peaches/anaconda3/bin/python -m dvc --version - FAILED with code 1 (17ms)
/home/peaches/anaconda3/bin/python: No module named dvc

[version: 1.2.29, 2025-11-27T12:59:29.476Z, pid: 0] > dvc --version - INITIALIZED
[version: 1.2.29, 2025-11-27T12:59:29.477Z, pid: 0] > dvc --version - FAILED (6ms)
Command failed with ENOENT: dvc --version
spawn dvc ENOENT
[version: 1.2.29, 2025-11-27T12:59:34.484Z, pid: 74928] > /home/peaches/anaconda3/bin/python -m dvc --version - INITIALIZED
[version: 1.2.29, 2025-11-27T12:59:34.493Z, pid: 74928] > /home/peaches/anaconda3/bin/python -m dvc --version - FAILED with code 1 (15ms)
/home/peaches/anaconda3/bin/python: No module named dvc

[version: 1.2.29, 2025-11-27T12:59:34.498Z, pid: 0] > dvc --version - INITIALIZED
[version: 1.2.29, 2025-11-27T12:59:34.498Z, pid: 0] > dvc --version - FAILED (5ms)
Command failed with ENOENT: dvc --version
spawn dvc ENOENT
[version: 1.2.29, 2025-11-27T12:59:39.503Z, pid: 74930] > /home/peaches/anaconda3/bin/python -m dvc --version - INITIALIZED
[version: 1.2.29, 2025-11-27T12:59:39.513Z, pid: 74930] > /home/peaches/anaconda3/bin/python -m dvc --version - FAILED with code 1 (15ms)
/home/peaches/anaconda3/bin/python: No module named dvc

[version: 1.2.29, 2025-11-27T12:59:39.517Z, pid: 0] > dvc --version - INITIALIZED
[version: 1.2.29, 2025-11-27T12:59:39.518Z, pid: 0] > dvc --version - FAILED (5ms)
Command failed with ENOENT: dvc --version
spawn dvc ENOENT
[version: 1.2.29, 2025-11-27T12:59:44.524Z, pid: 74932] > /home/peaches/anaconda3/bin/python -m dvc --version - INITIALIZED
[version: 1.2.29, 2025-11-27T12:59:44.534Z, pid: 74932] > /home/peaches/anaconda3/bin/python -m dvc --version - FAILED with code 1 (14ms)
/home/peaches/anaconda3/bin/python: No module named dvc

[version: 1.2.29, 2025-11-27T12:59:44.538Z, pid: 0] > dvc --version - INITIALIZED
[version: 1.2.29, 2025-11-27T12:59:44.539Z, pid: 0] > dvc --version - FAILED (5ms)
Command failed with ENOENT: dvc --version
spawn dvc ENOENT
[version: 1.2.29, 2025-11-27T12:59:49.548Z, pid: 74934] > /home/peaches/anaconda3/bin/python -m dvc --version - INITIALIZED
[version: 1.2.29, 2025-11-27T12:59:49.557Z, pid: 74934] > /home/peaches/anaconda3/bin/python -m dvc --version - FAILED with code 1 (17ms)
/home/peaches/anaconda3/bin/python: No module named dvc

[version: 1.2.29, 2025-11-27T12:59:49.563Z, pid: 0] > dvc --version - INITIALIZED
[version: 1.2.29, 2025-11-27T12:59:49.564Z, pid: 0] > dvc --version - FAILED (6ms)
Command failed with ENOENT: dvc --version
spawn dvc ENOENT
[version: 1.2.29, 2025-11-27T12:59:54.569Z, pid: 74938] > /home/peaches/anaconda3/bin/python -m dvc --version - INITIALIZED
[version: 1.2.29, 2025-11-27T12:59:54.578Z, pid: 74938] > /home/peaches/anaconda3/bin/python -m dvc --version - FAILED with code 1 (13ms)
/home/peaches/anaconda3/bin/python: No module named dvc

[version: 1.2.29, 2025-11-27T12:59:54.583Z, pid: 0] > dvc --version - INITIALIZED
[version: 1.2.29, 2025-11-27T12:59:54.583Z, pid: 0] > dvc --version - FAILED (4ms)
Command failed with ENOENT: dvc --version
spawn dvc ENOENT
[version: 1.2.29, 2025-11-27T12:59:59.589Z, pid: 74953] > /home/peaches/anaconda3/bin/python -m dvc --version - INITIALIZED
[version: 1.2.29, 2025-11-27T12:59:59.598Z, pid: 74953] > /home/peaches/anaconda3/bin/python -m dvc --version - FAILED with code 1 (14ms)
/home/peaches/anaconda3/bin/python: No module named dvc

[version: 1.2.29, 2025-11-27T12:59:59.603Z, pid: 0] > dvc --version - INITIALIZED
[version: 1.2.29, 2025-11-27T12:59:59.604Z, pid: 0] > dvc --version - FAILED (5ms)
Command failed with ENOENT: dvc --version
spawn dvc ENOENT
[version: 1.2.29, 2025-11-27T13:00:04.610Z, pid: 74955] > /home/peaches/anaconda3/bin/python -m dvc --version - INITIALIZED
[version: 1.2.29, 2025-11-27T13:00:04.619Z, pid: 74955] > /home/peaches/anaconda3/bin/python -m dvc --version - FAILED with code 1 (14ms)
/home/peaches/anaconda3/bin/python: No module named dvc

[version: 1.2.29, 2025-11-27T13:00:04.624Z, pid: 0] > dvc --version - INITIALIZED
[version: 1.2.29, 2025-11-27T13:00:04.625Z, pid: 0] > dvc --version - FAILED (5ms)
Command failed with ENOENT: dvc --version
spawn dvc ENOENT
[version: 1.2.29, 2025-11-27T13:00:09.630Z, pid: 74957] > /home/peaches/anaconda3/bin/python -m dvc --version - INITIALIZED
[version: 1.2.29, 2025-11-27T13:00:09.639Z, pid: 74957] > /home/peaches/anaconda3/bin/python -m dvc --version - FAILED with code 1 (14ms)
/home/peaches/anaconda3/bin/python: No module named dvc

[version: 1.2.29, 2025-11-27T13:00:09.644Z, pid: 0] > dvc --version - INITIALIZED
[version: 1.2.29, 2025-11-27T13:00:09.644Z, pid: 0] > dvc --version - FAILED (5ms)
Command failed with ENOENT: dvc --version
spawn dvc ENOENT
[version: 1.2.29, 2025-11-27T13:00:14.651Z, pid: 74959] > /home/peaches/anaconda3/bin/python -m dvc --version - INITIALIZED
[version: 1.2.29, 2025-11-27T13:00:14.660Z, pid: 74959] > /home/peaches/anaconda3/bin/python -m dvc --version - FAILED with code 1 (15ms)
/home/peaches/anaconda3/bin/python: No module named dvc

[version: 1.2.29, 2025-11-27T13:00:14.665Z, pid: 0] > dvc --version - INITIALIZED
[version: 1.2.29, 2025-11-27T13:00:14.666Z, pid: 0] > dvc --version - FAILED (5ms)
Command failed with ENOENT: dvc --version
spawn dvc ENOENT
[version: 1.2.29, 2025-11-27T13:00:19.673Z, pid: 74961] > /home/peaches/anaconda3/bin/python -m dvc --version - INITIALIZED
[version: 1.2.29, 2025-11-27T13:00:19.684Z, pid: 74961] > /home/peaches/anaconda3/bin/python -m dvc --version - FAILED with code 1 (17ms)
/home/peaches/anaconda3/bin/python: No module named dvc

[version: 1.2.29, 2025-11-27T13:00:19.690Z, pid: 0] > dvc --version - INITIALIZED
[version: 1.2.29, 2025-11-27T13:00:19.691Z, pid: 0] > dvc --version - FAILED (6ms)
Command failed with ENOENT: dvc --version
spawn dvc ENOENT
[version: 1.2.29, 2025-11-27T13:00:24.696Z, pid: 74963] > /home/peaches/anaconda3/bin/python -m dvc --version - INITIALIZED
[version: 1.2.29, 2025-11-27T13:00:24.707Z, pid: 74963] > /home/peaches/anaconda3/bin/python -m dvc --version - FAILED with code 1 (16ms)
/home/peaches/anaconda3/bin/python: No module named dvc

[version: 1.2.29, 2025-11-27T13:00:24.711Z, pid: 0] > dvc --version - INITIALIZED
[version: 1.2.29, 2025-11-27T13:00:24.712Z, pid: 0] > dvc --version - FAILED (5ms)
Command failed with ENOENT: dvc --version
spawn dvc ENOENT
[version: 1.2.29, 2025-11-27T13:00:29.720Z, pid: 74968] > /home/peaches/anaconda3/bin/python -m dvc --version - INITIALIZED
[version: 1.2.29, 2025-11-27T13:00:29.730Z, pid: 74968] > /home/peaches/anaconda3/bin/python -m dvc --version - FAILED with code 1 (17ms)
/home/peaches/anaconda3/bin/python: No module named dvc

[version: 1.2.29, 2025-11-27T13:00:29.734Z, pid: 0] > dvc --version - INITIALIZED
[version: 1.2.29, 2025-11-27T13:00:29.735Z, pid: 0] > dvc --version - FAILED (5ms)
Command failed with ENOENT: dvc --version
spawn dvc ENOENT
[version: 1.2.29, 2025-11-27T13:00:34.740Z, pid: 74970] > /home/peaches/anaconda3/bin/python -m dvc --version - INITIALIZED
[version: 1.2.29, 2025-11-27T13:00:34.750Z, pid: 74970] > /home/peaches/anaconda3/bin/python -m dvc --version - FAILED with code 1 (14ms)
/home/peaches/anaconda3/bin/python: No module named dvc

[version: 1.2.29, 2025-11-27T13:00:34.756Z, pid: 0] > dvc --version - INITIALIZED
[version: 1.2.29, 2025-11-27T13:00:34.757Z, pid: 0] > dvc --version - FAILED (7ms)
Command failed with ENOENT: dvc --version
spawn dvc ENOENT
[version: 1.2.29, 2025-11-27T13:00:39.762Z, pid: 74973] > /home/peaches/anaconda3/bin/python -m dvc --version - INITIALIZED
[version: 1.2.29, 2025-11-27T13:00:39.771Z, pid: 74973] > /home/peaches/anaconda3/bin/python -m dvc --version - FAILED with code 1 (14ms)
/home/peaches/anaconda3/bin/python: No module named dvc

[version: 1.2.29, 2025-11-27T13:00:39.776Z, pid: 0] > dvc --version - INITIALIZED
[version: 1.2.29, 2025-11-27T13:00:39.776Z, pid: 0] > dvc --version - FAILED (5ms)
Command failed with ENOENT: dvc --version
spawn dvc ENOENT
[version: 1.2.29, 2025-11-27T13:00:44.782Z, pid: 74976] > /home/peaches/anaconda3/bin/python -m dvc --version - INITIALIZED
[version: 1.2.29, 2025-11-27T13:00:44.791Z, pid: 74976] > /home/peaches/anaconda3/bin/python -m dvc --version - FAILED with code 1 (14ms)
/home/peaches/anaconda3/bin/python: No module named dvc

[version: 1.2.29, 2025-11-27T13:00:44.795Z, pid: 0] > dvc --version - INITIALIZED
[version: 1.2.29, 2025-11-27T13:00:44.796Z, pid: 0] > dvc --version - FAILED (5ms)
Command failed with ENOENT: dvc --version
spawn dvc ENOENT
[version: 1.2.29, 2025-11-27T13:00:49.801Z, pid: 74980] > /home/peaches/anaconda3/bin/python -m dvc --version - INITIALIZED
[version: 1.2.29, 2025-11-27T13:00:49.810Z, pid: 74980] > /home/peaches/anaconda3/bin/python -m dvc --version - FAILED with code 1 (14ms)
/home/peaches/anaconda3/bin/python: No module named dvc

[version: 1.2.29, 2025-11-27T13:00:49.815Z, pid: 0] > dvc --version - INITIALIZED
[version: 1.2.29, 2025-11-27T13:00:49.815Z, pid: 0] > dvc --version - FAILED (4ms)
Command failed with ENOENT: dvc --version
spawn dvc ENOENT
[version: 1.2.29, 2025-11-27T13:00:54.821Z, pid: 74988] > /home/peaches/anaconda3/bin/python -m dvc --version - INITIALIZED
[version: 1.2.29, 2025-11-27T13:00:54.831Z, pid: 74988] > /home/peaches/anaconda3/bin/python -m dvc --version - FAILED with code 1 (15ms)
/home/peaches/anaconda3/bin/python: No module named dvc

[version: 1.2.29, 2025-11-27T13:00:54.835Z, pid: 0] > dvc --version - INITIALIZED
[version: 1.2.29, 2025-11-27T13:00:54.836Z, pid: 0] > dvc --version - FAILED (5ms)
Command failed with ENOENT: dvc --version
spawn dvc ENOENT
[version: 1.2.29, 2025-11-27T13:00:59.841Z, pid: 74990] > /home/peaches/anaconda3/bin/python -m dvc --version - INITIALIZED
[version: 1.2.29, 2025-11-27T13:00:59.850Z, pid: 74990] > /home/peaches/anaconda3/bin/python -m dvc --version - FAILED with code 1 (14ms)
/home/peaches/anaconda3/bin/python: No module named dvc

[version: 1.2.29, 2025-11-27T13:00:59.855Z, pid: 0] > dvc --version - INITIALIZED
[version: 1.2.29, 2025-11-27T13:00:59.855Z, pid: 0] > dvc --version - FAILED (5ms)
Command failed with ENOENT: dvc --version
spawn dvc ENOENT
[version: 1.2.29, 2025-11-27T13:01:04.860Z, pid: 74998] > /home/peaches/anaconda3/bin/python -m dvc --version - INITIALIZED
[version: 1.2.29, 2025-11-27T13:01:04.870Z, pid: 74998] > /home/peaches/anaconda3/bin/python -m dvc --version - FAILED with code 1 (15ms)
/home/peaches/anaconda3/bin/python: No module named dvc

[version: 1.2.29, 2025-11-27T13:01:04.875Z, pid: 0] > dvc --version - INITIALIZED
[version: 1.2.29, 2025-11-27T13:01:04.875Z, pid: 0] > dvc --version - FAILED (5ms)
Command failed with ENOENT: dvc --version
spawn dvc ENOENT
[version: 1.2.29, 2025-11-27T13:01:09.880Z, pid: 75010] > /home/peaches/anaconda3/bin/python -m dvc --version - INITIALIZED
[version: 1.2.29, 2025-11-27T13:01:09.890Z, pid: 75010] > /home/peaches/anaconda3/bin/python -m dvc --version - FAILED with code 1 (14ms)
/home/peaches/anaconda3/bin/python: No module named dvc

[version: 1.2.29, 2025-11-27T13:01:09.895Z, pid: 0] > dvc --version - INITIALIZED
[version: 1.2.29, 2025-11-27T13:01:09.895Z, pid: 0] > dvc --version - FAILED (5ms)
Command failed with ENOENT: dvc --version
spawn dvc ENOENT
[version: 1.2.29, 2025-11-27T13:01:14.900Z, pid: 75012] > /home/peaches/anaconda3/bin/python -m dvc --version - INITIALIZED
[version: 1.2.29, 2025-11-27T13:01:14.909Z, pid: 75012] > /home/peaches/anaconda3/bin/python -m dvc --version - FAILED with code 1 (14ms)
/home/peaches/anaconda3/bin/python: No module named dvc

[version: 1.2.29, 2025-11-27T13:01:14.914Z, pid: 0] > dvc --version - INITIALIZED
[version: 1.2.29, 2025-11-27T13:01:14.915Z, pid: 0] > dvc --version - FAILED (6ms)
Command failed with ENOENT: dvc --version
spawn dvc ENOENT
[version: 1.2.29, 2025-11-27T13:01:19.920Z, pid: 75022] > /home/peaches/anaconda3/bin/python -m dvc --version - INITIALIZED
[version: 1.2.29, 2025-11-27T13:01:19.929Z, pid: 75022] > /home/peaches/anaconda3/bin/python -m dvc --version - FAILED with code 1 (14ms)
/home/peaches/anaconda3/bin/python: No module named dvc

[version: 1.2.29, 2025-11-27T13:01:19.934Z, pid: 0] > dvc --version - INITIALIZED
[version: 1.2.29, 2025-11-27T13:01:19.934Z, pid: 0] > dvc --version - FAILED (5ms)
Command failed with ENOENT: dvc --version
spawn dvc ENOENT
[version: 1.2.29, 2025-11-27T13:01:24.939Z, pid: 75036] > /home/peaches/anaconda3/bin/python -m dvc --version - INITIALIZED
[version: 1.2.29, 2025-11-27T13:01:24.949Z, pid: 75036] > /home/peaches/anaconda3/bin/python -m dvc --version - FAILED with code 1 (14ms)
/home/peaches/anaconda3/bin/python: No module named dvc

[version: 1.2.29, 2025-11-27T13:01:24.953Z, pid: 0] > dvc --version - INITIALIZED
[version: 1.2.29, 2025-11-27T13:01:24.954Z, pid: 0] > dvc --version - FAILED (5ms)
Command failed with ENOENT: dvc --version
spawn dvc ENOENT
[version: 1.2.29, 2025-11-27T13:01:29.959Z, pid: 75038] > /home/peaches/anaconda3/bin/python -m dvc --version - INITIALIZED
[version: 1.2.29, 2025-11-27T13:01:29.968Z, pid: 75038] > /home/peaches/anaconda3/bin/python -m dvc --version - FAILED with code 1 (13ms)
/home/peaches/anaconda3/bin/python: No module named dvc

[version: 1.2.29, 2025-11-27T13:01:29.973Z, pid: 0] > dvc --version - INITIALIZED
[version: 1.2.29, 2025-11-27T13:01:29.974Z, pid: 0] > dvc --version - FAILED (5ms)
Command failed with ENOENT: dvc --version
spawn dvc ENOENT
[version: 1.2.29, 2025-11-27T13:01:34.982Z, pid: 75049] > /home/peaches/anaconda3/bin/python -m dvc --version - INITIALIZED
[version: 1.2.29, 2025-11-27T13:01:34.992Z, pid: 75049] > /home/peaches/anaconda3/bin/python -m dvc --version - FAILED with code 1 (18ms)
/home/peaches/anaconda3/bin/python: No module named dvc

[version: 1.2.29, 2025-11-27T13:01:34.998Z, pid: 0] > dvc --version - INITIALIZED
[version: 1.2.29, 2025-11-27T13:01:34.999Z, pid: 0] > dvc --version - FAILED (6ms)
Command failed with ENOENT: dvc --version
spawn dvc ENOENT
[version: 1.2.29, 2025-11-27T13:01:40.004Z, pid: 75068] > /home/peaches/anaconda3/bin/python -m dvc --version - INITIALIZED
[version: 1.2.29, 2025-11-27T13:01:40.014Z, pid: 75068] > /home/peaches/anaconda3/bin/python -m dvc --version - FAILED with code 1 (15ms)
/home/peaches/anaconda3/bin/python: No module named dvc

[version: 1.2.29, 2025-11-27T13:01:40.019Z, pid: 0] > dvc --version - INITIALIZED
[version: 1.2.29, 2025-11-27T13:01:40.019Z, pid: 0] > dvc --version - FAILED (5ms)
Command failed with ENOENT: dvc --version
spawn dvc ENOENT
[version: 1.2.29, 2025-11-27T13:01:45.023Z, pid: 75075] > /home/peaches/anaconda3/bin/python -m dvc --version - INITIALIZED
[version: 1.2.29, 2025-11-27T13:01:45.033Z, pid: 75075] > /home/peaches/anaconda3/bin/python -m dvc --version - FAILED with code 1 (14ms)
/home/peaches/anaconda3/bin/python: No module named dvc

[version: 1.2.29, 2025-11-27T13:01:45.038Z, pid: 0] > dvc --version - INITIALIZED
[version: 1.2.29, 2025-11-27T13:01:45.039Z, pid: 0] > dvc --version - FAILED (6ms)
Command failed with ENOENT: dvc --version
spawn dvc ENOENT
[version: 1.2.29, 2025-11-27T13:01:50.044Z, pid: 75085] > /home/peaches/anaconda3/bin/python -m dvc --version - INITIALIZED
[version: 1.2.29, 2025-11-27T13:01:50.054Z, pid: 75085] > /home/peaches/anaconda3/bin/python -m dvc --version - FAILED with code 1 (15ms)
/home/peaches/anaconda3/bin/python: No module named dvc

[version: 1.2.29, 2025-11-27T13:01:50.058Z, pid: 0] > dvc --version - INITIALIZED
[version: 1.2.29, 2025-11-27T13:01:50.059Z, pid: 0] > dvc --version - FAILED (5ms)
Command failed with ENOENT: dvc --version
spawn dvc ENOENT
[version: 1.2.29, 2025-11-27T13:01:55.065Z, pid: 75092] > /home/peaches/anaconda3/bin/python -m dvc --version - INITIALIZED
[version: 1.2.29, 2025-11-27T13:01:55.074Z, pid: 75092] > /home/peaches/anaconda3/bin/python -m dvc --version - FAILED with code 1 (14ms)
/home/peaches/anaconda3/bin/python: No module named dvc

[version: 1.2.29, 2025-11-27T13:01:55.079Z, pid: 0] > dvc --version - INITIALIZED
[version: 1.2.29, 2025-11-27T13:01:55.080Z, pid: 0] > dvc --version - FAILED (5ms)
Command failed with ENOENT: dvc --version
spawn dvc ENOENT
[version: 1.2.29, 2025-11-27T13:02:00.085Z, pid: 75094] > /home/peaches/anaconda3/bin/python -m dvc --version - INITIALIZED
[version: 1.2.29, 2025-11-27T13:02:00.095Z, pid: 75094] > /home/peaches/anaconda3/bin/python -m dvc --version - FAILED with code 1 (15ms)
/home/peaches/anaconda3/bin/python: No module named dvc

[version: 1.2.29, 2025-11-27T13:02:00.099Z, pid: 0] > dvc --version - INITIALIZED
[version: 1.2.29, 2025-11-27T13:02:00.100Z, pid: 0] > dvc --version - FAILED (5ms)
Command failed with ENOENT: dvc --version
spawn dvc ENOENT
[version: 1.2.29, 2025-11-27T13:02:05.105Z, pid: 75097] > /home/peaches/anaconda3/bin/python -m dvc --version - INITIALIZED
[version: 1.2.29, 2025-11-27T13:02:05.115Z, pid: 75097] > /home/peaches/anaconda3/bin/python -m dvc --version - FAILED with code 1 (14ms)
/home/peaches/anaconda3/bin/python: No module named dvc

[version: 1.2.29, 2025-11-27T13:02:05.120Z, pid: 0] > dvc --version - INITIALIZED
[version: 1.2.29, 2025-11-27T13:02:05.120Z, pid: 0] > dvc --version - FAILED (5ms)
Command failed with ENOENT: dvc --version
spawn dvc ENOENT
[version: 1.2.29, 2025-11-27T13:02:10.125Z, pid: 75099] > /home/peaches/anaconda3/bin/python -m dvc --version - INITIALIZED
[version: 1.2.29, 2025-11-27T13:02:10.137Z, pid: 75099] > /home/peaches/anaconda3/bin/python -m dvc --version - FAILED with code 1 (17ms)
/home/peaches/anaconda3/bin/python: No module named dvc

[version: 1.2.29, 2025-11-27T13:02:10.142Z, pid: 0] > dvc --version - INITIALIZED
[version: 1.2.29, 2025-11-27T13:02:10.143Z, pid: 0] > dvc --version - FAILED (5ms)
Command failed with ENOENT: dvc --version
spawn dvc ENOENT
[version: 1.2.29, 2025-11-27T13:02:15.149Z, pid: 75101] > /home/peaches/anaconda3/bin/python -m dvc --version - INITIALIZED
[version: 1.2.29, 2025-11-27T13:02:15.159Z, pid: 75101] > /home/peaches/anaconda3/bin/python -m dvc --version - FAILED with code 1 (15ms)
/home/peaches/anaconda3/bin/python: No module named dvc

[version: 1.2.29, 2025-11-27T13:02:15.163Z, pid: 0] > dvc --version - INITIALIZED
[version: 1.2.29, 2025-11-27T13:02:15.164Z, pid: 0] > dvc --version - FAILED (5ms)
Command failed with ENOENT: dvc --version
spawn dvc ENOENT
[version: 1.2.29, 2025-11-27T13:02:20.170Z, pid: 75103] > /home/peaches/anaconda3/bin/python -m dvc --version - INITIALIZED
[version: 1.2.29, 2025-11-27T13:02:20.180Z, pid: 75103] > /home/peaches/anaconda3/bin/python -m dvc --version - FAILED with code 1 (15ms)
/home/peaches/anaconda3/bin/python: No module named dvc

[version: 1.2.29, 2025-11-27T13:02:20.184Z, pid: 0] > dvc --version - INITIALIZED
[version: 1.2.29, 2025-11-27T13:02:20.185Z, pid: 0] > dvc --version - FAILED (5ms)
Command failed with ENOENT: dvc --version
spawn dvc ENOENT
[version: 1.2.29, 2025-11-27T13:02:25.190Z, pid: 75166] > /home/peaches/anaconda3/bin/python -m dvc --version - INITIALIZED
[version: 1.2.29, 2025-11-27T13:02:25.200Z, pid: 75166] > /home/peaches/anaconda3/bin/python -m dvc --version - FAILED with code 1 (15ms)
/home/peaches/anaconda3/bin/python: No module named dvc

[version: 1.2.29, 2025-11-27T13:02:25.205Z, pid: 0] > dvc --version - INITIALIZED
[version: 1.2.29, 2025-11-27T13:02:25.206Z, pid: 0] > dvc --version - FAILED (6ms)
Command failed with ENOENT: dvc --version
spawn dvc ENOENT
[version: 1.2.29, 2025-11-27T13:02:30.211Z, pid: 75319] > /home/peaches/anaconda3/bin/python -m dvc --version - INITIALIZED
[version: 1.2.29, 2025-11-27T13:02:30.221Z, pid: 75319] > /home/peaches/anaconda3/bin/python -m dvc --version - FAILED with code 1 (14ms)
/home/peaches/anaconda3/bin/python: No module named dvc

[version: 1.2.29, 2025-11-27T13:02:30.226Z, pid: 0] > dvc --version - INITIALIZED
[version: 1.2.29, 2025-11-27T13:02:30.226Z, pid: 0] > dvc --version - FAILED (4ms)
Command failed with ENOENT: dvc --version
spawn dvc ENOENT
[version: 1.2.29, 2025-11-27T13:02:35.231Z, pid: 75338] > /home/peaches/anaconda3/bin/python -m dvc --version - INITIALIZED
[version: 1.2.29, 2025-11-27T13:02:35.241Z, pid: 75338] > /home/peaches/anaconda3/bin/python -m dvc --version - FAILED with code 1 (15ms)
/home/peaches/anaconda3/bin/python: No module named dvc

[version: 1.2.29, 2025-11-27T13:02:35.247Z, pid: 0] > dvc --version - INITIALIZED
[version: 1.2.29, 2025-11-27T13:02:35.248Z, pid: 0] > dvc --version - FAILED (6ms)
Command failed with ENOENT: dvc --version
spawn dvc ENOENT
[version: 1.2.29, 2025-11-27T13:02:40.254Z, pid: 75341] > /home/peaches/anaconda3/bin/python -m dvc --version - INITIALIZED
[version: 1.2.29, 2025-11-27T13:02:40.265Z, pid: 75341] > /home/peaches/anaconda3/bin/python -m dvc --version - FAILED with code 1 (16ms)
/home/peaches/anaconda3/bin/python: No module named dvc

[version: 1.2.29, 2025-11-27T13:02:40.270Z, pid: 0] > dvc --version - INITIALIZED
[version: 1.2.29, 2025-11-27T13:02:40.271Z, pid: 0] > dvc --version - FAILED (5ms)
Command failed with ENOENT: dvc --version
spawn dvc ENOENT
[version: 1.2.29, 2025-11-27T13:02:45.276Z, pid: 75345] > /home/peaches/anaconda3/bin/python -m dvc --version - INITIALIZED
[version: 1.2.29, 2025-11-27T13:02:45.286Z, pid: 75345] > /home/peaches/anaconda3/bin/python -m dvc --version - FAILED with code 1 (15ms)
/home/peaches/anaconda3/bin/python: No module named dvc

[version: 1.2.29, 2025-11-27T13:02:45.292Z, pid: 0] > dvc --version - INITIALIZED
[version: 1.2.29, 2025-11-27T13:02:45.293Z, pid: 0] > dvc --version - FAILED (7ms)
Command failed with ENOENT: dvc --version
spawn dvc ENOENT
[version: 1.2.29, 2025-11-27T13:02:50.299Z, pid: 75348] > /home/peaches/anaconda3/bin/python -m dvc --version - INITIALIZED
[version: 1.2.29, 2025-11-27T13:02:50.310Z, pid: 75348] > /home/peaches/anaconda3/bin/python -m dvc --version - FAILED with code 1 (16ms)
/home/peaches/anaconda3/bin/python: No module named dvc

[version: 1.2.29, 2025-11-27T13:02:50.315Z, pid: 0] > dvc --version - INITIALIZED
[version: 1.2.29, 2025-11-27T13:02:50.316Z, pid: 0] > dvc --version - FAILED (6ms)
Command failed with ENOENT: dvc --version
spawn dvc ENOENT
[version: 1.2.29, 2025-11-27T13:02:55.322Z, pid: 75354] > /home/peaches/anaconda3/bin/python -m dvc --version - INITIALIZED
[version: 1.2.29, 2025-11-27T13:02:55.333Z, pid: 75354] > /home/peaches/anaconda3/bin/python -m dvc --version - FAILED with code 1 (16ms)
/home/peaches/anaconda3/bin/python: No module named dvc

[version: 1.2.29, 2025-11-27T13:02:55.338Z, pid: 0] > dvc --version - INITIALIZED
[version: 1.2.29, 2025-11-27T13:02:55.338Z, pid: 0] > dvc --version - FAILED (5ms)
Command failed with ENOENT: dvc --version
spawn dvc ENOENT
[version: 1.2.29, 2025-11-27T13:03:00.346Z, pid: 75359] > /home/peaches/anaconda3/bin/python -m dvc --version - INITIALIZED
[version: 1.2.29, 2025-11-27T13:03:00.355Z, pid: 75359] > /home/peaches/anaconda3/bin/python -m dvc --version - FAILED with code 1 (16ms)
/home/peaches/anaconda3/bin/python: No module named dvc

[version: 1.2.29, 2025-11-27T13:03:00.360Z, pid: 0] > dvc --version - INITIALIZED
[version: 1.2.29, 2025-11-27T13:03:00.361Z, pid: 0] > dvc --version - FAILED (6ms)
Command failed with ENOENT: dvc --version
spawn dvc ENOENT
[version: 1.2.29, 2025-11-27T13:03:05.366Z, pid: 75365] > /home/peaches/anaconda3/bin/python -m dvc --version - INITIALIZED
[version: 1.2.29, 2025-11-27T13:03:05.376Z, pid: 75365] > /home/peaches/anaconda3/bin/python -m dvc --version - FAILED with code 1 (15ms)
/home/peaches/anaconda3/bin/python: No module named dvc

[version: 1.2.29, 2025-11-27T13:03:05.381Z, pid: 0] > dvc --version - INITIALIZED
[version: 1.2.29, 2025-11-27T13:03:05.382Z, pid: 0] > dvc --version - FAILED (6ms)
Command failed with ENOENT: dvc --version
spawn dvc ENOENT
[version: 1.2.29, 2025-11-27T13:03:10.387Z, pid: 75367] > /home/peaches/anaconda3/bin/python -m dvc --version - INITIALIZED
[version: 1.2.29, 2025-11-27T13:03:10.397Z, pid: 75367] > /home/peaches/anaconda3/bin/python -m dvc --version - FAILED with code 1 (15ms)
/home/peaches/anaconda3/bin/python: No module named dvc

[version: 1.2.29, 2025-11-27T13:03:10.401Z, pid: 0] > dvc --version - INITIALIZED
[version: 1.2.29, 2025-11-27T13:03:10.402Z, pid: 0] > dvc --version - FAILED (5ms)
Command failed with ENOENT: dvc --version
spawn dvc ENOENT
[version: 1.2.29, 2025-11-27T13:03:15.408Z, pid: 75369] > /home/peaches/anaconda3/bin/python -m dvc --version - INITIALIZED
[version: 1.2.29, 2025-11-27T13:03:15.417Z, pid: 75369] > /home/peaches/anaconda3/bin/python -m dvc --version - FAILED with code 1 (15ms)
/home/peaches/anaconda3/bin/python: No module named dvc

[version: 1.2.29, 2025-11-27T13:03:15.422Z, pid: 0] > dvc --version - INITIALIZED
[version: 1.2.29, 2025-11-27T13:03:15.423Z, pid: 0] > dvc --version - FAILED (6ms)
Command failed with ENOENT: dvc --version
spawn dvc ENOENT
[version: 1.2.29, 2025-11-27T13:03:20.428Z, pid: 75371] > /home/peaches/anaconda3/bin/python -m dvc --version - INITIALIZED
[version: 1.2.29, 2025-11-27T13:03:20.438Z, pid: 75371] > /home/peaches/anaconda3/bin/python -m dvc --version - FAILED with code 1 (15ms)
/home/peaches/anaconda3/bin/python: No module named dvc

[version: 1.2.29, 2025-11-27T13:03:20.442Z, pid: 0] > dvc --version - INITIALIZED
[version: 1.2.29, 2025-11-27T13:03:20.443Z, pid: 0] > dvc --version - FAILED (5ms)
Command failed with ENOENT: dvc --version
spawn dvc ENOENT
[version: 1.2.29, 2025-11-27T13:03:25.449Z, pid: 75373] > /home/peaches/anaconda3/bin/python -m dvc --version - INITIALIZED
[version: 1.2.29, 2025-11-27T13:03:25.459Z, pid: 75373] > /home/peaches/anaconda3/bin/python -m dvc --version - FAILED with code 1 (15ms)
/home/peaches/anaconda3/bin/python: No module named dvc

[version: 1.2.29, 2025-11-27T13:03:25.464Z, pid: 0] > dvc --version - INITIALIZED
[version: 1.2.29, 2025-11-27T13:03:25.465Z, pid: 0] > dvc --version - FAILED (5ms)
Command failed with ENOENT: dvc --version
spawn dvc ENOENT
[version: 1.2.29, 2025-11-27T13:03:30.470Z, pid: 75375] > /home/peaches/anaconda3/bin/python -m dvc --version - INITIALIZED
[version: 1.2.29, 2025-11-27T13:03:30.480Z, pid: 75375] > /home/peaches/anaconda3/bin/python -m dvc --version - FAILED with code 1 (14ms)
/home/peaches/anaconda3/bin/python: No module named dvc

[version: 1.2.29, 2025-11-27T13:03:30.484Z, pid: 0] > dvc --version - INITIALIZED
[version: 1.2.29, 2025-11-27T13:03:30.485Z, pid: 0] > dvc --version - FAILED (5ms)
Command failed with ENOENT: dvc --version
spawn dvc ENOENT
[version: 1.2.29, 2025-11-27T13:03:35.491Z, pid: 75377] > /home/peaches/anaconda3/bin/python -m dvc --version - INITIALIZED
[version: 1.2.29, 2025-11-27T13:03:35.500Z, pid: 75377] > /home/peaches/anaconda3/bin/python -m dvc --version - FAILED with code 1 (15ms)
/home/peaches/anaconda3/bin/python: No module named dvc

[version: 1.2.29, 2025-11-27T13:03:35.505Z, pid: 0] > dvc --version - INITIALIZED
[version: 1.2.29, 2025-11-27T13:03:35.506Z, pid: 0] > dvc --version - FAILED (5ms)
Command failed with ENOENT: dvc --version
spawn dvc ENOENT
[version: 1.2.29, 2025-11-27T13:03:40.512Z, pid: 75379] > /home/peaches/anaconda3/bin/python -m dvc --version - INITIALIZED
[version: 1.2.29, 2025-11-27T13:03:40.521Z, pid: 75379] > /home/peaches/anaconda3/bin/python -m dvc --version - FAILED with code 1 (14ms)
/home/peaches/anaconda3/bin/python: No module named dvc

[version: 1.2.29, 2025-11-27T13:03:40.526Z, pid: 0] > dvc --version - INITIALIZED
[version: 1.2.29, 2025-11-27T13:03:40.527Z, pid: 0] > dvc --version - FAILED (5ms)
Command failed with ENOENT: dvc --version
spawn dvc ENOENT
[version: 1.2.29, 2025-11-27T13:03:45.533Z, pid: 75381] > /home/peaches/anaconda3/bin/python -m dvc --version - INITIALIZED
[version: 1.2.29, 2025-11-27T13:03:45.542Z, pid: 75381] > /home/peaches/anaconda3/bin/python -m dvc --version - FAILED with code 1 (15ms)
/home/peaches/anaconda3/bin/python: No module named dvc

[version: 1.2.29, 2025-11-27T13:03:45.547Z, pid: 0] > dvc --version - INITIALIZED
[version: 1.2.29, 2025-11-27T13:03:45.548Z, pid: 0] > dvc --version - FAILED (4ms)
Command failed with ENOENT: dvc --version
spawn dvc ENOENT
[version: 1.2.29, 2025-11-27T13:03:50.555Z, pid: 75383] > /home/peaches/anaconda3/bin/python -m dvc --version - INITIALIZED
[version: 1.2.29, 2025-11-27T13:03:50.564Z, pid: 75383] > /home/peaches/anaconda3/bin/python -m dvc --version - FAILED with code 1 (15ms)
/home/peaches/anaconda3/bin/python: No module named dvc

[version: 1.2.29, 2025-11-27T13:03:50.569Z, pid: 0] > dvc --version - INITIALIZED
[version: 1.2.29, 2025-11-27T13:03:50.570Z, pid: 0] > dvc --version - FAILED (6ms)
Command failed with ENOENT: dvc --version
spawn dvc ENOENT
[version: 1.2.29, 2025-11-27T13:03:55.577Z, pid: 75387] > /home/peaches/anaconda3/bin/python -m dvc --version - INITIALIZED
[version: 1.2.29, 2025-11-27T13:03:55.587Z, pid: 75387] > /home/peaches/anaconda3/bin/python -m dvc --version - FAILED with code 1 (16ms)
/home/peaches/anaconda3/bin/python: No module named dvc

[version: 1.2.29, 2025-11-27T13:03:55.592Z, pid: 0] > dvc --version - INITIALIZED
[version: 1.2.29, 2025-11-27T13:03:55.593Z, pid: 0] > dvc --version - FAILED (5ms)
Command failed with ENOENT: dvc --version
spawn dvc ENOENT
[version: 1.2.29, 2025-11-27T13:04:00.599Z, pid: 75389] > /home/peaches/anaconda3/bin/python -m dvc --version - INITIALIZED
[version: 1.2.29, 2025-11-27T13:04:00.608Z, pid: 75389] > /home/peaches/anaconda3/bin/python -m dvc --version - FAILED with code 1 (15ms)
/home/peaches/anaconda3/bin/python: No module named dvc

[version: 1.2.29, 2025-11-27T13:04:00.612Z, pid: 0] > dvc --version - INITIALIZED
[version: 1.2.29, 2025-11-27T13:04:00.613Z, pid: 0] > dvc --version - FAILED (5ms)
Command failed with ENOENT: dvc --version
spawn dvc ENOENT
[version: 1.2.29, 2025-11-27T13:04:05.617Z, pid: 75391] > /home/peaches/anaconda3/bin/python -m dvc --version - INITIALIZED
[version: 1.2.29, 2025-11-27T13:04:05.627Z, pid: 75391] > /home/peaches/anaconda3/bin/python -m dvc --version - FAILED with code 1 (14ms)
/home/peaches/anaconda3/bin/python: No module named dvc

[version: 1.2.29, 2025-11-27T13:04:05.631Z, pid: 0] > dvc --version - INITIALIZED
[version: 1.2.29, 2025-11-27T13:04:05.632Z, pid: 0] > dvc --version - FAILED (5ms)
Command failed with ENOENT: dvc --version
spawn dvc ENOENT
[version: 1.2.29, 2025-11-27T13:04:10.638Z, pid: 75393] > /home/peaches/anaconda3/bin/python -m dvc --version - INITIALIZED
[version: 1.2.29, 2025-11-27T13:04:10.647Z, pid: 75393] > /home/peaches/anaconda3/bin/python -m dvc --version - FAILED with code 1 (15ms)
/home/peaches/anaconda3/bin/python: No module named dvc

[version: 1.2.29, 2025-11-27T13:04:10.651Z, pid: 0] > dvc --version - INITIALIZED
[version: 1.2.29, 2025-11-27T13:04:10.652Z, pid: 0] > dvc --version - FAILED (5ms)
Command failed with ENOENT: dvc --version
spawn dvc ENOENT
[version: 1.2.29, 2025-11-27T13:04:15.657Z, pid: 75395] > /home/peaches/anaconda3/bin/python -m dvc --version - INITIALIZED
[version: 1.2.29, 2025-11-27T13:04:15.667Z, pid: 75395] > /home/peaches/anaconda3/bin/python -m dvc --version - FAILED with code 1 (14ms)
/home/peaches/anaconda3/bin/python: No module named dvc

[version: 1.2.29, 2025-11-27T13:04:15.671Z, pid: 0] > dvc --version - INITIALIZED
[version: 1.2.29, 2025-11-27T13:04:15.672Z, pid: 0] > dvc --version - FAILED (5ms)
Command failed with ENOENT: dvc --version
spawn dvc ENOENT
[version: 1.2.29, 2025-11-27T13:04:20.678Z, pid: 75397] > /home/peaches/anaconda3/bin/python -m dvc --version - INITIALIZED
[version: 1.2.29, 2025-11-27T13:04:20.687Z, pid: 75397] > /home/peaches/anaconda3/bin/python -m dvc --version - FAILED with code 1 (15ms)
/home/peaches/anaconda3/bin/python: No module named dvc

[version: 1.2.29, 2025-11-27T13:04:20.691Z, pid: 0] > dvc --version - INITIALIZED
[version: 1.2.29, 2025-11-27T13:04:20.692Z, pid: 0] > dvc --version - FAILED (5ms)
Command failed with ENOENT: dvc --version
spawn dvc ENOENT
[version: 1.2.29, 2025-11-27T13:04:25.699Z, pid: 75399] > /home/peaches/anaconda3/bin/python -m dvc --version - INITIALIZED
[version: 1.2.29, 2025-11-27T13:04:25.708Z, pid: 75399] > /home/peaches/anaconda3/bin/python -m dvc --version - FAILED with code 1 (15ms)
/home/peaches/anaconda3/bin/python: No module named dvc

[version: 1.2.29, 2025-11-27T13:04:25.712Z, pid: 0] > dvc --version - INITIALIZED
[version: 1.2.29, 2025-11-27T13:04:25.713Z, pid: 0] > dvc --version - FAILED (5ms)
Command failed with ENOENT: dvc --version
spawn dvc ENOENT
[version: 1.2.29, 2025-11-27T13:04:30.718Z, pid: 75401] > /home/peaches/anaconda3/bin/python -m dvc --version - INITIALIZED
[version: 1.2.29, 2025-11-27T13:04:30.728Z, pid: 75401] > /home/peaches/anaconda3/bin/python -m dvc --version - FAILED with code 1 (14ms)
/home/peaches/anaconda3/bin/python: No module named dvc

[version: 1.2.29, 2025-11-27T13:04:30.732Z, pid: 0] > dvc --version - INITIALIZED
[version: 1.2.29, 2025-11-27T13:04:30.733Z, pid: 0] > dvc --version - FAILED (5ms)
Command failed with ENOENT: dvc --version
spawn dvc ENOENT
[version: 1.2.29, 2025-11-27T13:04:35.740Z, pid: 75403] > /home/peaches/anaconda3/bin/python -m dvc --version - INITIALIZED
[version: 1.2.29, 2025-11-27T13:04:35.750Z, pid: 75403] > /home/peaches/anaconda3/bin/python -m dvc --version - FAILED with code 1 (17ms)
/home/peaches/anaconda3/bin/python: No module named dvc

[version: 1.2.29, 2025-11-27T13:04:35.755Z, pid: 0] > dvc --version - INITIALIZED
[version: 1.2.29, 2025-11-27T13:04:35.756Z, pid: 0] > dvc --version - FAILED (6ms)
Command failed with ENOENT: dvc --version
spawn dvc ENOENT
[version: 1.2.29, 2025-11-27T13:04:40.761Z, pid: 75406] > /home/peaches/anaconda3/bin/python -m dvc --version - INITIALIZED
[version: 1.2.29, 2025-11-27T13:04:40.771Z, pid: 75406] > /home/peaches/anaconda3/bin/python -m dvc --version - FAILED with code 1 (13ms)
/home/peaches/anaconda3/bin/python: No module named dvc

[version: 1.2.29, 2025-11-27T13:04:40.775Z, pid: 0] > dvc --version - INITIALIZED
[version: 1.2.29, 2025-11-27T13:04:40.776Z, pid: 0] > dvc --version - FAILED (5ms)
Command failed with ENOENT: dvc --version
spawn dvc ENOENT
[version: 1.2.29, 2025-11-27T13:04:45.781Z, pid: 75408] > /home/peaches/anaconda3/bin/python -m dvc --version - INITIALIZED
[version: 1.2.29, 2025-11-27T13:04:45.790Z, pid: 75408] > /home/peaches/anaconda3/bin/python -m dvc --version - FAILED with code 1 (13ms)
/home/peaches/anaconda3/bin/python: No module named dvc

[version: 1.2.29, 2025-11-27T13:04:45.795Z, pid: 0] > dvc --version - INITIALIZED
[version: 1.2.29, 2025-11-27T13:04:45.795Z, pid: 0] > dvc --version - FAILED (4ms)
Command failed with ENOENT: dvc --version
spawn dvc ENOENT
[version: 1.2.29, 2025-11-27T13:04:50.800Z, pid: 75410] > /home/peaches/anaconda3/bin/python -m dvc --version - INITIALIZED
[version: 1.2.29, 2025-11-27T13:04:50.809Z, pid: 75410] > /home/peaches/anaconda3/bin/python -m dvc --version - FAILED with code 1 (14ms)
/home/peaches/anaconda3/bin/python: No module named dvc

[version: 1.2.29, 2025-11-27T13:04:50.814Z, pid: 0] > dvc --version - INITIALIZED
[version: 1.2.29, 2025-11-27T13:04:50.814Z, pid: 0] > dvc --version - FAILED (5ms)
Command failed with ENOENT: dvc --version
spawn dvc ENOENT
[version: 1.2.29, 2025-11-27T13:04:55.820Z, pid: 75414] > /home/peaches/anaconda3/bin/python -m dvc --version - INITIALIZED
[version: 1.2.29, 2025-11-27T13:04:55.829Z, pid: 75414] > /home/peaches/anaconda3/bin/python -m dvc --version - FAILED with code 1 (14ms)
/home/peaches/anaconda3/bin/python: No module named dvc

[version: 1.2.29, 2025-11-27T13:04:55.834Z, pid: 0] > dvc --version - INITIALIZED
[version: 1.2.29, 2025-11-27T13:04:55.834Z, pid: 0] > dvc --version - FAILED (5ms)
Command failed with ENOENT: dvc --version
spawn dvc ENOENT
[version: 1.2.29, 2025-11-27T13:05:00.840Z, pid: 75416] > /home/peaches/anaconda3/bin/python -m dvc --version - INITIALIZED
[version: 1.2.29, 2025-11-27T13:05:00.849Z, pid: 75416] > /home/peaches/anaconda3/bin/python -m dvc --version - FAILED with code 1 (15ms)
/home/peaches/anaconda3/bin/python: No module named dvc

[version: 1.2.29, 2025-11-27T13:05:00.854Z, pid: 0] > dvc --version - INITIALIZED
[version: 1.2.29, 2025-11-27T13:05:00.855Z, pid: 0] > dvc --version - FAILED (5ms)
Command failed with ENOENT: dvc --version
spawn dvc ENOENT
[version: 1.2.29, 2025-11-27T13:05:05.863Z, pid: 75418] > /home/peaches/anaconda3/bin/python -m dvc --version - INITIALIZED
[version: 1.2.29, 2025-11-27T13:05:05.872Z, pid: 75418] > /home/peaches/anaconda3/bin/python -m dvc --version - FAILED with code 1 (15ms)
/home/peaches/anaconda3/bin/python: No module named dvc

[version: 1.2.29, 2025-11-27T13:05:05.877Z, pid: 0] > dvc --version - INITIALIZED
[version: 1.2.29, 2025-11-27T13:05:05.877Z, pid: 0] > dvc --version - FAILED (5ms)
Command failed with ENOENT: dvc --version
spawn dvc ENOENT
[version: 1.2.29, 2025-11-27T13:05:10.883Z, pid: 75420] > /home/peaches/anaconda3/bin/python -m dvc --version - INITIALIZED
[version: 1.2.29, 2025-11-27T13:05:10.892Z, pid: 75420] > /home/peaches/anaconda3/bin/python -m dvc --version - FAILED with code 1 (15ms)
/home/peaches/anaconda3/bin/python: No module named dvc

[version: 1.2.29, 2025-11-27T13:05:10.897Z, pid: 0] > dvc --version - INITIALIZED
[version: 1.2.29, 2025-11-27T13:05:10.898Z, pid: 0] > dvc --version - FAILED (5ms)
Command failed with ENOENT: dvc --version
spawn dvc ENOENT
[version: 1.2.29, 2025-11-27T13:05:15.904Z, pid: 75422] > /home/peaches/anaconda3/bin/python -m dvc --version - INITIALIZED
[version: 1.2.29, 2025-11-27T13:05:15.913Z, pid: 75422] > /home/peaches/anaconda3/bin/python -m dvc --version - FAILED with code 1 (14ms)
/home/peaches/anaconda3/bin/python: No module named dvc

[version: 1.2.29, 2025-11-27T13:05:15.918Z, pid: 0] > dvc --version - INITIALIZED
[version: 1.2.29, 2025-11-27T13:05:15.919Z, pid: 0] > dvc --version - FAILED (5ms)
Command failed with ENOENT: dvc --version
spawn dvc ENOENT
[version: 1.2.29, 2025-11-27T13:05:20.926Z, pid: 75424] > /home/peaches/anaconda3/bin/python -m dvc --version - INITIALIZED
[version: 1.2.29, 2025-11-27T13:05:20.935Z, pid: 75424] > /home/peaches/anaconda3/bin/python -m dvc --version - FAILED with code 1 (15ms)
/home/peaches/anaconda3/bin/python: No module named dvc

[version: 1.2.29, 2025-11-27T13:05:20.940Z, pid: 0] > dvc --version - INITIALIZED
[version: 1.2.29, 2025-11-27T13:05:20.941Z, pid: 0] > dvc --version - FAILED (5ms)
Command failed with ENOENT: dvc --version
spawn dvc ENOENT
[version: 1.2.29, 2025-11-27T13:05:25.947Z, pid: 75426] > /home/peaches/anaconda3/bin/python -m dvc --version - INITIALIZED
[version: 1.2.29, 2025-11-27T13:05:25.956Z, pid: 75426] > /home/peaches/anaconda3/bin/python -m dvc --version - FAILED with code 1 (14ms)
/home/peaches/anaconda3/bin/python: No module named dvc

[version: 1.2.29, 2025-11-27T13:05:25.961Z, pid: 0] > dvc --version - INITIALIZED
[version: 1.2.29, 2025-11-27T13:05:25.962Z, pid: 0] > dvc --version - FAILED (5ms)
Command failed with ENOENT: dvc --version
spawn dvc ENOENT
[version: 1.2.29, 2025-11-27T13:05:30.968Z, pid: 75428] > /home/peaches/anaconda3/bin/python -m dvc --version - INITIALIZED
[version: 1.2.29, 2025-11-27T13:05:30.978Z, pid: 75428] > /home/peaches/anaconda3/bin/python -m dvc --version - FAILED with code 1 (16ms)
/home/peaches/anaconda3/bin/python: No module named dvc

[version: 1.2.29, 2025-11-27T13:05:30.982Z, pid: 0] > dvc --version - INITIALIZED
[version: 1.2.29, 2025-11-27T13:05:30.983Z, pid: 0] > dvc --version - FAILED (5ms)
Command failed with ENOENT: dvc --version
spawn dvc ENOENT
[version: 1.2.29, 2025-11-27T13:05:35.989Z, pid: 75430] > /home/peaches/anaconda3/bin/python -m dvc --version - INITIALIZED
[version: 1.2.29, 2025-11-27T13:05:35.998Z, pid: 75430] > /home/peaches/anaconda3/bin/python -m dvc --version - FAILED with code 1 (15ms)
/home/peaches/anaconda3/bin/python: No module named dvc

[version: 1.2.29, 2025-11-27T13:05:36.003Z, pid: 0] > dvc --version - INITIALIZED
[version: 1.2.29, 2025-11-27T13:05:36.003Z, pid: 0] > dvc --version - FAILED (5ms)
Command failed with ENOENT: dvc --version
spawn dvc ENOENT
[version: 1.2.29, 2025-11-27T13:05:41.009Z, pid: 75432] > /home/peaches/anaconda3/bin/python -m dvc --version - INITIALIZED
[version: 1.2.29, 2025-11-27T13:05:41.018Z, pid: 75432] > /home/peaches/anaconda3/bin/python -m dvc --version - FAILED with code 1 (14ms)
/home/peaches/anaconda3/bin/python: No module named dvc

[version: 1.2.29, 2025-11-27T13:05:41.022Z, pid: 0] > dvc --version - INITIALIZED
[version: 1.2.29, 2025-11-27T13:05:41.023Z, pid: 0] > dvc --version - FAILED (5ms)
Command failed with ENOENT: dvc --version
spawn dvc ENOENT
[version: 1.2.29, 2025-11-27T13:05:46.028Z, pid: 75434] > /home/peaches/anaconda3/bin/python -m dvc --version - INITIALIZED
[version: 1.2.29, 2025-11-27T13:05:46.039Z, pid: 75434] > /home/peaches/anaconda3/bin/python -m dvc --version - FAILED with code 1 (15ms)
/home/peaches/anaconda3/bin/python: No module named dvc

[version: 1.2.29, 2025-11-27T13:05:46.043Z, pid: 0] > dvc --version - INITIALIZED
[version: 1.2.29, 2025-11-27T13:05:46.044Z, pid: 0] > dvc --version - FAILED (5ms)
Command failed with ENOENT: dvc --version
spawn dvc ENOENT
[version: 1.2.29, 2025-11-27T13:05:51.050Z, pid: 75436] > /home/peaches/anaconda3/bin/python -m dvc --version - INITIALIZED
[version: 1.2.29, 2025-11-27T13:05:51.060Z, pid: 75436] > /home/peaches/anaconda3/bin/python -m dvc --version - FAILED with code 1 (15ms)
/home/peaches/anaconda3/bin/python: No module named dvc

[version: 1.2.29, 2025-11-27T13:05:51.064Z, pid: 0] > dvc --version - INITIALIZED
[version: 1.2.29, 2025-11-27T13:05:51.065Z, pid: 0] > dvc --version - FAILED (5ms)
Command failed with ENOENT: dvc --version
spawn dvc ENOENT
[version: 1.2.29, 2025-11-27T13:05:56.070Z, pid: 75440] > /home/peaches/anaconda3/bin/python -m dvc --version - INITIALIZED
[version: 1.2.29, 2025-11-27T13:05:56.079Z, pid: 75440] > /home/peaches/anaconda3/bin/python -m dvc --version - FAILED with code 1 (14ms)
/home/peaches/anaconda3/bin/python: No module named dvc

[version: 1.2.29, 2025-11-27T13:05:56.084Z, pid: 0] > dvc --version - INITIALIZED
[version: 1.2.29, 2025-11-27T13:05:56.085Z, pid: 0] > dvc --version - FAILED (5ms)
Command failed with ENOENT: dvc --version
spawn dvc ENOENT
[version: 1.2.29, 2025-11-27T13:06:01.091Z, pid: 75442] > /home/peaches/anaconda3/bin/python -m dvc --version - INITIALIZED
[version: 1.2.29, 2025-11-27T13:06:01.101Z, pid: 75442] > /home/peaches/anaconda3/bin/python -m dvc --version - FAILED with code 1 (15ms)
/home/peaches/anaconda3/bin/python: No module named dvc

[version: 1.2.29, 2025-11-27T13:06:01.105Z, pid: 0] > dvc --version - INITIALIZED
[version: 1.2.29, 2025-11-27T13:06:01.106Z, pid: 0] > dvc --version - FAILED (5ms)
Command failed with ENOENT: dvc --version
spawn dvc ENOENT
[version: 1.2.29, 2025-11-27T13:06:06.113Z, pid: 75444] > /home/peaches/anaconda3/bin/python -m dvc --version - INITIALIZED
[version: 1.2.29, 2025-11-27T13:06:06.122Z, pid: 75444] > /home/peaches/anaconda3/bin/python -m dvc --version - FAILED with code 1 (15ms)
/home/peaches/anaconda3/bin/python: No module named dvc

[version: 1.2.29, 2025-11-27T13:06:06.127Z, pid: 0] > dvc --version - INITIALIZED
[version: 1.2.29, 2025-11-27T13:06:06.128Z, pid: 0] > dvc --version - FAILED (5ms)
Command failed with ENOENT: dvc --version
spawn dvc ENOENT
[version: 1.2.29, 2025-11-27T13:06:11.135Z, pid: 75446] > /home/peaches/anaconda3/bin/python -m dvc --version - INITIALIZED
[version: 1.2.29, 2025-11-27T13:06:11.144Z, pid: 75446] > /home/peaches/anaconda3/bin/python -m dvc --version - FAILED with code 1 (15ms)
/home/peaches/anaconda3/bin/python: No module named dvc

[version: 1.2.29, 2025-11-27T13:06:11.149Z, pid: 0] > dvc --version - INITIALIZED
[version: 1.2.29, 2025-11-27T13:06:11.150Z, pid: 0] > dvc --version - FAILED (5ms)
Command failed with ENOENT: dvc --version
spawn dvc ENOENT
[version: 1.2.29, 2025-11-27T13:06:16.155Z, pid: 75448] > /home/peaches/anaconda3/bin/python -m dvc --version - INITIALIZED
[version: 1.2.29, 2025-11-27T13:06:16.164Z, pid: 75448] > /home/peaches/anaconda3/bin/python -m dvc --version - FAILED with code 1 (13ms)
/home/peaches/anaconda3/bin/python: No module named dvc

[version: 1.2.29, 2025-11-27T13:06:16.169Z, pid: 0] > dvc --version - INITIALIZED
[version: 1.2.29, 2025-11-27T13:06:16.170Z, pid: 0] > dvc --version - FAILED (5ms)
Command failed with ENOENT: dvc --version
spawn dvc ENOENT
[version: 1.2.29, 2025-11-27T13:06:21.176Z, pid: 75450] > /home/peaches/anaconda3/bin/python -m dvc --version - INITIALIZED
[version: 1.2.29, 2025-11-27T13:06:21.185Z, pid: 75450] > /home/peaches/anaconda3/bin/python -m dvc --version - FAILED with code 1 (14ms)
/home/peaches/anaconda3/bin/python: No module named dvc

[version: 1.2.29, 2025-11-27T13:06:21.190Z, pid: 0] > dvc --version - INITIALIZED
[version: 1.2.29, 2025-11-27T13:06:21.191Z, pid: 0] > dvc --version - FAILED (5ms)
Command failed with ENOENT: dvc --version
spawn dvc ENOENT
[version: 1.2.29, 2025-11-27T13:06:26.197Z, pid: 75452] > /home/peaches/anaconda3/bin/python -m dvc --version - INITIALIZED
[version: 1.2.29, 2025-11-27T13:06:26.206Z, pid: 75452] > /home/peaches/anaconda3/bin/python -m dvc --version - FAILED with code 1 (14ms)
/home/peaches/anaconda3/bin/python: No module named dvc

[version: 1.2.29, 2025-11-27T13:06:26.211Z, pid: 0] > dvc --version - INITIALIZED
[version: 1.2.29, 2025-11-27T13:06:26.211Z, pid: 0] > dvc --version - FAILED (5ms)
Command failed with ENOENT: dvc --version
spawn dvc ENOENT
[version: 1.2.29, 2025-11-27T13:06:31.216Z, pid: 75454] > /home/peaches/anaconda3/bin/python -m dvc --version - INITIALIZED
[version: 1.2.29, 2025-11-27T13:06:31.225Z, pid: 75454] > /home/peaches/anaconda3/bin/python -m dvc --version - FAILED with code 1 (14ms)
/home/peaches/anaconda3/bin/python: No module named dvc

[version: 1.2.29, 2025-11-27T13:06:31.230Z, pid: 0] > dvc --version - INITIALIZED
[version: 1.2.29, 2025-11-27T13:06:31.231Z, pid: 0] > dvc --version - FAILED (5ms)
Command failed with ENOENT: dvc --version
spawn dvc ENOENT
[version: 1.2.29, 2025-11-27T13:06:36.237Z, pid: 75457] > /home/peaches/anaconda3/bin/python -m dvc --version - INITIALIZED
[version: 1.2.29, 2025-11-27T13:06:36.246Z, pid: 75457] > /home/peaches/anaconda3/bin/python -m dvc --version - FAILED with code 1 (15ms)
/home/peaches/anaconda3/bin/python: No module named dvc

[version: 1.2.29, 2025-11-27T13:06:36.251Z, pid: 0] > dvc --version - INITIALIZED
[version: 1.2.29, 2025-11-27T13:06:36.252Z, pid: 0] > dvc --version - FAILED (5ms)
Command failed with ENOENT: dvc --version
spawn dvc ENOENT
[version: 1.2.29, 2025-11-27T13:06:41.258Z, pid: 75461] > /home/peaches/anaconda3/bin/python -m dvc --version - INITIALIZED
[version: 1.2.29, 2025-11-27T13:06:41.267Z, pid: 75461] > /home/peaches/anaconda3/bin/python -m dvc --version - FAILED with code 1 (14ms)
/home/peaches/anaconda3/bin/python: No module named dvc

[version: 1.2.29, 2025-11-27T13:06:41.271Z, pid: 0] > dvc --version - INITIALIZED
[version: 1.2.29, 2025-11-27T13:06:41.272Z, pid: 0] > dvc --version - FAILED (5ms)
Command failed with ENOENT: dvc --version
spawn dvc ENOENT
[version: 1.2.29, 2025-11-27T13:06:46.277Z, pid: 75463] > /home/peaches/anaconda3/bin/python -m dvc --version - INITIALIZED
[version: 1.2.29, 2025-11-27T13:06:46.289Z, pid: 75463] > /home/peaches/anaconda3/bin/python -m dvc --version - FAILED with code 1 (17ms)
/home/peaches/anaconda3/bin/python: No module named dvc

[version: 1.2.29, 2025-11-27T13:06:46.294Z, pid: 0] > dvc --version - INITIALIZED
[version: 1.2.29, 2025-11-27T13:06:46.294Z, pid: 0] > dvc --version - FAILED (5ms)
Command failed with ENOENT: dvc --version
spawn dvc ENOENT
[version: 1.2.29, 2025-11-27T13:06:51.299Z, pid: 75467] > /home/peaches/anaconda3/bin/python -m dvc --version - INITIALIZED
[version: 1.2.29, 2025-11-27T13:06:51.309Z, pid: 75467] > /home/peaches/anaconda3/bin/python -m dvc --version - FAILED with code 1 (15ms)
/home/peaches/anaconda3/bin/python: No module named dvc

[version: 1.2.29, 2025-11-27T13:06:51.314Z, pid: 0] > dvc --version - INITIALIZED
[version: 1.2.29, 2025-11-27T13:06:51.314Z, pid: 0] > dvc --version - FAILED (5ms)
Command failed with ENOENT: dvc --version
spawn dvc ENOENT
[version: 1.2.29, 2025-11-27T13:06:56.319Z, pid: 75469] > /home/peaches/anaconda3/bin/python -m dvc --version - INITIALIZED
[version: 1.2.29, 2025-11-27T13:06:56.329Z, pid: 75469] > /home/peaches/anaconda3/bin/python -m dvc --version - FAILED with code 1 (14ms)
/home/peaches/anaconda3/bin/python: No module named dvc

[version: 1.2.29, 2025-11-27T13:06:56.333Z, pid: 0] > dvc --version - INITIALIZED
[version: 1.2.29, 2025-11-27T13:06:56.334Z, pid: 0] > dvc --version - FAILED (5ms)
Command failed with ENOENT: dvc --version
spawn dvc ENOENT
[version: 1.2.29, 2025-11-27T13:07:01.340Z, pid: 75471] > /home/peaches/anaconda3/bin/python -m dvc --version - INITIALIZED
[version: 1.2.29, 2025-11-27T13:07:01.350Z, pid: 75471] > /home/peaches/anaconda3/bin/python -m dvc --version - FAILED with code 1 (15ms)
/home/peaches/anaconda3/bin/python: No module named dvc

[version: 1.2.29, 2025-11-27T13:07:01.354Z, pid: 0] > dvc --version - INITIALIZED
[version: 1.2.29, 2025-11-27T13:07:01.355Z, pid: 0] > dvc --version - FAILED (5ms)
Command failed with ENOENT: dvc --version
spawn dvc ENOENT
[version: 1.2.29, 2025-11-27T13:07:06.360Z, pid: 75474] > /home/peaches/anaconda3/bin/python -m dvc --version - INITIALIZED
[version: 1.2.29, 2025-11-27T13:07:06.370Z, pid: 75474] > /home/peaches/anaconda3/bin/python -m dvc --version - FAILED with code 1 (15ms)
/home/peaches/anaconda3/bin/python: No module named dvc

[version: 1.2.29, 2025-11-27T13:07:06.374Z, pid: 0] > dvc --version - INITIALIZED
[version: 1.2.29, 2025-11-27T13:07:06.375Z, pid: 0] > dvc --version - FAILED (5ms)
Command failed with ENOENT: dvc --version
spawn dvc ENOENT
[version: 1.2.29, 2025-11-27T13:07:11.381Z, pid: 75476] > /home/peaches/anaconda3/bin/python -m dvc --version - INITIALIZED
[version: 1.2.29, 2025-11-27T13:07:11.390Z, pid: 75476] > /home/peaches/anaconda3/bin/python -m dvc --version - FAILED with code 1 (15ms)
/home/peaches/anaconda3/bin/python: No module named dvc

[version: 1.2.29, 2025-11-27T13:07:11.395Z, pid: 0] > dvc --version - INITIALIZED
[version: 1.2.29, 2025-11-27T13:07:11.396Z, pid: 0] > dvc --version - FAILED (5ms)
Command failed with ENOENT: dvc --version
spawn dvc ENOENT
[version: 1.2.29, 2025-11-27T13:07:16.403Z, pid: 75478] > /home/peaches/anaconda3/bin/python -m dvc --version - INITIALIZED
[version: 1.2.29, 2025-11-27T13:07:16.413Z, pid: 75478] > /home/peaches/anaconda3/bin/python -m dvc --version - FAILED with code 1 (16ms)
/home/peaches/anaconda3/bin/python: No module named dvc

[version: 1.2.29, 2025-11-27T13:07:16.417Z, pid: 0] > dvc --version - INITIALIZED
[version: 1.2.29, 2025-11-27T13:07:16.418Z, pid: 0] > dvc --version - FAILED (5ms)
Command failed with ENOENT: dvc --version
spawn dvc ENOENT
[version: 1.2.29, 2025-11-27T13:07:21.423Z, pid: 75480] > /home/peaches/anaconda3/bin/python -m dvc --version - INITIALIZED
[version: 1.2.29, 2025-11-27T13:07:21.433Z, pid: 75480] > /home/peaches/anaconda3/bin/python -m dvc --version - FAILED with code 1 (15ms)
/home/peaches/anaconda3/bin/python: No module named dvc

[version: 1.2.29, 2025-11-27T13:07:21.437Z, pid: 0] > dvc --version - INITIALIZED
[version: 1.2.29, 2025-11-27T13:07:21.438Z, pid: 0] > dvc --version - FAILED (5ms)
Command failed with ENOENT: dvc --version
spawn dvc ENOENT
[version: 1.2.29, 2025-11-27T13:07:26.443Z, pid: 75482] > /home/peaches/anaconda3/bin/python -m dvc --version - INITIALIZED
[version: 1.2.29, 2025-11-27T13:07:26.453Z, pid: 75482] > /home/peaches/anaconda3/bin/python -m dvc --version - FAILED with code 1 (15ms)
/home/peaches/anaconda3/bin/python: No module named dvc

[version: 1.2.29, 2025-11-27T13:07:26.457Z, pid: 0] > dvc --version - INITIALIZED
[version: 1.2.29, 2025-11-27T13:07:26.458Z, pid: 0] > dvc --version - FAILED (5ms)
Command failed with ENOENT: dvc --version
spawn dvc ENOENT
[version: 1.2.29, 2025-11-27T13:07:31.463Z, pid: 75484] > /home/peaches/anaconda3/bin/python -m dvc --version - INITIALIZED
[version: 1.2.29, 2025-11-27T13:07:31.473Z, pid: 75484] > /home/peaches/anaconda3/bin/python -m dvc --version - FAILED with code 1 (15ms)
/home/peaches/anaconda3/bin/python: No module named dvc

[version: 1.2.29, 2025-11-27T13:07:31.477Z, pid: 0] > dvc --version - INITIALIZED
[version: 1.2.29, 2025-11-27T13:07:31.478Z, pid: 0] > dvc --version - FAILED (5ms)
Command failed with ENOENT: dvc --version
spawn dvc ENOENT
[version: 1.2.29, 2025-11-27T13:07:36.484Z, pid: 75486] > /home/peaches/anaconda3/bin/python -m dvc --version - INITIALIZED
[version: 1.2.29, 2025-11-27T13:07:36.494Z, pid: 75486] > /home/peaches/anaconda3/bin/python -m dvc --version - FAILED with code 1 (15ms)
/home/peaches/anaconda3/bin/python: No module named dvc

[version: 1.2.29, 2025-11-27T13:07:36.498Z, pid: 0] > dvc --version - INITIALIZED
[version: 1.2.29, 2025-11-27T13:07:36.499Z, pid: 0] > dvc --version - FAILED (5ms)
Command failed with ENOENT: dvc --version
spawn dvc ENOENT
[version: 1.2.29, 2025-11-27T13:07:41.504Z, pid: 75488] > /home/peaches/anaconda3/bin/python -m dvc --version - INITIALIZED
[version: 1.2.29, 2025-11-27T13:07:41.513Z, pid: 75488] > /home/peaches/anaconda3/bin/python -m dvc --version - FAILED with code 1 (13ms)
/home/peaches/anaconda3/bin/python: No module named dvc

[version: 1.2.29, 2025-11-27T13:07:41.518Z, pid: 0] > dvc --version - INITIALIZED
[version: 1.2.29, 2025-11-27T13:07:41.519Z, pid: 0] > dvc --version - FAILED (5ms)
Command failed with ENOENT: dvc --version
spawn dvc ENOENT
[version: 1.2.29, 2025-11-27T13:07:46.525Z, pid: 75491] > /home/peaches/anaconda3/bin/python -m dvc --version - INITIALIZED
[version: 1.2.29, 2025-11-27T13:07:46.535Z, pid: 75491] > /home/peaches/anaconda3/bin/python -m dvc --version - FAILED with code 1 (14ms)
/home/peaches/anaconda3/bin/python: No module named dvc

[version: 1.2.29, 2025-11-27T13:07:46.539Z, pid: 0] > dvc --version - INITIALIZED
[version: 1.2.29, 2025-11-27T13:07:46.540Z, pid: 0] > dvc --version - FAILED (5ms)
Command failed with ENOENT: dvc --version
spawn dvc ENOENT
[version: 1.2.29, 2025-11-27T13:07:51.547Z, pid: 75495] > /home/peaches/anaconda3/bin/python -m dvc --version - INITIALIZED
[version: 1.2.29, 2025-11-27T13:07:51.556Z, pid: 75495] > /home/peaches/anaconda3/bin/python -m dvc --version - FAILED with code 1 (15ms)
/home/peaches/anaconda3/bin/python: No module named dvc

[version: 1.2.29, 2025-11-27T13:07:51.560Z, pid: 0] > dvc --version - INITIALIZED
[version: 1.2.29, 2025-11-27T13:07:51.561Z, pid: 0] > dvc --version - FAILED (4ms)
Command failed with ENOENT: dvc --version
spawn dvc ENOENT
[version: 1.2.29, 2025-11-27T13:07:56.568Z, pid: 75498] > /home/peaches/anaconda3/bin/python -m dvc --version - INITIALIZED
[version: 1.2.29, 2025-11-27T13:07:56.577Z, pid: 75498] > /home/peaches/anaconda3/bin/python -m dvc --version - FAILED with code 1 (16ms)
/home/peaches/anaconda3/bin/python: No module named dvc

[version: 1.2.29, 2025-11-27T13:07:56.582Z, pid: 0] > dvc --version - INITIALIZED
[version: 1.2.29, 2025-11-27T13:07:56.582Z, pid: 0] > dvc --version - FAILED (4ms)
Command failed with ENOENT: dvc --version
spawn dvc ENOENT
[version: 1.2.29, 2025-11-27T13:08:01.589Z, pid: 75501] > /home/peaches/anaconda3/bin/python -m dvc --version - INITIALIZED
[version: 1.2.29, 2025-11-27T13:08:01.598Z, pid: 75501] > /home/peaches/anaconda3/bin/python -m dvc --version - FAILED with code 1 (16ms)
/home/peaches/anaconda3/bin/python: No module named dvc

[version: 1.2.29, 2025-11-27T13:08:01.603Z, pid: 0] > dvc --version - INITIALIZED
[version: 1.2.29, 2025-11-27T13:08:01.603Z, pid: 0] > dvc --version - FAILED (4ms)
Command failed with ENOENT: dvc --version
spawn dvc ENOENT
[version: 1.2.29, 2025-11-27T13:08:06.609Z, pid: 75504] > /home/peaches/anaconda3/bin/python -m dvc --version - INITIALIZED
[version: 1.2.29, 2025-11-27T13:08:06.618Z, pid: 75504] > /home/peaches/anaconda3/bin/python -m dvc --version - FAILED with code 1 (14ms)
/home/peaches/anaconda3/bin/python: No module named dvc

[version: 1.2.29, 2025-11-27T13:08:06.623Z, pid: 0] > dvc --version - INITIALIZED
[version: 1.2.29, 2025-11-27T13:08:06.624Z, pid: 0] > dvc --version - FAILED (5ms)
Command failed with ENOENT: dvc --version
spawn dvc ENOENT
[version: 1.2.29, 2025-11-27T13:08:11.629Z, pid: 75510] > /home/peaches/anaconda3/bin/python -m dvc --version - INITIALIZED
[version: 1.2.29, 2025-11-27T13:08:11.639Z, pid: 75510] > /home/peaches/anaconda3/bin/python -m dvc --version - FAILED with code 1 (14ms)
/home/peaches/anaconda3/bin/python: No module named dvc

[version: 1.2.29, 2025-11-27T13:08:11.643Z, pid: 0] > dvc --version - INITIALIZED
[version: 1.2.29, 2025-11-27T13:08:11.644Z, pid: 0] > dvc --version - FAILED (5ms)
Command failed with ENOENT: dvc --version
spawn dvc ENOENT
[version: 1.2.29, 2025-11-27T13:08:16.649Z, pid: 75512] > /home/peaches/anaconda3/bin/python -m dvc --version - INITIALIZED
[version: 1.2.29, 2025-11-27T13:08:16.658Z, pid: 75512] > /home/peaches/anaconda3/bin/python -m dvc --version - FAILED with code 1 (14ms)
/home/peaches/anaconda3/bin/python: No module named dvc

[version: 1.2.29, 2025-11-27T13:08:16.663Z, pid: 0] > dvc --version - INITIALIZED
[version: 1.2.29, 2025-11-27T13:08:16.664Z, pid: 0] > dvc --version - FAILED (4ms)
Command failed with ENOENT: dvc --version
spawn dvc ENOENT
[version: 1.2.29, 2025-11-27T13:08:21.670Z, pid: 75514] > /home/peaches/anaconda3/bin/python -m dvc --version - INITIALIZED
[version: 1.2.29, 2025-11-27T13:08:21.679Z, pid: 75514] > /home/peaches/anaconda3/bin/python -m dvc --version - FAILED with code 1 (15ms)
/home/peaches/anaconda3/bin/python: No module named dvc

[version: 1.2.29, 2025-11-27T13:08:21.684Z, pid: 0] > dvc --version - INITIALIZED
[version: 1.2.29, 2025-11-27T13:08:21.684Z, pid: 0] > dvc --version - FAILED (5ms)
Command failed with ENOENT: dvc --version
spawn dvc ENOENT
[version: 1.2.29, 2025-11-27T13:08:26.690Z, pid: 75516] > /home/peaches/anaconda3/bin/python -m dvc --version - INITIALIZED
[version: 1.2.29, 2025-11-27T13:08:26.700Z, pid: 75516] > /home/peaches/anaconda3/bin/python -m dvc --version - FAILED with code 1 (15ms)
/home/peaches/anaconda3/bin/python: No module named dvc

[version: 1.2.29, 2025-11-27T13:08:26.704Z, pid: 0] > dvc --version - INITIALIZED
[version: 1.2.29, 2025-11-27T13:08:26.705Z, pid: 0] > dvc --version - FAILED (5ms)
Command failed with ENOENT: dvc --version
spawn dvc ENOENT
[version: 1.2.29, 2025-11-27T13:08:31.711Z, pid: 75518] > /home/peaches/anaconda3/bin/python -m dvc --version - INITIALIZED
[version: 1.2.29, 2025-11-27T13:08:31.720Z, pid: 75518] > /home/peaches/anaconda3/bin/python -m dvc --version - FAILED with code 1 (15ms)
/home/peaches/anaconda3/bin/python: No module named dvc

[version: 1.2.29, 2025-11-27T13:08:31.724Z, pid: 0] > dvc --version - INITIALIZED
[version: 1.2.29, 2025-11-27T13:08:31.725Z, pid: 0] > dvc --version - FAILED (5ms)
Command failed with ENOENT: dvc --version
spawn dvc ENOENT
[version: 1.2.29, 2025-11-27T13:08:36.731Z, pid: 75520] > /home/peaches/anaconda3/bin/python -m dvc --version - INITIALIZED
[version: 1.2.29, 2025-11-27T13:08:36.740Z, pid: 75520] > /home/peaches/anaconda3/bin/python -m dvc --version - FAILED with code 1 (15ms)
/home/peaches/anaconda3/bin/python: No module named dvc

[version: 1.2.29, 2025-11-27T13:08:36.745Z, pid: 0] > dvc --version - INITIALIZED
[version: 1.2.29, 2025-11-27T13:08:36.746Z, pid: 0] > dvc --version - FAILED (5ms)
Command failed with ENOENT: dvc --version
spawn dvc ENOENT
[version: 1.2.29, 2025-11-27T13:08:41.752Z, pid: 75523] > /home/peaches/anaconda3/bin/python -m dvc --version - INITIALIZED
[version: 1.2.29, 2025-11-27T13:08:41.761Z, pid: 75523] > /home/peaches/anaconda3/bin/python -m dvc --version - FAILED with code 1 (14ms)
/home/peaches/anaconda3/bin/python: No module named dvc

[version: 1.2.29, 2025-11-27T13:08:41.766Z, pid: 0] > dvc --version - INITIALIZED
[version: 1.2.29, 2025-11-27T13:08:41.767Z, pid: 0] > dvc --version - FAILED (5ms)
Command failed with ENOENT: dvc --version
spawn dvc ENOENT
[version: 1.2.29, 2025-11-27T13:08:46.772Z, pid: 75525] > /home/peaches/anaconda3/bin/python -m dvc --version - INITIALIZED
[version: 1.2.29, 2025-11-27T13:08:46.781Z, pid: 75525] > /home/peaches/anaconda3/bin/python -m dvc --version - FAILED with code 1 (14ms)
/home/peaches/anaconda3/bin/python: No module named dvc

[version: 1.2.29, 2025-11-27T13:08:46.785Z, pid: 0] > dvc --version - INITIALIZED
[version: 1.2.29, 2025-11-27T13:08:46.786Z, pid: 0] > dvc --version - FAILED (5ms)
Command failed with ENOENT: dvc --version
spawn dvc ENOENT
[version: 1.2.29, 2025-11-27T13:08:51.793Z, pid: 75529] > /home/peaches/anaconda3/bin/python -m dvc --version - INITIALIZED
[version: 1.2.29, 2025-11-27T13:08:51.802Z, pid: 75529] > /home/peaches/anaconda3/bin/python -m dvc --version - FAILED with code 1 (15ms)
/home/peaches/anaconda3/bin/python: No module named dvc

[version: 1.2.29, 2025-11-27T13:08:51.807Z, pid: 0] > dvc --version - INITIALIZED
[version: 1.2.29, 2025-11-27T13:08:51.808Z, pid: 0] > dvc --version - FAILED (4ms)
Command failed with ENOENT: dvc --version
spawn dvc ENOENT
[version: 1.2.29, 2025-11-27T13:08:56.813Z, pid: 75531] > /home/peaches/anaconda3/bin/python -m dvc --version - INITIALIZED
[version: 1.2.29, 2025-11-27T13:08:56.823Z, pid: 75531] > /home/peaches/anaconda3/bin/python -m dvc --version - FAILED with code 1 (14ms)
/home/peaches/anaconda3/bin/python: No module named dvc

[version: 1.2.29, 2025-11-27T13:08:56.827Z, pid: 0] > dvc --version - INITIALIZED
[version: 1.2.29, 2025-11-27T13:08:56.828Z, pid: 0] > dvc --version - FAILED (5ms)
Command failed with ENOENT: dvc --version
spawn dvc ENOENT
[version: 1.2.29, 2025-11-27T13:09:01.835Z, pid: 75533] > /home/peaches/anaconda3/bin/python -m dvc --version - INITIALIZED
[version: 1.2.29, 2025-11-27T13:09:01.844Z, pid: 75533] > /home/peaches/anaconda3/bin/python -m dvc --version - FAILED with code 1 (16ms)
/home/peaches/anaconda3/bin/python: No module named dvc

[version: 1.2.29, 2025-11-27T13:09:01.849Z, pid: 0] > dvc --version - INITIALIZED
[version: 1.2.29, 2025-11-27T13:09:01.849Z, pid: 0] > dvc --version - FAILED (5ms)
Command failed with ENOENT: dvc --version
spawn dvc ENOENT
[version: 1.2.29, 2025-11-27T13:09:06.854Z, pid: 75535] > /home/peaches/anaconda3/bin/python -m dvc --version - INITIALIZED
[version: 1.2.29, 2025-11-27T13:09:06.863Z, pid: 75535] > /home/peaches/anaconda3/bin/python -m dvc --version - FAILED with code 1 (14ms)
/home/peaches/anaconda3/bin/python: No module named dvc

[version: 1.2.29, 2025-11-27T13:09:06.868Z, pid: 0] > dvc --version - INITIALIZED
[version: 1.2.29, 2025-11-27T13:09:06.868Z, pid: 0] > dvc --version - FAILED (4ms)
Command failed with ENOENT: dvc --version
spawn dvc ENOENT
[version: 1.2.29, 2025-11-27T13:09:11.873Z, pid: 75537] > /home/peaches/anaconda3/bin/python -m dvc --version - INITIALIZED
[version: 1.2.29, 2025-11-27T13:09:11.882Z, pid: 75537] > /home/peaches/anaconda3/bin/python -m dvc --version - FAILED with code 1 (14ms)
/home/peaches/anaconda3/bin/python: No module named dvc

[version: 1.2.29, 2025-11-27T13:09:11.887Z, pid: 0] > dvc --version - INITIALIZED
[version: 1.2.29, 2025-11-27T13:09:11.888Z, pid: 0] > dvc --version - FAILED (6ms)
Command failed with ENOENT: dvc --version
spawn dvc ENOENT
[version: 1.2.29, 2025-11-27T13:09:16.893Z, pid: 75539] > /home/peaches/anaconda3/bin/python -m dvc --version - INITIALIZED
[version: 1.2.29, 2025-11-27T13:09:16.903Z, pid: 75539] > /home/peaches/anaconda3/bin/python -m dvc --version - FAILED with code 1 (15ms)
/home/peaches/anaconda3/bin/python: No module named dvc

[version: 1.2.29, 2025-11-27T13:09:16.907Z, pid: 0] > dvc --version - INITIALIZED
[version: 1.2.29, 2025-11-27T13:09:16.908Z, pid: 0] > dvc --version - FAILED (5ms)
Command failed with ENOENT: dvc --version
spawn dvc ENOENT
[version: 1.2.29, 2025-11-27T13:09:21.913Z, pid: 75541] > /home/peaches/anaconda3/bin/python -m dvc --version - INITIALIZED
[version: 1.2.29, 2025-11-27T13:09:21.922Z, pid: 75541] > /home/peaches/anaconda3/bin/python -m dvc --version - FAILED with code 1 (14ms)
/home/peaches/anaconda3/bin/python: No module named dvc

[version: 1.2.29, 2025-11-27T13:09:21.927Z, pid: 0] > dvc --version - INITIALIZED
[version: 1.2.29, 2025-11-27T13:09:21.928Z, pid: 0] > dvc --version - FAILED (5ms)
Command failed with ENOENT: dvc --version
spawn dvc ENOENT
[version: 1.2.29, 2025-11-27T13:09:26.934Z, pid: 75543] > /home/peaches/anaconda3/bin/python -m dvc --version - INITIALIZED
[version: 1.2.29, 2025-11-27T13:09:26.943Z, pid: 75543] > /home/peaches/anaconda3/bin/python -m dvc --version - FAILED with code 1 (15ms)
/home/peaches/anaconda3/bin/python: No module named dvc

[version: 1.2.29, 2025-11-27T13:09:26.947Z, pid: 0] > dvc --version - INITIALIZED
[version: 1.2.29, 2025-11-27T13:09:26.948Z, pid: 0] > dvc --version - FAILED (5ms)
Command failed with ENOENT: dvc --version
spawn dvc ENOENT
[version: 1.2.29, 2025-11-27T13:09:31.954Z, pid: 75545] > /home/peaches/anaconda3/bin/python -m dvc --version - INITIALIZED
[version: 1.2.29, 2025-11-27T13:09:31.963Z, pid: 75545] > /home/peaches/anaconda3/bin/python -m dvc --version - FAILED with code 1 (14ms)
/home/peaches/anaconda3/bin/python: No module named dvc

[version: 1.2.29, 2025-11-27T13:09:31.968Z, pid: 0] > dvc --version - INITIALIZED
[version: 1.2.29, 2025-11-27T13:09:31.968Z, pid: 0] > dvc --version - FAILED (4ms)
Command failed with ENOENT: dvc --version
spawn dvc ENOENT
[version: 1.2.29, 2025-11-27T13:09:36.973Z, pid: 75547] > /home/peaches/anaconda3/bin/python -m dvc --version - INITIALIZED
[version: 1.2.29, 2025-11-27T13:09:36.983Z, pid: 75547] > /home/peaches/anaconda3/bin/python -m dvc --version - FAILED with code 1 (15ms)
/home/peaches/anaconda3/bin/python: No module named dvc

[version: 1.2.29, 2025-11-27T13:09:36.987Z, pid: 0] > dvc --version - INITIALIZED
[version: 1.2.29, 2025-11-27T13:09:36.988Z, pid: 0] > dvc --version - FAILED (5ms)
Command failed with ENOENT: dvc --version
spawn dvc ENOENT
[version: 1.2.29, 2025-11-27T13:09:41.995Z, pid: 75549] > /home/peaches/anaconda3/bin/python -m dvc --version - INITIALIZED
[version: 1.2.29, 2025-11-27T13:09:42.004Z, pid: 75549] > /home/peaches/anaconda3/bin/python -m dvc --version - FAILED with code 1 (16ms)
/home/peaches/anaconda3/bin/python: No module named dvc

[version: 1.2.29, 2025-11-27T13:09:42.008Z, pid: 0] > dvc --version - INITIALIZED
[version: 1.2.29, 2025-11-27T13:09:42.009Z, pid: 0] > dvc --version - FAILED (5ms)
Command failed with ENOENT: dvc --version
spawn dvc ENOENT
[version: 1.2.29, 2025-11-27T13:09:47.014Z, pid: 75551] > /home/peaches/anaconda3/bin/python -m dvc --version - INITIALIZED
[version: 1.2.29, 2025-11-27T13:09:47.023Z, pid: 75551] > /home/peaches/anaconda3/bin/python -m dvc --version - FAILED with code 1 (13ms)
/home/peaches/anaconda3/bin/python: No module named dvc

[version: 1.2.29, 2025-11-27T13:09:47.028Z, pid: 0] > dvc --version - INITIALIZED
[version: 1.2.29, 2025-11-27T13:09:47.029Z, pid: 0] > dvc --version - FAILED (5ms)
Command failed with ENOENT: dvc --version
spawn dvc ENOENT
[version: 1.2.29, 2025-11-27T13:09:52.036Z, pid: 75555] > /home/peaches/anaconda3/bin/python -m dvc --version - INITIALIZED
[version: 1.2.29, 2025-11-27T13:09:52.045Z, pid: 75555] > /home/peaches/anaconda3/bin/python -m dvc --version - FAILED with code 1 (15ms)
/home/peaches/anaconda3/bin/python: No module named dvc

[version: 1.2.29, 2025-11-27T13:09:52.050Z, pid: 0] > dvc --version - INITIALIZED
[version: 1.2.29, 2025-11-27T13:09:52.050Z, pid: 0] > dvc --version - FAILED (5ms)
Command failed with ENOENT: dvc --version
spawn dvc ENOENT
[version: 1.2.29, 2025-11-27T13:09:57.056Z, pid: 75557] > /home/peaches/anaconda3/bin/python -m dvc --version - INITIALIZED
[version: 1.2.29, 2025-11-27T13:09:57.066Z, pid: 75557] > /home/peaches/anaconda3/bin/python -m dvc --version - FAILED with code 1 (15ms)
/home/peaches/anaconda3/bin/python: No module named dvc

[version: 1.2.29, 2025-11-27T13:09:57.070Z, pid: 0] > dvc --version - INITIALIZED
[version: 1.2.29, 2025-11-27T13:09:57.071Z, pid: 0] > dvc --version - FAILED (5ms)
Command failed with ENOENT: dvc --version
spawn dvc ENOENT
[version: 1.2.29, 2025-11-27T13:10:02.078Z, pid: 75559] > /home/peaches/anaconda3/bin/python -m dvc --version - INITIALIZED
[version: 1.2.29, 2025-11-27T13:10:02.088Z, pid: 75559] > /home/peaches/anaconda3/bin/python -m dvc --version - FAILED with code 1 (16ms)
/home/peaches/anaconda3/bin/python: No module named dvc

[version: 1.2.29, 2025-11-27T13:10:02.093Z, pid: 0] > dvc --version - INITIALIZED
[version: 1.2.29, 2025-11-27T13:10:02.094Z, pid: 0] > dvc --version - FAILED (6ms)
Command failed with ENOENT: dvc --version
spawn dvc ENOENT
[version: 1.2.29, 2025-11-27T13:10:07.100Z, pid: 75561] > /home/peaches/anaconda3/bin/python -m dvc --version - INITIALIZED
[version: 1.2.29, 2025-11-27T13:10:07.110Z, pid: 75561] > /home/peaches/anaconda3/bin/python -m dvc --version - FAILED with code 1 (15ms)
/home/peaches/anaconda3/bin/python: No module named dvc

[version: 1.2.29, 2025-11-27T13:10:07.114Z, pid: 0] > dvc --version - INITIALIZED
[version: 1.2.29, 2025-11-27T13:10:07.115Z, pid: 0] > dvc --version - FAILED (5ms)
Command failed with ENOENT: dvc --version
spawn dvc ENOENT
[version: 1.2.29, 2025-11-27T13:10:12.120Z, pid: 75563] > /home/peaches/anaconda3/bin/python -m dvc --version - INITIALIZED
[version: 1.2.29, 2025-11-27T13:10:12.130Z, pid: 75563] > /home/peaches/anaconda3/bin/python -m dvc --version - FAILED with code 1 (15ms)
/home/peaches/anaconda3/bin/python: No module named dvc

[version: 1.2.29, 2025-11-27T13:10:12.134Z, pid: 0] > dvc --version - INITIALIZED
[version: 1.2.29, 2025-11-27T13:10:12.135Z, pid: 0] > dvc --version - FAILED (5ms)
Command failed with ENOENT: dvc --version
spawn dvc ENOENT
[version: 1.2.29, 2025-11-27T13:10:17.142Z, pid: 75565] > /home/peaches/anaconda3/bin/python -m dvc --version - INITIALIZED
[version: 1.2.29, 2025-11-27T13:10:17.151Z, pid: 75565] > /home/peaches/anaconda3/bin/python -m dvc --version - FAILED with code 1 (15ms)
/home/peaches/anaconda3/bin/python: No module named dvc

[version: 1.2.29, 2025-11-27T13:10:17.155Z, pid: 0] > dvc --version - INITIALIZED
[version: 1.2.29, 2025-11-27T13:10:17.156Z, pid: 0] > dvc --version - FAILED (5ms)
Command failed with ENOENT: dvc --version
spawn dvc ENOENT
[version: 1.2.29, 2025-11-27T13:10:22.163Z, pid: 75567] > /home/peaches/anaconda3/bin/python -m dvc --version - INITIALIZED
[version: 1.2.29, 2025-11-27T13:10:22.172Z, pid: 75567] > /home/peaches/anaconda3/bin/python -m dvc --version - FAILED with code 1 (15ms)
/home/peaches/anaconda3/bin/python: No module named dvc

[version: 1.2.29, 2025-11-27T13:10:22.176Z, pid: 0] > dvc --version - INITIALIZED
[version: 1.2.29, 2025-11-27T13:10:22.177Z, pid: 0] > dvc --version - FAILED (5ms)
Command failed with ENOENT: dvc --version
spawn dvc ENOENT
[version: 1.2.29, 2025-11-27T13:10:27.184Z, pid: 75569] > /home/peaches/anaconda3/bin/python -m dvc --version - INITIALIZED
[version: 1.2.29, 2025-11-27T13:10:27.193Z, pid: 75569] > /home/peaches/anaconda3/bin/python -m dvc --version - FAILED with code 1 (15ms)
/home/peaches/anaconda3/bin/python: No module named dvc

[version: 1.2.29, 2025-11-27T13:10:27.197Z, pid: 0] > dvc --version - INITIALIZED
[version: 1.2.29, 2025-11-27T13:10:27.198Z, pid: 0] > dvc --version - FAILED (5ms)
Command failed with ENOENT: dvc --version
spawn dvc ENOENT
[version: 1.2.29, 2025-11-27T13:10:32.205Z, pid: 75571] > /home/peaches/anaconda3/bin/python -m dvc --version - INITIALIZED
[version: 1.2.29, 2025-11-27T13:10:32.214Z, pid: 75571] > /home/peaches/anaconda3/bin/python -m dvc --version - FAILED with code 1 (16ms)
/home/peaches/anaconda3/bin/python: No module named dvc

[version: 1.2.29, 2025-11-27T13:10:32.219Z, pid: 0] > dvc --version - INITIALIZED
[version: 1.2.29, 2025-11-27T13:10:32.219Z, pid: 0] > dvc --version - FAILED (5ms)
Command failed with ENOENT: dvc --version
spawn dvc ENOENT
[version: 1.2.29, 2025-11-27T13:10:37.225Z, pid: 75573] > /home/peaches/anaconda3/bin/python -m dvc --version - INITIALIZED
[version: 1.2.29, 2025-11-27T13:10:37.235Z, pid: 75573] > /home/peaches/anaconda3/bin/python -m dvc --version - FAILED with code 1 (15ms)
/home/peaches/anaconda3/bin/python: No module named dvc

[version: 1.2.29, 2025-11-27T13:10:37.239Z, pid: 0] > dvc --version - INITIALIZED
[version: 1.2.29, 2025-11-27T13:10:37.240Z, pid: 0] > dvc --version - FAILED (5ms)
Command failed with ENOENT: dvc --version
spawn dvc ENOENT
[version: 1.2.29, 2025-11-27T13:10:42.246Z, pid: 75576] > /home/peaches/anaconda3/bin/python -m dvc --version - INITIALIZED
[version: 1.2.29, 2025-11-27T13:10:42.256Z, pid: 75576] > /home/peaches/anaconda3/bin/python -m dvc --version - FAILED with code 1 (16ms)
/home/peaches/anaconda3/bin/python: No module named dvc

[version: 1.2.29, 2025-11-27T13:10:42.260Z, pid: 0] > dvc --version - INITIALIZED
[version: 1.2.29, 2025-11-27T13:10:42.261Z, pid: 0] > dvc --version - FAILED (5ms)
Command failed with ENOENT: dvc --version
spawn dvc ENOENT
[version: 1.2.29, 2025-11-27T13:10:47.268Z, pid: 75578] > /home/peaches/anaconda3/bin/python -m dvc --version - INITIALIZED
[version: 1.2.29, 2025-11-27T13:10:47.277Z, pid: 75578] > /home/peaches/anaconda3/bin/python -m dvc --version - FAILED with code 1 (15ms)
/home/peaches/anaconda3/bin/python: No module named dvc

[version: 1.2.29, 2025-11-27T13:10:47.282Z, pid: 0] > dvc --version - INITIALIZED
[version: 1.2.29, 2025-11-27T13:10:47.283Z, pid: 0] > dvc --version - FAILED (5ms)
Command failed with ENOENT: dvc --version
spawn dvc ENOENT
[version: 1.2.29, 2025-11-27T13:10:52.288Z, pid: 75582] > /home/peaches/anaconda3/bin/python -m dvc --version - INITIALIZED
[version: 1.2.29, 2025-11-27T13:10:52.298Z, pid: 75582] > /home/peaches/anaconda3/bin/python -m dvc --version - FAILED with code 1 (14ms)
/home/peaches/anaconda3/bin/python: No module named dvc

[version: 1.2.29, 2025-11-27T13:10:52.303Z, pid: 0] > dvc --version - INITIALIZED
[version: 1.2.29, 2025-11-27T13:10:52.303Z, pid: 0] > dvc --version - FAILED (4ms)
Command failed with ENOENT: dvc --version
spawn dvc ENOENT
[version: 1.2.29, 2025-11-27T13:10:57.312Z, pid: 75584] > /home/peaches/anaconda3/bin/python -m dvc --version - INITIALIZED
[version: 1.2.29, 2025-11-27T13:10:57.322Z, pid: 75584] > /home/peaches/anaconda3/bin/python -m dvc --version - FAILED with code 1 (18ms)
/home/peaches/anaconda3/bin/python: No module named dvc

[version: 1.2.29, 2025-11-27T13:10:57.326Z, pid: 0] > dvc --version - INITIALIZED
[version: 1.2.29, 2025-11-27T13:10:57.327Z, pid: 0] > dvc --version - FAILED (5ms)
Command failed with ENOENT: dvc --version
spawn dvc ENOENT
[version: 1.2.29, 2025-11-27T13:11:02.333Z, pid: 75586] > /home/peaches/anaconda3/bin/python -m dvc --version - INITIALIZED
[version: 1.2.29, 2025-11-27T13:11:02.342Z, pid: 75586] > /home/peaches/anaconda3/bin/python -m dvc --version - FAILED with code 1 (14ms)
/home/peaches/anaconda3/bin/python: No module named dvc

[version: 1.2.29, 2025-11-27T13:11:02.347Z, pid: 0] > dvc --version - INITIALIZED
[version: 1.2.29, 2025-11-27T13:11:02.348Z, pid: 0] > dvc --version - FAILED (5ms)
Command failed with ENOENT: dvc --version
spawn dvc ENOENT
[version: 1.2.29, 2025-11-27T13:11:07.354Z, pid: 75588] > /home/peaches/anaconda3/bin/python -m dvc --version - INITIALIZED
[version: 1.2.29, 2025-11-27T13:11:07.364Z, pid: 75588] > /home/peaches/anaconda3/bin/python -m dvc --version - FAILED with code 1 (16ms)
/home/peaches/anaconda3/bin/python: No module named dvc

[version: 1.2.29, 2025-11-27T13:11:07.369Z, pid: 0] > dvc --version - INITIALIZED
[version: 1.2.29, 2025-11-27T13:11:07.370Z, pid: 0] > dvc --version - FAILED (5ms)
Command failed with ENOENT: dvc --version
spawn dvc ENOENT
[version: 1.2.29, 2025-11-27T13:11:12.376Z, pid: 75590] > /home/peaches/anaconda3/bin/python -m dvc --version - INITIALIZED
[version: 1.2.29, 2025-11-27T13:11:12.385Z, pid: 75590] > /home/peaches/anaconda3/bin/python -m dvc --version - FAILED with code 1 (14ms)
/home/peaches/anaconda3/bin/python: No module named dvc

[version: 1.2.29, 2025-11-27T13:11:12.390Z, pid: 0] > dvc --version - INITIALIZED
[version: 1.2.29, 2025-11-27T13:11:12.391Z, pid: 0] > dvc --version - FAILED (5ms)
Command failed with ENOENT: dvc --version
spawn dvc ENOENT
[version: 1.2.29, 2025-11-27T13:11:17.396Z, pid: 75592] > /home/peaches/anaconda3/bin/python -m dvc --version - INITIALIZED
[version: 1.2.29, 2025-11-27T13:11:17.406Z, pid: 75592] > /home/peaches/anaconda3/bin/python -m dvc --version - FAILED with code 1 (14ms)
/home/peaches/anaconda3/bin/python: No module named dvc

[version: 1.2.29, 2025-11-27T13:11:17.410Z, pid: 0] > dvc --version - INITIALIZED
[version: 1.2.29, 2025-11-27T13:11:17.411Z, pid: 0] > dvc --version - FAILED (5ms)
Command failed with ENOENT: dvc --version
spawn dvc ENOENT
[version: 1.2.29, 2025-11-27T13:11:22.417Z, pid: 75594] > /home/peaches/anaconda3/bin/python -m dvc --version - INITIALIZED
[version: 1.2.29, 2025-11-27T13:11:22.426Z, pid: 75594] > /home/peaches/anaconda3/bin/python -m dvc --version - FAILED with code 1 (14ms)
/home/peaches/anaconda3/bin/python: No module named dvc

[version: 1.2.29, 2025-11-27T13:11:22.431Z, pid: 0] > dvc --version - INITIALIZED
[version: 1.2.29, 2025-11-27T13:11:22.432Z, pid: 0] > dvc --version - FAILED (5ms)
Command failed with ENOENT: dvc --version
spawn dvc ENOENT
[version: 1.2.29, 2025-11-27T13:11:27.437Z, pid: 75596] > /home/peaches/anaconda3/bin/python -m dvc --version - INITIALIZED
[version: 1.2.29, 2025-11-27T13:11:27.446Z, pid: 75596] > /home/peaches/anaconda3/bin/python -m dvc --version - FAILED with code 1 (14ms)
/home/peaches/anaconda3/bin/python: No module named dvc

[version: 1.2.29, 2025-11-27T13:11:27.451Z, pid: 0] > dvc --version - INITIALIZED
[version: 1.2.29, 2025-11-27T13:11:27.452Z, pid: 0] > dvc --version - FAILED (4ms)
Command failed with ENOENT: dvc --version
spawn dvc ENOENT
[version: 1.2.29, 2025-11-27T13:11:32.457Z, pid: 75598] > /home/peaches/anaconda3/bin/python -m dvc --version - INITIALIZED
[version: 1.2.29, 2025-11-27T13:11:32.466Z, pid: 75598] > /home/peaches/anaconda3/bin/python -m dvc --version - FAILED with code 1 (14ms)
/home/peaches/anaconda3/bin/python: No module named dvc

[version: 1.2.29, 2025-11-27T13:11:32.471Z, pid: 0] > dvc --version - INITIALIZED
[version: 1.2.29, 2025-11-27T13:11:32.471Z, pid: 0] > dvc --version - FAILED (5ms)
Command failed with ENOENT: dvc --version
spawn dvc ENOENT
[version: 1.2.29, 2025-11-27T13:11:37.478Z, pid: 75601] > /home/peaches/anaconda3/bin/python -m dvc --version - INITIALIZED
[version: 1.2.29, 2025-11-27T13:11:37.487Z, pid: 75601] > /home/peaches/anaconda3/bin/python -m dvc --version - FAILED with code 1 (16ms)
/home/peaches/anaconda3/bin/python: No module named dvc

[version: 1.2.29, 2025-11-27T13:11:37.492Z, pid: 0] > dvc --version - INITIALIZED
[version: 1.2.29, 2025-11-27T13:11:37.492Z, pid: 0] > dvc --version - FAILED (5ms)
Command failed with ENOENT: dvc --version
spawn dvc ENOENT
[version: 1.2.29, 2025-11-27T13:11:42.497Z, pid: 75603] > /home/peaches/anaconda3/bin/python -m dvc --version - INITIALIZED
[version: 1.2.29, 2025-11-27T13:11:42.506Z, pid: 75603] > /home/peaches/anaconda3/bin/python -m dvc --version - FAILED with code 1 (13ms)
/home/peaches/anaconda3/bin/python: No module named dvc

[version: 1.2.29, 2025-11-27T13:11:42.511Z, pid: 0] > dvc --version - INITIALIZED
[version: 1.2.29, 2025-11-27T13:11:42.512Z, pid: 0] > dvc --version - FAILED (5ms)
Command failed with ENOENT: dvc --version
spawn dvc ENOENT
[version: 1.2.29, 2025-11-27T13:11:47.517Z, pid: 75605] > /home/peaches/anaconda3/bin/python -m dvc --version - INITIALIZED
[version: 1.2.29, 2025-11-27T13:11:47.526Z, pid: 75605] > /home/peaches/anaconda3/bin/python -m dvc --version - FAILED with code 1 (14ms)
/home/peaches/anaconda3/bin/python: No module named dvc

[version: 1.2.29, 2025-11-27T13:11:47.531Z, pid: 0] > dvc --version - INITIALIZED
[version: 1.2.29, 2025-11-27T13:11:47.532Z, pid: 0] > dvc --version - FAILED (4ms)
Command failed with ENOENT: dvc --version
spawn dvc ENOENT
[version: 1.2.29, 2025-11-27T13:11:52.536Z, pid: 75609] > /home/peaches/anaconda3/bin/python -m dvc --version - INITIALIZED
[version: 1.2.29, 2025-11-27T13:11:52.546Z, pid: 75609] > /home/peaches/anaconda3/bin/python -m dvc --version - FAILED with code 1 (15ms)
/home/peaches/anaconda3/bin/python: No module named dvc

[version: 1.2.29, 2025-11-27T13:11:52.550Z, pid: 0] > dvc --version - INITIALIZED
[version: 1.2.29, 2025-11-27T13:11:52.551Z, pid: 0] > dvc --version - FAILED (5ms)
Command failed with ENOENT: dvc --version
spawn dvc ENOENT
[version: 1.2.29, 2025-11-27T13:11:57.557Z, pid: 75611] > /home/peaches/anaconda3/bin/python -m dvc --version - INITIALIZED
[version: 1.2.29, 2025-11-27T13:11:57.566Z, pid: 75611] > /home/peaches/anaconda3/bin/python -m dvc --version - FAILED with code 1 (14ms)
/home/peaches/anaconda3/bin/python: No module named dvc

[version: 1.2.29, 2025-11-27T13:11:57.570Z, pid: 0] > dvc --version - INITIALIZED
[version: 1.2.29, 2025-11-27T13:11:57.571Z, pid: 0] > dvc --version - FAILED (5ms)
Command failed with ENOENT: dvc --version
spawn dvc ENOENT
[version: 1.2.29, 2025-11-27T13:12:02.576Z, pid: 75613] > /home/peaches/anaconda3/bin/python -m dvc --version - INITIALIZED
[version: 1.2.29, 2025-11-27T13:12:02.586Z, pid: 75613] > /home/peaches/anaconda3/bin/python -m dvc --version - FAILED with code 1 (15ms)
/home/peaches/anaconda3/bin/python: No module named dvc

[version: 1.2.29, 2025-11-27T13:12:02.591Z, pid: 0] > dvc --version - INITIALIZED
[version: 1.2.29, 2025-11-27T13:12:02.592Z, pid: 0] > dvc --version - FAILED (6ms)
Command failed with ENOENT: dvc --version
spawn dvc ENOENT
[version: 1.2.29, 2025-11-27T13:12:07.598Z, pid: 75616] > /home/peaches/anaconda3/bin/python -m dvc --version - INITIALIZED
[version: 1.2.29, 2025-11-27T13:12:07.608Z, pid: 75616] > /home/peaches/anaconda3/bin/python -m dvc --version - FAILED with code 1 (16ms)
/home/peaches/anaconda3/bin/python: No module named dvc

[version: 1.2.29, 2025-11-27T13:12:07.612Z, pid: 0] > dvc --version - INITIALIZED
[version: 1.2.29, 2025-11-27T13:12:07.613Z, pid: 0] > dvc --version - FAILED (5ms)
Command failed with ENOENT: dvc --version
spawn dvc ENOENT
[version: 1.2.29, 2025-11-27T13:12:12.618Z, pid: 75618] > /home/peaches/anaconda3/bin/python -m dvc --version - INITIALIZED
[version: 1.2.29, 2025-11-27T13:12:12.628Z, pid: 75618] > /home/peaches/anaconda3/bin/python -m dvc --version - FAILED with code 1 (14ms)
/home/peaches/anaconda3/bin/python: No module named dvc

[version: 1.2.29, 2025-11-27T13:12:12.633Z, pid: 0] > dvc --version - INITIALIZED
[version: 1.2.29, 2025-11-27T13:12:12.634Z, pid: 0] > dvc --version - FAILED (5ms)
Command failed with ENOENT: dvc --version
spawn dvc ENOENT
[version: 1.2.29, 2025-11-27T13:12:17.639Z, pid: 75620] > /home/peaches/anaconda3/bin/python -m dvc --version - INITIALIZED
[version: 1.2.29, 2025-11-27T13:12:17.649Z, pid: 75620] > /home/peaches/anaconda3/bin/python -m dvc --version - FAILED with code 1 (14ms)
/home/peaches/anaconda3/bin/python: No module named dvc

[version: 1.2.29, 2025-11-27T13:12:17.653Z, pid: 0] > dvc --version - INITIALIZED
[version: 1.2.29, 2025-11-27T13:12:17.654Z, pid: 0] > dvc --version - FAILED (5ms)
Command failed with ENOENT: dvc --version
spawn dvc ENOENT
[version: 1.2.29, 2025-11-27T13:12:22.660Z, pid: 75622] > /home/peaches/anaconda3/bin/python -m dvc --version - INITIALIZED
[version: 1.2.29, 2025-11-27T13:12:22.669Z, pid: 75622] > /home/peaches/anaconda3/bin/python -m dvc --version - FAILED with code 1 (14ms)
/home/peaches/anaconda3/bin/python: No module named dvc

[version: 1.2.29, 2025-11-27T13:12:22.673Z, pid: 0] > dvc --version - INITIALIZED
[version: 1.2.29, 2025-11-27T13:12:22.674Z, pid: 0] > dvc --version - FAILED (5ms)
Command failed with ENOENT: dvc --version
spawn dvc ENOENT
[version: 1.2.29, 2025-11-27T13:12:27.679Z, pid: 75624] > /home/peaches/anaconda3/bin/python -m dvc --version - INITIALIZED
[version: 1.2.29, 2025-11-27T13:12:27.688Z, pid: 75624] > /home/peaches/anaconda3/bin/python -m dvc --version - FAILED with code 1 (14ms)
/home/peaches/anaconda3/bin/python: No module named dvc

[version: 1.2.29, 2025-11-27T13:12:27.693Z, pid: 0] > dvc --version - INITIALIZED
[version: 1.2.29, 2025-11-27T13:12:27.693Z, pid: 0] > dvc --version - FAILED (4ms)
Command failed with ENOENT: dvc --version
spawn dvc ENOENT
[version: 1.2.29, 2025-11-27T13:12:32.699Z, pid: 75626] > /home/peaches/anaconda3/bin/python -m dvc --version - INITIALIZED
[version: 1.2.29, 2025-11-27T13:12:32.708Z, pid: 75626] > /home/peaches/anaconda3/bin/python -m dvc --version - FAILED with code 1 (15ms)
/home/peaches/anaconda3/bin/python: No module named dvc

[version: 1.2.29, 2025-11-27T13:12:32.713Z, pid: 0] > dvc --version - INITIALIZED
[version: 1.2.29, 2025-11-27T13:12:32.713Z, pid: 0] > dvc --version - FAILED (5ms)
Command failed with ENOENT: dvc --version
spawn dvc ENOENT
[version: 1.2.29, 2025-11-27T13:12:37.719Z, pid: 75628] > /home/peaches/anaconda3/bin/python -m dvc --version - INITIALIZED
[version: 1.2.29, 2025-11-27T13:12:37.730Z, pid: 75628] > /home/peaches/anaconda3/bin/python -m dvc --version - FAILED with code 1 (16ms)
/home/peaches/anaconda3/bin/python: No module named dvc

[version: 1.2.29, 2025-11-27T13:12:37.734Z, pid: 0] > dvc --version - INITIALIZED
[version: 1.2.29, 2025-11-27T13:12:37.735Z, pid: 0] > dvc --version - FAILED (5ms)
Command failed with ENOENT: dvc --version
spawn dvc ENOENT
[version: 1.2.29, 2025-11-27T13:12:42.741Z, pid: 75631] > /home/peaches/anaconda3/bin/python -m dvc --version - INITIALIZED
[version: 1.2.29, 2025-11-27T13:12:42.752Z, pid: 75631] > /home/peaches/anaconda3/bin/python -m dvc --version - FAILED with code 1 (16ms)
/home/peaches/anaconda3/bin/python: No module named dvc

[version: 1.2.29, 2025-11-27T13:12:42.757Z, pid: 0] > dvc --version - INITIALIZED
[version: 1.2.29, 2025-11-27T13:12:42.758Z, pid: 0] > dvc --version - FAILED (5ms)
Command failed with ENOENT: dvc --version
spawn dvc ENOENT
[version: 1.2.29, 2025-11-27T13:12:47.764Z, pid: 75633] > /home/peaches/anaconda3/bin/python -m dvc --version - INITIALIZED
[version: 1.2.29, 2025-11-27T13:12:47.773Z, pid: 75633] > /home/peaches/anaconda3/bin/python -m dvc --version - FAILED with code 1 (14ms)
/home/peaches/anaconda3/bin/python: No module named dvc

[version: 1.2.29, 2025-11-27T13:12:47.778Z, pid: 0] > dvc --version - INITIALIZED
[version: 1.2.29, 2025-11-27T13:12:47.779Z, pid: 0] > dvc --version - FAILED (6ms)
Command failed with ENOENT: dvc --version
spawn dvc ENOENT
[version: 1.2.29, 2025-11-27T13:12:52.785Z, pid: 75637] > /home/peaches/anaconda3/bin/python -m dvc --version - INITIALIZED
[version: 1.2.29, 2025-11-27T13:12:52.795Z, pid: 75637] > /home/peaches/anaconda3/bin/python -m dvc --version - FAILED with code 1 (15ms)
/home/peaches/anaconda3/bin/python: No module named dvc

[version: 1.2.29, 2025-11-27T13:12:52.799Z, pid: 0] > dvc --version - INITIALIZED
[version: 1.2.29, 2025-11-27T13:12:52.800Z, pid: 0] > dvc --version - FAILED (5ms)
Command failed with ENOENT: dvc --version
spawn dvc ENOENT
[version: 1.2.29, 2025-11-27T13:12:57.806Z, pid: 75640] > /home/peaches/anaconda3/bin/python -m dvc --version - INITIALIZED
[version: 1.2.29, 2025-11-27T13:12:57.815Z, pid: 75640] > /home/peaches/anaconda3/bin/python -m dvc --version - FAILED with code 1 (15ms)
/home/peaches/anaconda3/bin/python: No module named dvc

[version: 1.2.29, 2025-11-27T13:12:57.819Z, pid: 0] > dvc --version - INITIALIZED
[version: 1.2.29, 2025-11-27T13:12:57.820Z, pid: 0] > dvc --version - FAILED (5ms)
Command failed with ENOENT: dvc --version
spawn dvc ENOENT
[version: 1.2.29, 2025-11-27T13:13:02.826Z, pid: 75642] > /home/peaches/anaconda3/bin/python -m dvc --version - INITIALIZED
[version: 1.2.29, 2025-11-27T13:13:02.835Z, pid: 75642] > /home/peaches/anaconda3/bin/python -m dvc --version - FAILED with code 1 (15ms)
/home/peaches/anaconda3/bin/python: No module named dvc

[version: 1.2.29, 2025-11-27T13:13:02.839Z, pid: 0] > dvc --version - INITIALIZED
[version: 1.2.29, 2025-11-27T13:13:02.840Z, pid: 0] > dvc --version - FAILED (5ms)
Command failed with ENOENT: dvc --version
spawn dvc ENOENT
[version: 1.2.29, 2025-11-27T13:13:07.846Z, pid: 75645] > /home/peaches/anaconda3/bin/python -m dvc --version - INITIALIZED
[version: 1.2.29, 2025-11-27T13:13:07.855Z, pid: 75645] > /home/peaches/anaconda3/bin/python -m dvc --version - FAILED with code 1 (14ms)
/home/peaches/anaconda3/bin/python: No module named dvc

[version: 1.2.29, 2025-11-27T13:13:07.859Z, pid: 0] > dvc --version - INITIALIZED
[version: 1.2.29, 2025-11-27T13:13:07.860Z, pid: 0] > dvc --version - FAILED (5ms)
Command failed with ENOENT: dvc --version
spawn dvc ENOENT
[version: 1.2.29, 2025-11-27T13:13:12.864Z, pid: 75650] > /home/peaches/anaconda3/bin/python -m dvc --version - INITIALIZED
[version: 1.2.29, 2025-11-27T13:13:12.874Z, pid: 75650] > /home/peaches/anaconda3/bin/python -m dvc --version - FAILED with code 1 (14ms)
/home/peaches/anaconda3/bin/python: No module named dvc

[version: 1.2.29, 2025-11-27T13:13:12.878Z, pid: 0] > dvc --version - INITIALIZED
[version: 1.2.29, 2025-11-27T13:13:12.879Z, pid: 0] > dvc --version - FAILED (5ms)
Command failed with ENOENT: dvc --version
spawn dvc ENOENT
[version: 1.2.29, 2025-11-27T13:13:17.884Z, pid: 75652] > /home/peaches/anaconda3/bin/python -m dvc --version - INITIALIZED
[version: 1.2.29, 2025-11-27T13:13:17.893Z, pid: 75652] > /home/peaches/anaconda3/bin/python -m dvc --version - FAILED with code 1 (14ms)
/home/peaches/anaconda3/bin/python: No module named dvc

[version: 1.2.29, 2025-11-27T13:13:17.898Z, pid: 0] > dvc --version - INITIALIZED
[version: 1.2.29, 2025-11-27T13:13:17.899Z, pid: 0] > dvc --version - FAILED (5ms)
Command failed with ENOENT: dvc --version
spawn dvc ENOENT
[version: 1.2.29, 2025-11-27T13:13:22.904Z, pid: 75654] > /home/peaches/anaconda3/bin/python -m dvc --version - INITIALIZED
[version: 1.2.29, 2025-11-27T13:13:22.913Z, pid: 75654] > /home/peaches/anaconda3/bin/python -m dvc --version - FAILED with code 1 (14ms)
/home/peaches/anaconda3/bin/python: No module named dvc

[version: 1.2.29, 2025-11-27T13:13:22.918Z, pid: 0] > dvc --version - INITIALIZED
[version: 1.2.29, 2025-11-27T13:13:22.919Z, pid: 0] > dvc --version - FAILED (5ms)
Command failed with ENOENT: dvc --version
spawn dvc ENOENT
[version: 1.2.29, 2025-11-27T13:13:27.924Z, pid: 75656] > /home/peaches/anaconda3/bin/python -m dvc --version - INITIALIZED
[version: 1.2.29, 2025-11-27T13:13:27.934Z, pid: 75656] > /home/peaches/anaconda3/bin/python -m dvc --version - FAILED with code 1 (14ms)
/home/peaches/anaconda3/bin/python: No module named dvc

[version: 1.2.29, 2025-11-27T13:13:27.938Z, pid: 0] > dvc --version - INITIALIZED
[version: 1.2.29, 2025-11-27T13:13:27.939Z, pid: 0] > dvc --version - FAILED (5ms)
Command failed with ENOENT: dvc --version
spawn dvc ENOENT
[version: 1.2.29, 2025-11-27T13:13:32.944Z, pid: 75661] > /home/peaches/anaconda3/bin/python -m dvc --version - INITIALIZED
[version: 1.2.29, 2025-11-27T13:13:32.954Z, pid: 75661] > /home/peaches/anaconda3/bin/python -m dvc --version - FAILED with code 1 (14ms)
/home/peaches/anaconda3/bin/python: No module named dvc

[version: 1.2.29, 2025-11-27T13:13:32.958Z, pid: 0] > dvc --version - INITIALIZED
[version: 1.2.29, 2025-11-27T13:13:32.959Z, pid: 0] > dvc --version - FAILED (5ms)
Command failed with ENOENT: dvc --version
spawn dvc ENOENT
[version: 1.2.29, 2025-11-27T13:13:37.965Z, pid: 75663] > /home/peaches/anaconda3/bin/python -m dvc --version - INITIALIZED
[version: 1.2.29, 2025-11-27T13:13:37.974Z, pid: 75663] > /home/peaches/anaconda3/bin/python -m dvc --version - FAILED with code 1 (14ms)
/home/peaches/anaconda3/bin/python: No module named dvc

[version: 1.2.29, 2025-11-27T13:13:37.979Z, pid: 0] > dvc --version - INITIALIZED
[version: 1.2.29, 2025-11-27T13:13:37.979Z, pid: 0] > dvc --version - FAILED (4ms)
Command failed with ENOENT: dvc --version
spawn dvc ENOENT
[version: 1.2.29, 2025-11-27T13:13:42.985Z, pid: 75665] > /home/peaches/anaconda3/bin/python -m dvc --version - INITIALIZED
[version: 1.2.29, 2025-11-27T13:13:42.994Z, pid: 75665] > /home/peaches/anaconda3/bin/python -m dvc --version - FAILED with code 1 (14ms)
/home/peaches/anaconda3/bin/python: No module named dvc

[version: 1.2.29, 2025-11-27T13:13:42.999Z, pid: 0] > dvc --version - INITIALIZED
[version: 1.2.29, 2025-11-27T13:13:43.000Z, pid: 0] > dvc --version - FAILED (5ms)
Command failed with ENOENT: dvc --version
spawn dvc ENOENT
[version: 1.2.29, 2025-11-27T13:13:48.004Z, pid: 75667] > /home/peaches/anaconda3/bin/python -m dvc --version - INITIALIZED
[version: 1.2.29, 2025-11-27T13:13:48.014Z, pid: 75667] > /home/peaches/anaconda3/bin/python -m dvc --version - FAILED with code 1 (14ms)
/home/peaches/anaconda3/bin/python: No module named dvc

[version: 1.2.29, 2025-11-27T13:13:48.018Z, pid: 0] > dvc --version - INITIALIZED
[version: 1.2.29, 2025-11-27T13:13:48.019Z, pid: 0] > dvc --version - FAILED (5ms)
Command failed with ENOENT: dvc --version
spawn dvc ENOENT
[version: 1.2.29, 2025-11-27T13:13:53.024Z, pid: 75671] > /home/peaches/anaconda3/bin/python -m dvc --version - INITIALIZED
[version: 1.2.29, 2025-11-27T13:13:53.034Z, pid: 75671] > /home/peaches/anaconda3/bin/python -m dvc --version - FAILED with code 1 (15ms)
/home/peaches/anaconda3/bin/python: No module named dvc

[version: 1.2.29, 2025-11-27T13:13:53.038Z, pid: 0] > dvc --version - INITIALIZED
[version: 1.2.29, 2025-11-27T13:13:53.039Z, pid: 0] > dvc --version - FAILED (5ms)
Command failed with ENOENT: dvc --version
spawn dvc ENOENT
[version: 1.2.29, 2025-11-27T13:13:58.044Z, pid: 75673] > /home/peaches/anaconda3/bin/python -m dvc --version - INITIALIZED
[version: 1.2.29, 2025-11-27T13:13:58.053Z, pid: 75673] > /home/peaches/anaconda3/bin/python -m dvc --version - FAILED with code 1 (14ms)
/home/peaches/anaconda3/bin/python: No module named dvc

[version: 1.2.29, 2025-11-27T13:13:58.058Z, pid: 0] > dvc --version - INITIALIZED
[version: 1.2.29, 2025-11-27T13:13:58.059Z, pid: 0] > dvc --version - FAILED (6ms)
Command failed with ENOENT: dvc --version
spawn dvc ENOENT
[version: 1.2.29, 2025-11-27T13:14:03.064Z, pid: 75675] > /home/peaches/anaconda3/bin/python -m dvc --version - INITIALIZED
[version: 1.2.29, 2025-11-27T13:14:03.073Z, pid: 75675] > /home/peaches/anaconda3/bin/python -m dvc --version - FAILED with code 1 (14ms)
/home/peaches/anaconda3/bin/python: No module named dvc

[version: 1.2.29, 2025-11-27T13:14:03.078Z, pid: 0] > dvc --version - INITIALIZED
[version: 1.2.29, 2025-11-27T13:14:03.078Z, pid: 0] > dvc --version - FAILED (4ms)
Command failed with ENOENT: dvc --version
spawn dvc ENOENT
[version: 1.2.29, 2025-11-27T13:14:08.084Z, pid: 75677] > /home/peaches/anaconda3/bin/python -m dvc --version - INITIALIZED
[version: 1.2.29, 2025-11-27T13:14:08.094Z, pid: 75677] > /home/peaches/anaconda3/bin/python -m dvc --version - FAILED with code 1 (15ms)
/home/peaches/anaconda3/bin/python: No module named dvc

[version: 1.2.29, 2025-11-27T13:14:08.098Z, pid: 0] > dvc --version - INITIALIZED
[version: 1.2.29, 2025-11-27T13:14:08.099Z, pid: 0] > dvc --version - FAILED (5ms)
Command failed with ENOENT: dvc --version
spawn dvc ENOENT
[version: 1.2.29, 2025-11-27T13:14:13.105Z, pid: 75679] > /home/peaches/anaconda3/bin/python -m dvc --version - INITIALIZED
[version: 1.2.29, 2025-11-27T13:14:13.114Z, pid: 75679] > /home/peaches/anaconda3/bin/python -m dvc --version - FAILED with code 1 (15ms)
/home/peaches/anaconda3/bin/python: No module named dvc

[version: 1.2.29, 2025-11-27T13:14:13.119Z, pid: 0] > dvc --version - INITIALIZED
[version: 1.2.29, 2025-11-27T13:14:13.120Z, pid: 0] > dvc --version - FAILED (4ms)
Command failed with ENOENT: dvc --version
spawn dvc ENOENT
[version: 1.2.29, 2025-11-27T13:14:18.126Z, pid: 75681] > /home/peaches/anaconda3/bin/python -m dvc --version - INITIALIZED
[version: 1.2.29, 2025-11-27T13:14:18.136Z, pid: 75681] > /home/peaches/anaconda3/bin/python -m dvc --version - FAILED with code 1 (17ms)
/home/peaches/anaconda3/bin/python: No module named dvc

[version: 1.2.29, 2025-11-27T13:14:18.140Z, pid: 0] > dvc --version - INITIALIZED
[version: 1.2.29, 2025-11-27T13:14:18.141Z, pid: 0] > dvc --version - FAILED (5ms)
Command failed with ENOENT: dvc --version
spawn dvc ENOENT
[version: 1.2.29, 2025-11-27T13:14:23.148Z, pid: 75683] > /home/peaches/anaconda3/bin/python -m dvc --version - INITIALIZED
[version: 1.2.29, 2025-11-27T13:14:23.157Z, pid: 75683] > /home/peaches/anaconda3/bin/python -m dvc --version - FAILED with code 1 (15ms)
/home/peaches/anaconda3/bin/python: No module named dvc

[version: 1.2.29, 2025-11-27T13:14:23.162Z, pid: 0] > dvc --version - INITIALIZED
[version: 1.2.29, 2025-11-27T13:14:23.163Z, pid: 0] > dvc --version - FAILED (5ms)
Command failed with ENOENT: dvc --version
spawn dvc ENOENT
[version: 1.2.29, 2025-11-27T13:14:28.169Z, pid: 75685] > /home/peaches/anaconda3/bin/python -m dvc --version - INITIALIZED
[version: 1.2.29, 2025-11-27T13:14:28.178Z, pid: 75685] > /home/peaches/anaconda3/bin/python -m dvc --version - FAILED with code 1 (15ms)
/home/peaches/anaconda3/bin/python: No module named dvc

[version: 1.2.29, 2025-11-27T13:14:28.183Z, pid: 0] > dvc --version - INITIALIZED
[version: 1.2.29, 2025-11-27T13:14:28.184Z, pid: 0] > dvc --version - FAILED (5ms)
Command failed with ENOENT: dvc --version
spawn dvc ENOENT
[version: 1.2.29, 2025-11-27T13:14:33.190Z, pid: 75687] > /home/peaches/anaconda3/bin/python -m dvc --version - INITIALIZED
[version: 1.2.29, 2025-11-27T13:14:33.200Z, pid: 75687] > /home/peaches/anaconda3/bin/python -m dvc --version - FAILED with code 1 (16ms)
/home/peaches/anaconda3/bin/python: No module named dvc

[version: 1.2.29, 2025-11-27T13:14:33.204Z, pid: 0] > dvc --version - INITIALIZED
[version: 1.2.29, 2025-11-27T13:14:33.205Z, pid: 0] > dvc --version - FAILED (5ms)
Command failed with ENOENT: dvc --version
spawn dvc ENOENT
[version: 1.2.29, 2025-11-27T13:14:38.210Z, pid: 75689] > /home/peaches/anaconda3/bin/python -m dvc --version - INITIALIZED
[version: 1.2.29, 2025-11-27T13:14:38.220Z, pid: 75689] > /home/peaches/anaconda3/bin/python -m dvc --version - FAILED with code 1 (14ms)
/home/peaches/anaconda3/bin/python: No module named dvc

[version: 1.2.29, 2025-11-27T13:14:38.224Z, pid: 0] > dvc --version - INITIALIZED
[version: 1.2.29, 2025-11-27T13:14:38.225Z, pid: 0] > dvc --version - FAILED (5ms)
Command failed with ENOENT: dvc --version
spawn dvc ENOENT
[version: 1.2.29, 2025-11-27T13:14:43.231Z, pid: 75693] > /home/peaches/anaconda3/bin/python -m dvc --version - INITIALIZED
[version: 1.2.29, 2025-11-27T13:14:43.240Z, pid: 75693] > /home/peaches/anaconda3/bin/python -m dvc --version - FAILED with code 1 (15ms)
/home/peaches/anaconda3/bin/python: No module named dvc

[version: 1.2.29, 2025-11-27T13:14:43.245Z, pid: 0] > dvc --version - INITIALIZED
[version: 1.2.29, 2025-11-27T13:14:43.246Z, pid: 0] > dvc --version - FAILED (4ms)
Command failed with ENOENT: dvc --version
spawn dvc ENOENT
[version: 1.2.29, 2025-11-27T13:14:48.251Z, pid: 75695] > /home/peaches/anaconda3/bin/python -m dvc --version - INITIALIZED
[version: 1.2.29, 2025-11-27T13:14:48.260Z, pid: 75695] > /home/peaches/anaconda3/bin/python -m dvc --version - FAILED with code 1 (15ms)
/home/peaches/anaconda3/bin/python: No module named dvc

[version: 1.2.29, 2025-11-27T13:14:48.265Z, pid: 0] > dvc --version - INITIALIZED
[version: 1.2.29, 2025-11-27T13:14:48.266Z, pid: 0] > dvc --version - FAILED (5ms)
Command failed with ENOENT: dvc --version
spawn dvc ENOENT
[version: 1.2.29, 2025-11-27T13:14:53.270Z, pid: 75699] > /home/peaches/anaconda3/bin/python -m dvc --version - INITIALIZED
[version: 1.2.29, 2025-11-27T13:14:53.279Z, pid: 75699] > /home/peaches/anaconda3/bin/python -m dvc --version - FAILED with code 1 (14ms)
/home/peaches/anaconda3/bin/python: No module named dvc

[version: 1.2.29, 2025-11-27T13:14:53.284Z, pid: 0] > dvc --version - INITIALIZED
[version: 1.2.29, 2025-11-27T13:14:53.284Z, pid: 0] > dvc --version - FAILED (4ms)
Command failed with ENOENT: dvc --version
spawn dvc ENOENT
[version: 1.2.29, 2025-11-27T13:14:58.289Z, pid: 75701] > /home/peaches/anaconda3/bin/python -m dvc --version - INITIALIZED
[version: 1.2.29, 2025-11-27T13:14:58.298Z, pid: 75701] > /home/peaches/anaconda3/bin/python -m dvc --version - FAILED with code 1 (14ms)
/home/peaches/anaconda3/bin/python: No module named dvc

[version: 1.2.29, 2025-11-27T13:14:58.303Z, pid: 0] > dvc --version - INITIALIZED
[version: 1.2.29, 2025-11-27T13:14:58.304Z, pid: 0] > dvc --version - FAILED (5ms)
Command failed with ENOENT: dvc --version
spawn dvc ENOENT
[version: 1.2.29, 2025-11-27T13:15:03.309Z, pid: 75703] > /home/peaches/anaconda3/bin/python -m dvc --version - INITIALIZED
[version: 1.2.29, 2025-11-27T13:15:03.318Z, pid: 75703] > /home/peaches/anaconda3/bin/python -m dvc --version - FAILED with code 1 (13ms)
/home/peaches/anaconda3/bin/python: No module named dvc

[version: 1.2.29, 2025-11-27T13:15:03.323Z, pid: 0] > dvc --version - INITIALIZED
[version: 1.2.29, 2025-11-27T13:15:03.324Z, pid: 0] > dvc --version - FAILED (5ms)
Command failed with ENOENT: dvc --version
spawn dvc ENOENT
[version: 1.2.29, 2025-11-27T13:15:08.330Z, pid: 75705] > /home/peaches/anaconda3/bin/python -m dvc --version - INITIALIZED
[version: 1.2.29, 2025-11-27T13:15:08.341Z, pid: 75705] > /home/peaches/anaconda3/bin/python -m dvc --version - FAILED with code 1 (17ms)
/home/peaches/anaconda3/bin/python: No module named dvc

[version: 1.2.29, 2025-11-27T13:15:08.346Z, pid: 0] > dvc --version - INITIALIZED
[version: 1.2.29, 2025-11-27T13:15:08.347Z, pid: 0] > dvc --version - FAILED (5ms)
Command failed with ENOENT: dvc --version
spawn dvc ENOENT
[version: 1.2.29, 2025-11-27T13:15:13.353Z, pid: 75707] > /home/peaches/anaconda3/bin/python -m dvc --version - INITIALIZED
[version: 1.2.29, 2025-11-27T13:15:13.363Z, pid: 75707] > /home/peaches/anaconda3/bin/python -m dvc --version - FAILED with code 1 (16ms)
/home/peaches/anaconda3/bin/python: No module named dvc

[version: 1.2.29, 2025-11-27T13:15:13.368Z, pid: 0] > dvc --version - INITIALIZED
[version: 1.2.29, 2025-11-27T13:15:13.368Z, pid: 0] > dvc --version - FAILED (5ms)
Command failed with ENOENT: dvc --version
spawn dvc ENOENT
[version: 1.2.29, 2025-11-27T13:15:18.373Z, pid: 75709] > /home/peaches/anaconda3/bin/python -m dvc --version - INITIALIZED
[version: 1.2.29, 2025-11-27T13:15:18.384Z, pid: 75709] > /home/peaches/anaconda3/bin/python -m dvc --version - FAILED with code 1 (16ms)
/home/peaches/anaconda3/bin/python: No module named dvc

[version: 1.2.29, 2025-11-27T13:15:18.388Z, pid: 0] > dvc --version - INITIALIZED
[version: 1.2.29, 2025-11-27T13:15:18.389Z, pid: 0] > dvc --version - FAILED (5ms)
Command failed with ENOENT: dvc --version
spawn dvc ENOENT
[version: 1.2.29, 2025-11-27T13:15:23.395Z, pid: 75711] > /home/peaches/anaconda3/bin/python -m dvc --version - INITIALIZED
[version: 1.2.29, 2025-11-27T13:15:23.405Z, pid: 75711] > /home/peaches/anaconda3/bin/python -m dvc --version - FAILED with code 1 (15ms)
/home/peaches/anaconda3/bin/python: No module named dvc

[version: 1.2.29, 2025-11-27T13:15:23.410Z, pid: 0] > dvc --version - INITIALIZED
[version: 1.2.29, 2025-11-27T13:15:23.410Z, pid: 0] > dvc --version - FAILED (5ms)
Command failed with ENOENT: dvc --version
spawn dvc ENOENT
[version: 1.2.29, 2025-11-27T13:15:28.417Z, pid: 75713] > /home/peaches/anaconda3/bin/python -m dvc --version - INITIALIZED
[version: 1.2.29, 2025-11-27T13:15:28.426Z, pid: 75713] > /home/peaches/anaconda3/bin/python -m dvc --version - FAILED with code 1 (15ms)
/home/peaches/anaconda3/bin/python: No module named dvc

[version: 1.2.29, 2025-11-27T13:15:28.431Z, pid: 0] > dvc --version - INITIALIZED
[version: 1.2.29, 2025-11-27T13:15:28.432Z, pid: 0] > dvc --version - FAILED (5ms)
Command failed with ENOENT: dvc --version
spawn dvc ENOENT
[version: 1.2.29, 2025-11-27T13:15:33.438Z, pid: 75715] > /home/peaches/anaconda3/bin/python -m dvc --version - INITIALIZED
[version: 1.2.29, 2025-11-27T13:15:33.447Z, pid: 75715] > /home/peaches/anaconda3/bin/python -m dvc --version - FAILED with code 1 (15ms)
/home/peaches/anaconda3/bin/python: No module named dvc

[version: 1.2.29, 2025-11-27T13:15:33.452Z, pid: 0] > dvc --version - INITIALIZED
[version: 1.2.29, 2025-11-27T13:15:33.452Z, pid: 0] > dvc --version - FAILED (4ms)
Command failed with ENOENT: dvc --version
spawn dvc ENOENT
[version: 1.2.29, 2025-11-27T13:15:38.457Z, pid: 75717] > /home/peaches/anaconda3/bin/python -m dvc --version - INITIALIZED
[version: 1.2.29, 2025-11-27T13:15:38.467Z, pid: 75717] > /home/peaches/anaconda3/bin/python -m dvc --version - FAILED with code 1 (14ms)
/home/peaches/anaconda3/bin/python: No module named dvc

[version: 1.2.29, 2025-11-27T13:15:38.472Z, pid: 0] > dvc --version - INITIALIZED
[version: 1.2.29, 2025-11-27T13:15:38.472Z, pid: 0] > dvc --version - FAILED (5ms)
Command failed with ENOENT: dvc --version
spawn dvc ENOENT
[version: 1.2.29, 2025-11-27T13:15:43.477Z, pid: 75719] > /home/peaches/anaconda3/bin/python -m dvc --version - INITIALIZED
[version: 1.2.29, 2025-11-27T13:15:43.487Z, pid: 75719] > /home/peaches/anaconda3/bin/python -m dvc --version - FAILED with code 1 (15ms)
/home/peaches/anaconda3/bin/python: No module named dvc

[version: 1.2.29, 2025-11-27T13:15:43.492Z, pid: 0] > dvc --version - INITIALIZED
[version: 1.2.29, 2025-11-27T13:15:43.493Z, pid: 0] > dvc --version - FAILED (5ms)
Command failed with ENOENT: dvc --version
spawn dvc ENOENT
[version: 1.2.29, 2025-11-27T13:15:48.498Z, pid: 75721] > /home/peaches/anaconda3/bin/python -m dvc --version - INITIALIZED
[version: 1.2.29, 2025-11-27T13:15:48.507Z, pid: 75721] > /home/peaches/anaconda3/bin/python -m dvc --version - FAILED with code 1 (14ms)
/home/peaches/anaconda3/bin/python: No module named dvc

[version: 1.2.29, 2025-11-27T13:15:48.512Z, pid: 0] > dvc --version - INITIALIZED
[version: 1.2.29, 2025-11-27T13:15:48.513Z, pid: 0] > dvc --version - FAILED (5ms)
Command failed with ENOENT: dvc --version
spawn dvc ENOENT
[version: 1.2.29, 2025-11-27T13:15:53.518Z, pid: 75725] > /home/peaches/anaconda3/bin/python -m dvc --version - INITIALIZED
[version: 1.2.29, 2025-11-27T13:15:53.527Z, pid: 75725] > /home/peaches/anaconda3/bin/python -m dvc --version - FAILED with code 1 (14ms)
/home/peaches/anaconda3/bin/python: No module named dvc

[version: 1.2.29, 2025-11-27T13:15:53.532Z, pid: 0] > dvc --version - INITIALIZED
[version: 1.2.29, 2025-11-27T13:15:53.533Z, pid: 0] > dvc --version - FAILED (5ms)
Command failed with ENOENT: dvc --version
spawn dvc ENOENT
[version: 1.2.29, 2025-11-27T13:15:58.538Z, pid: 75727] > /home/peaches/anaconda3/bin/python -m dvc --version - INITIALIZED
[version: 1.2.29, 2025-11-27T13:15:58.547Z, pid: 75727] > /home/peaches/anaconda3/bin/python -m dvc --version - FAILED with code 1 (14ms)
/home/peaches/anaconda3/bin/python: No module named dvc

[version: 1.2.29, 2025-11-27T13:15:58.552Z, pid: 0] > dvc --version - INITIALIZED
[version: 1.2.29, 2025-11-27T13:15:58.553Z, pid: 0] > dvc --version - FAILED (5ms)
Command failed with ENOENT: dvc --version
spawn dvc ENOENT
[version: 1.2.29, 2025-11-27T13:16:03.558Z, pid: 75729] > /home/peaches/anaconda3/bin/python -m dvc --version - INITIALIZED
[version: 1.2.29, 2025-11-27T13:16:03.567Z, pid: 75729] > /home/peaches/anaconda3/bin/python -m dvc --version - FAILED with code 1 (14ms)
/home/peaches/anaconda3/bin/python: No module named dvc

[version: 1.2.29, 2025-11-27T13:16:03.572Z, pid: 0] > dvc --version - INITIALIZED
[version: 1.2.29, 2025-11-27T13:16:03.573Z, pid: 0] > dvc --version - FAILED (4ms)
Command failed with ENOENT: dvc --version
spawn dvc ENOENT
[version: 1.2.29, 2025-11-27T13:16:08.578Z, pid: 75731] > /home/peaches/anaconda3/bin/python -m dvc --version - INITIALIZED
[version: 1.2.29, 2025-11-27T13:16:08.588Z, pid: 75731] > /home/peaches/anaconda3/bin/python -m dvc --version - FAILED with code 1 (15ms)
/home/peaches/anaconda3/bin/python: No module named dvc

[version: 1.2.29, 2025-11-27T13:16:08.593Z, pid: 0] > dvc --version - INITIALIZED
[version: 1.2.29, 2025-11-27T13:16:08.593Z, pid: 0] > dvc --version - FAILED (5ms)
Command failed with ENOENT: dvc --version
spawn dvc ENOENT
[version: 1.2.29, 2025-11-27T13:16:13.600Z, pid: 75733] > /home/peaches/anaconda3/bin/python -m dvc --version - INITIALIZED
[version: 1.2.29, 2025-11-27T13:16:13.609Z, pid: 75733] > /home/peaches/anaconda3/bin/python -m dvc --version - FAILED with code 1 (15ms)
/home/peaches/anaconda3/bin/python: No module named dvc

[version: 1.2.29, 2025-11-27T13:16:13.614Z, pid: 0] > dvc --version - INITIALIZED
[version: 1.2.29, 2025-11-27T13:16:13.615Z, pid: 0] > dvc --version - FAILED (5ms)
Command failed with ENOENT: dvc --version
spawn dvc ENOENT
[version: 1.2.29, 2025-11-27T13:16:18.619Z, pid: 75735] > /home/peaches/anaconda3/bin/python -m dvc --version - INITIALIZED
[version: 1.2.29, 2025-11-27T13:16:18.629Z, pid: 75735] > /home/peaches/anaconda3/bin/python -m dvc --version - FAILED with code 1 (15ms)
/home/peaches/anaconda3/bin/python: No module named dvc

[version: 1.2.29, 2025-11-27T13:16:18.633Z, pid: 0] > dvc --version - INITIALIZED
[version: 1.2.29, 2025-11-27T13:16:18.634Z, pid: 0] > dvc --version - FAILED (5ms)
Command failed with ENOENT: dvc --version
spawn dvc ENOENT
[version: 1.2.29, 2025-11-27T13:16:23.639Z, pid: 75737] > /home/peaches/anaconda3/bin/python -m dvc --version - INITIALIZED
[version: 1.2.29, 2025-11-27T13:16:23.649Z, pid: 75737] > /home/peaches/anaconda3/bin/python -m dvc --version - FAILED with code 1 (14ms)
/home/peaches/anaconda3/bin/python: No module named dvc

[version: 1.2.29, 2025-11-27T13:16:23.653Z, pid: 0] > dvc --version - INITIALIZED
[version: 1.2.29, 2025-11-27T13:16:23.654Z, pid: 0] > dvc --version - FAILED (5ms)
Command failed with ENOENT: dvc --version
spawn dvc ENOENT
[version: 1.2.29, 2025-11-27T13:16:28.659Z, pid: 75739] > /home/peaches/anaconda3/bin/python -m dvc --version - INITIALIZED
[version: 1.2.29, 2025-11-27T13:16:28.668Z, pid: 75739] > /home/peaches/anaconda3/bin/python -m dvc --version - FAILED with code 1 (13ms)
/home/peaches/anaconda3/bin/python: No module named dvc

[version: 1.2.29, 2025-11-27T13:16:28.673Z, pid: 0] > dvc --version - INITIALIZED
[version: 1.2.29, 2025-11-27T13:16:28.674Z, pid: 0] > dvc --version - FAILED (5ms)
Command failed with ENOENT: dvc --version
spawn dvc ENOENT
[version: 1.2.29, 2025-11-27T13:16:33.680Z, pid: 75741] > /home/peaches/anaconda3/bin/python -m dvc --version - INITIALIZED
[version: 1.2.29, 2025-11-27T13:16:33.690Z, pid: 75741] > /home/peaches/anaconda3/bin/python -m dvc --version - FAILED with code 1 (15ms)
/home/peaches/anaconda3/bin/python: No module named dvc

[version: 1.2.29, 2025-11-27T13:16:33.694Z, pid: 0] > dvc --version - INITIALIZED
[version: 1.2.29, 2025-11-27T13:16:33.695Z, pid: 0] > dvc --version - FAILED (5ms)
Command failed with ENOENT: dvc --version
spawn dvc ENOENT
[version: 1.2.29, 2025-11-27T13:16:38.701Z, pid: 75744] > /home/peaches/anaconda3/bin/python -m dvc --version - INITIALIZED
[version: 1.2.29, 2025-11-27T13:16:38.710Z, pid: 75744] > /home/peaches/anaconda3/bin/python -m dvc --version - FAILED with code 1 (14ms)
/home/peaches/anaconda3/bin/python: No module named dvc

[version: 1.2.29, 2025-11-27T13:16:38.714Z, pid: 0] > dvc --version - INITIALIZED
[version: 1.2.29, 2025-11-27T13:16:38.715Z, pid: 0] > dvc --version - FAILED (5ms)
Command failed with ENOENT: dvc --version
spawn dvc ENOENT
[version: 1.2.29, 2025-11-27T13:16:43.721Z, pid: 75748] > /home/peaches/anaconda3/bin/python -m dvc --version - INITIALIZED
[version: 1.2.29, 2025-11-27T13:16:43.730Z, pid: 75748] > /home/peaches/anaconda3/bin/python -m dvc --version - FAILED with code 1 (15ms)
/home/peaches/anaconda3/bin/python: No module named dvc

[version: 1.2.29, 2025-11-27T13:16:43.734Z, pid: 0] > dvc --version - INITIALIZED
[version: 1.2.29, 2025-11-27T13:16:43.735Z, pid: 0] > dvc --version - FAILED (5ms)
Command failed with ENOENT: dvc --version
spawn dvc ENOENT
[version: 1.2.29, 2025-11-27T13:16:48.742Z, pid: 75750] > /home/peaches/anaconda3/bin/python -m dvc --version - INITIALIZED
[version: 1.2.29, 2025-11-27T13:16:48.751Z, pid: 75750] > /home/peaches/anaconda3/bin/python -m dvc --version - FAILED with code 1 (15ms)
/home/peaches/anaconda3/bin/python: No module named dvc

[version: 1.2.29, 2025-11-27T13:16:48.756Z, pid: 0] > dvc --version - INITIALIZED
[version: 1.2.29, 2025-11-27T13:16:48.757Z, pid: 0] > dvc --version - FAILED (6ms)
Command failed with ENOENT: dvc --version
spawn dvc ENOENT
[version: 1.2.29, 2025-11-27T13:16:53.762Z, pid: 75754] > /home/peaches/anaconda3/bin/python -m dvc --version - INITIALIZED
[version: 1.2.29, 2025-11-27T13:16:53.771Z, pid: 75754] > /home/peaches/anaconda3/bin/python -m dvc --version - FAILED with code 1 (14ms)
/home/peaches/anaconda3/bin/python: No module named dvc

[version: 1.2.29, 2025-11-27T13:16:53.776Z, pid: 0] > dvc --version - INITIALIZED
[version: 1.2.29, 2025-11-27T13:16:53.777Z, pid: 0] > dvc --version - FAILED (4ms)
Command failed with ENOENT: dvc --version
spawn dvc ENOENT
[version: 1.2.29, 2025-11-27T13:16:58.784Z, pid: 75756] > /home/peaches/anaconda3/bin/python -m dvc --version - INITIALIZED
[version: 1.2.29, 2025-11-27T13:16:58.793Z, pid: 75756] > /home/peaches/anaconda3/bin/python -m dvc --version - FAILED with code 1 (16ms)
/home/peaches/anaconda3/bin/python: No module named dvc

[version: 1.2.29, 2025-11-27T13:16:58.798Z, pid: 0] > dvc --version - INITIALIZED
[version: 1.2.29, 2025-11-27T13:16:58.799Z, pid: 0] > dvc --version - FAILED (5ms)
Command failed with ENOENT: dvc --version
spawn dvc ENOENT
[version: 1.2.29, 2025-11-27T13:17:03.804Z, pid: 75758] > /home/peaches/anaconda3/bin/python -m dvc --version - INITIALIZED
[version: 1.2.29, 2025-11-27T13:17:03.813Z, pid: 75758] > /home/peaches/anaconda3/bin/python -m dvc --version - FAILED with code 1 (13ms)
/home/peaches/anaconda3/bin/python: No module named dvc

[version: 1.2.29, 2025-11-27T13:17:03.818Z, pid: 0] > dvc --version - INITIALIZED
[version: 1.2.29, 2025-11-27T13:17:03.819Z, pid: 0] > dvc --version - FAILED (4ms)
Command failed with ENOENT: dvc --version
spawn dvc ENOENT
[version: 1.2.29, 2025-11-27T13:17:08.826Z, pid: 75761] > /home/peaches/anaconda3/bin/python -m dvc --version - INITIALIZED
[version: 1.2.29, 2025-11-27T13:17:08.835Z, pid: 75761] > /home/peaches/anaconda3/bin/python -m dvc --version - FAILED with code 1 (15ms)
/home/peaches/anaconda3/bin/python: No module named dvc

[version: 1.2.29, 2025-11-27T13:17:08.840Z, pid: 0] > dvc --version - INITIALIZED
[version: 1.2.29, 2025-11-27T13:17:08.841Z, pid: 0] > dvc --version - FAILED (5ms)
Command failed with ENOENT: dvc --version
spawn dvc ENOENT
[version: 1.2.29, 2025-11-27T13:17:13.846Z, pid: 75763] > /home/peaches/anaconda3/bin/python -m dvc --version - INITIALIZED
[version: 1.2.29, 2025-11-27T13:17:13.855Z, pid: 75763] > /home/peaches/anaconda3/bin/python -m dvc --version - FAILED with code 1 (14ms)
/home/peaches/anaconda3/bin/python: No module named dvc

[version: 1.2.29, 2025-11-27T13:17:13.860Z, pid: 0] > dvc --version - INITIALIZED
[version: 1.2.29, 2025-11-27T13:17:13.861Z, pid: 0] > dvc --version - FAILED (5ms)
Command failed with ENOENT: dvc --version
spawn dvc ENOENT
[version: 1.2.29, 2025-11-27T13:17:18.866Z, pid: 75765] > /home/peaches/anaconda3/bin/python -m dvc --version - INITIALIZED
[version: 1.2.29, 2025-11-27T13:17:18.876Z, pid: 75765] > /home/peaches/anaconda3/bin/python -m dvc --version - FAILED with code 1 (14ms)
/home/peaches/anaconda3/bin/python: No module named dvc

[version: 1.2.29, 2025-11-27T13:17:18.880Z, pid: 0] > dvc --version - INITIALIZED
[version: 1.2.29, 2025-11-27T13:17:18.881Z, pid: 0] > dvc --version - FAILED (5ms)
Command failed with ENOENT: dvc --version
spawn dvc ENOENT
[version: 1.2.29, 2025-11-27T13:17:23.887Z, pid: 75767] > /home/peaches/anaconda3/bin/python -m dvc --version - INITIALIZED
[version: 1.2.29, 2025-11-27T13:17:23.896Z, pid: 75767] > /home/peaches/anaconda3/bin/python -m dvc --version - FAILED with code 1 (14ms)
/home/peaches/anaconda3/bin/python: No module named dvc

[version: 1.2.29, 2025-11-27T13:17:23.900Z, pid: 0] > dvc --version - INITIALIZED
[version: 1.2.29, 2025-11-27T13:17:23.901Z, pid: 0] > dvc --version - FAILED (5ms)
Command failed with ENOENT: dvc --version
spawn dvc ENOENT
[version: 1.2.29, 2025-11-27T13:17:28.907Z, pid: 75769] > /home/peaches/anaconda3/bin/python -m dvc --version - INITIALIZED
[version: 1.2.29, 2025-11-27T13:17:28.916Z, pid: 75769] > /home/peaches/anaconda3/bin/python -m dvc --version - FAILED with code 1 (14ms)
/home/peaches/anaconda3/bin/python: No module named dvc

[version: 1.2.29, 2025-11-27T13:17:28.921Z, pid: 0] > dvc --version - INITIALIZED
[version: 1.2.29, 2025-11-27T13:17:28.921Z, pid: 0] > dvc --version - FAILED (4ms)
Command failed with ENOENT: dvc --version
spawn dvc ENOENT
[version: 1.2.29, 2025-11-27T13:17:33.926Z, pid: 75771] > /home/peaches/anaconda3/bin/python -m dvc --version - INITIALIZED
[version: 1.2.29, 2025-11-27T13:17:33.936Z, pid: 75771] > /home/peaches/anaconda3/bin/python -m dvc --version - FAILED with code 1 (15ms)
/home/peaches/anaconda3/bin/python: No module named dvc

[version: 1.2.29, 2025-11-27T13:17:33.940Z, pid: 0] > dvc --version - INITIALIZED
[version: 1.2.29, 2025-11-27T13:17:33.941Z, pid: 0] > dvc --version - FAILED (5ms)
Command failed with ENOENT: dvc --version
spawn dvc ENOENT
[version: 1.2.29, 2025-11-27T13:17:38.947Z, pid: 75773] > /home/peaches/anaconda3/bin/python -m dvc --version - INITIALIZED
[version: 1.2.29, 2025-11-27T13:17:38.956Z, pid: 75773] > /home/peaches/anaconda3/bin/python -m dvc --version - FAILED with code 1 (14ms)
/home/peaches/anaconda3/bin/python: No module named dvc

[version: 1.2.29, 2025-11-27T13:17:38.961Z, pid: 0] > dvc --version - INITIALIZED
[version: 1.2.29, 2025-11-27T13:17:38.961Z, pid: 0] > dvc --version - FAILED (4ms)
Command failed with ENOENT: dvc --version
spawn dvc ENOENT
[version: 1.2.29, 2025-11-27T13:17:43.967Z, pid: 75775] > /home/peaches/anaconda3/bin/python -m dvc --version - INITIALIZED
[version: 1.2.29, 2025-11-27T13:17:43.977Z, pid: 75775] > /home/peaches/anaconda3/bin/python -m dvc --version - FAILED with code 1 (16ms)
/home/peaches/anaconda3/bin/python: No module named dvc

[version: 1.2.29, 2025-11-27T13:17:43.981Z, pid: 0] > dvc --version - INITIALIZED
[version: 1.2.29, 2025-11-27T13:17:43.982Z, pid: 0] > dvc --version - FAILED (5ms)
Command failed with ENOENT: dvc --version
spawn dvc ENOENT
[version: 1.2.29, 2025-11-27T13:17:48.989Z, pid: 75777] > /home/peaches/anaconda3/bin/python -m dvc --version - INITIALIZED
[version: 1.2.29, 2025-11-27T13:17:48.998Z, pid: 75777] > /home/peaches/anaconda3/bin/python -m dvc --version - FAILED with code 1 (15ms)
/home/peaches/anaconda3/bin/python: No module named dvc

[version: 1.2.29, 2025-11-27T13:17:49.003Z, pid: 0] > dvc --version - INITIALIZED
[version: 1.2.29, 2025-11-27T13:17:49.004Z, pid: 0] > dvc --version - FAILED (5ms)
Command failed with ENOENT: dvc --version
spawn dvc ENOENT
[version: 1.2.29, 2025-11-27T13:17:54.009Z, pid: 75781] > /home/peaches/anaconda3/bin/python -m dvc --version - INITIALIZED
[version: 1.2.29, 2025-11-27T13:17:54.019Z, pid: 75781] > /home/peaches/anaconda3/bin/python -m dvc --version - FAILED with code 1 (14ms)
/home/peaches/anaconda3/bin/python: No module named dvc

[version: 1.2.29, 2025-11-27T13:17:54.023Z, pid: 0] > dvc --version - INITIALIZED
[version: 1.2.29, 2025-11-27T13:17:54.024Z, pid: 0] > dvc --version - FAILED (5ms)
Command failed with ENOENT: dvc --version
spawn dvc ENOENT
[version: 1.2.29, 2025-11-27T13:17:59.030Z, pid: 75784] > /home/peaches/anaconda3/bin/python -m dvc --version - INITIALIZED
[version: 1.2.29, 2025-11-27T13:17:59.040Z, pid: 75784] > /home/peaches/anaconda3/bin/python -m dvc --version - FAILED with code 1 (16ms)
/home/peaches/anaconda3/bin/python: No module named dvc

[version: 1.2.29, 2025-11-27T13:17:59.044Z, pid: 0] > dvc --version - INITIALIZED
[version: 1.2.29, 2025-11-27T13:17:59.045Z, pid: 0] > dvc --version - FAILED (5ms)
Command failed with ENOENT: dvc --version
spawn dvc ENOENT
[version: 1.2.29, 2025-11-27T13:18:04.051Z, pid: 75787] > /home/peaches/anaconda3/bin/python -m dvc --version - INITIALIZED
[version: 1.2.29, 2025-11-27T13:18:04.060Z, pid: 75787] > /home/peaches/anaconda3/bin/python -m dvc --version - FAILED with code 1 (15ms)
/home/peaches/anaconda3/bin/python: No module named dvc

[version: 1.2.29, 2025-11-27T13:18:04.065Z, pid: 0] > dvc --version - INITIALIZED
[version: 1.2.29, 2025-11-27T13:18:04.066Z, pid: 0] > dvc --version - FAILED (5ms)
Command failed with ENOENT: dvc --version
spawn dvc ENOENT
[version: 1.2.29, 2025-11-27T13:18:09.071Z, pid: 75791] > /home/peaches/anaconda3/bin/python -m dvc --version - INITIALIZED
[version: 1.2.29, 2025-11-27T13:18:09.081Z, pid: 75791] > /home/peaches/anaconda3/bin/python -m dvc --version - FAILED with code 1 (15ms)
/home/peaches/anaconda3/bin/python: No module named dvc

[version: 1.2.29, 2025-11-27T13:18:09.085Z, pid: 0] > dvc --version - INITIALIZED
[version: 1.2.29, 2025-11-27T13:18:09.086Z, pid: 0] > dvc --version - FAILED (5ms)
Command failed with ENOENT: dvc --version
spawn dvc ENOENT
[version: 1.2.29, 2025-11-27T13:18:14.092Z, pid: 75794] > /home/peaches/anaconda3/bin/python -m dvc --version - INITIALIZED
[version: 1.2.29, 2025-11-27T13:18:14.102Z, pid: 75794] > /home/peaches/anaconda3/bin/python -m dvc --version - FAILED with code 1 (15ms)
/home/peaches/anaconda3/bin/python: No module named dvc

[version: 1.2.29, 2025-11-27T13:18:14.106Z, pid: 0] > dvc --version - INITIALIZED
[version: 1.2.29, 2025-11-27T13:18:14.107Z, pid: 0] > dvc --version - FAILED (5ms)
Command failed with ENOENT: dvc --version
spawn dvc ENOENT
[version: 1.2.29, 2025-11-27T13:18:19.113Z, pid: 75796] > /home/peaches/anaconda3/bin/python -m dvc --version - INITIALIZED
[version: 1.2.29, 2025-11-27T13:18:19.122Z, pid: 75796] > /home/peaches/anaconda3/bin/python -m dvc --version - FAILED with code 1 (15ms)
/home/peaches/anaconda3/bin/python: No module named dvc

[version: 1.2.29, 2025-11-27T13:18:19.126Z, pid: 0] > dvc --version - INITIALIZED
[version: 1.2.29, 2025-11-27T13:18:19.127Z, pid: 0] > dvc --version - FAILED (5ms)
Command failed with ENOENT: dvc --version
spawn dvc ENOENT
[version: 1.2.29, 2025-11-27T13:18:24.134Z, pid: 75798] > /home/peaches/anaconda3/bin/python -m dvc --version - INITIALIZED
[version: 1.2.29, 2025-11-27T13:18:24.143Z, pid: 75798] > /home/peaches/anaconda3/bin/python -m dvc --version - FAILED with code 1 (16ms)
/home/peaches/anaconda3/bin/python: No module named dvc

[version: 1.2.29, 2025-11-27T13:18:24.147Z, pid: 0] > dvc --version - INITIALIZED
[version: 1.2.29, 2025-11-27T13:18:24.148Z, pid: 0] > dvc --version - FAILED (5ms)
Command failed with ENOENT: dvc --version
spawn dvc ENOENT
[version: 1.2.29, 2025-11-27T13:18:29.154Z, pid: 75800] > /home/peaches/anaconda3/bin/python -m dvc --version - INITIALIZED
[version: 1.2.29, 2025-11-27T13:18:29.163Z, pid: 75800] > /home/peaches/anaconda3/bin/python -m dvc --version - FAILED with code 1 (15ms)
/home/peaches/anaconda3/bin/python: No module named dvc

[version: 1.2.29, 2025-11-27T13:18:29.168Z, pid: 0] > dvc --version - INITIALIZED
[version: 1.2.29, 2025-11-27T13:18:29.169Z, pid: 0] > dvc --version - FAILED (5ms)
Command failed with ENOENT: dvc --version
spawn dvc ENOENT
[version: 1.2.29, 2025-11-27T13:18:34.176Z, pid: 75802] > /home/peaches/anaconda3/bin/python -m dvc --version - INITIALIZED
[version: 1.2.29, 2025-11-27T13:18:34.185Z, pid: 75802] > /home/peaches/anaconda3/bin/python -m dvc --version - FAILED with code 1 (15ms)
/home/peaches/anaconda3/bin/python: No module named dvc

[version: 1.2.29, 2025-11-27T13:18:34.189Z, pid: 0] > dvc --version - INITIALIZED
[version: 1.2.29, 2025-11-27T13:18:34.190Z, pid: 0] > dvc --version - FAILED (5ms)
Command failed with ENOENT: dvc --version
spawn dvc ENOENT
[version: 1.2.29, 2025-11-27T13:18:39.194Z, pid: 75805] > /home/peaches/anaconda3/bin/python -m dvc --version - INITIALIZED
[version: 1.2.29, 2025-11-27T13:18:39.203Z, pid: 75805] > /home/peaches/anaconda3/bin/python -m dvc --version - FAILED with code 1 (12ms)
/home/peaches/anaconda3/bin/python: No module named dvc

[version: 1.2.29, 2025-11-27T13:18:39.208Z, pid: 0] > dvc --version - INITIALIZED
[version: 1.2.29, 2025-11-27T13:18:39.209Z, pid: 0] > dvc --version - FAILED (5ms)
Command failed with ENOENT: dvc --version
spawn dvc ENOENT
[version: 1.2.29, 2025-11-27T13:18:44.215Z, pid: 75807] > /home/peaches/anaconda3/bin/python -m dvc --version - INITIALIZED
[version: 1.2.29, 2025-11-27T13:18:44.224Z, pid: 75807] > /home/peaches/anaconda3/bin/python -m dvc --version - FAILED with code 1 (14ms)
/home/peaches/anaconda3/bin/python: No module named dvc

[version: 1.2.29, 2025-11-27T13:18:44.228Z, pid: 0] > dvc --version - INITIALIZED
[version: 1.2.29, 2025-11-27T13:18:44.229Z, pid: 0] > dvc --version - FAILED (5ms)
Command failed with ENOENT: dvc --version
spawn dvc ENOENT
[version: 1.2.29, 2025-11-27T13:18:49.235Z, pid: 75809] > /home/peaches/anaconda3/bin/python -m dvc --version - INITIALIZED
[version: 1.2.29, 2025-11-27T13:18:49.244Z, pid: 75809] > /home/peaches/anaconda3/bin/python -m dvc --version - FAILED with code 1 (15ms)
/home/peaches/anaconda3/bin/python: No module named dvc

[version: 1.2.29, 2025-11-27T13:18:49.249Z, pid: 0] > dvc --version - INITIALIZED
[version: 1.2.29, 2025-11-27T13:18:49.250Z, pid: 0] > dvc --version - FAILED (4ms)
Command failed with ENOENT: dvc --version
spawn dvc ENOENT
[version: 1.2.29, 2025-11-27T13:18:54.255Z, pid: 75813] > /home/peaches/anaconda3/bin/python -m dvc --version - INITIALIZED
[version: 1.2.29, 2025-11-27T13:18:54.265Z, pid: 75813] > /home/peaches/anaconda3/bin/python -m dvc --version - FAILED with code 1 (14ms)
/home/peaches/anaconda3/bin/python: No module named dvc

[version: 1.2.29, 2025-11-27T13:18:54.270Z, pid: 0] > dvc --version - INITIALIZED
[version: 1.2.29, 2025-11-27T13:18:54.270Z, pid: 0] > dvc --version - FAILED (5ms)
Command failed with ENOENT: dvc --version
spawn dvc ENOENT
[version: 1.2.29, 2025-11-27T13:18:59.277Z, pid: 75815] > /home/peaches/anaconda3/bin/python -m dvc --version - INITIALIZED
[version: 1.2.29, 2025-11-27T13:18:59.286Z, pid: 75815] > /home/peaches/anaconda3/bin/python -m dvc --version - FAILED with code 1 (15ms)
/home/peaches/anaconda3/bin/python: No module named dvc

[version: 1.2.29, 2025-11-27T13:18:59.291Z, pid: 0] > dvc --version - INITIALIZED
[version: 1.2.29, 2025-11-27T13:18:59.292Z, pid: 0] > dvc --version - FAILED (5ms)
Command failed with ENOENT: dvc --version
spawn dvc ENOENT
[version: 1.2.29, 2025-11-27T13:19:04.297Z, pid: 75817] > /home/peaches/anaconda3/bin/python -m dvc --version - INITIALIZED
[version: 1.2.29, 2025-11-27T13:19:04.307Z, pid: 75817] > /home/peaches/anaconda3/bin/python -m dvc --version - FAILED with code 1 (14ms)
/home/peaches/anaconda3/bin/python: No module named dvc

[version: 1.2.29, 2025-11-27T13:19:04.311Z, pid: 0] > dvc --version - INITIALIZED
[version: 1.2.29, 2025-11-27T13:19:04.312Z, pid: 0] > dvc --version - FAILED (5ms)
Command failed with ENOENT: dvc --version
spawn dvc ENOENT
[version: 1.2.29, 2025-11-27T13:19:09.317Z, pid: 75819] > /home/peaches/anaconda3/bin/python -m dvc --version - INITIALIZED
[version: 1.2.29, 2025-11-27T13:19:09.326Z, pid: 75819] > /home/peaches/anaconda3/bin/python -m dvc --version - FAILED with code 1 (13ms)
/home/peaches/anaconda3/bin/python: No module named dvc

[version: 1.2.29, 2025-11-27T13:19:09.331Z, pid: 0] > dvc --version - INITIALIZED
[version: 1.2.29, 2025-11-27T13:19:09.332Z, pid: 0] > dvc --version - FAILED (5ms)
Command failed with ENOENT: dvc --version
spawn dvc ENOENT
[version: 1.2.29, 2025-11-27T13:19:14.338Z, pid: 75821] > /home/peaches/anaconda3/bin/python -m dvc --version - INITIALIZED
[version: 1.2.29, 2025-11-27T13:19:14.347Z, pid: 75821] > /home/peaches/anaconda3/bin/python -m dvc --version - FAILED with code 1 (14ms)
/home/peaches/anaconda3/bin/python: No module named dvc

[version: 1.2.29, 2025-11-27T13:19:14.352Z, pid: 0] > dvc --version - INITIALIZED
[version: 1.2.29, 2025-11-27T13:19:14.353Z, pid: 0] > dvc --version - FAILED (5ms)
Command failed with ENOENT: dvc --version
spawn dvc ENOENT
[version: 1.2.29, 2025-11-27T13:19:19.358Z, pid: 75823] > /home/peaches/anaconda3/bin/python -m dvc --version - INITIALIZED
[version: 1.2.29, 2025-11-27T13:19:19.367Z, pid: 75823] > /home/peaches/anaconda3/bin/python -m dvc --version - FAILED with code 1 (14ms)
/home/peaches/anaconda3/bin/python: No module named dvc

[version: 1.2.29, 2025-11-27T13:19:19.372Z, pid: 0] > dvc --version - INITIALIZED
[version: 1.2.29, 2025-11-27T13:19:19.373Z, pid: 0] > dvc --version - FAILED (5ms)
Command failed with ENOENT: dvc --version
spawn dvc ENOENT
[version: 1.2.29, 2025-11-27T13:19:24.379Z, pid: 75825] > /home/peaches/anaconda3/bin/python -m dvc --version - INITIALIZED
[version: 1.2.29, 2025-11-27T13:19:24.388Z, pid: 75825] > /home/peaches/anaconda3/bin/python -m dvc --version - FAILED with code 1 (14ms)
/home/peaches/anaconda3/bin/python: No module named dvc

[version: 1.2.29, 2025-11-27T13:19:24.393Z, pid: 0] > dvc --version - INITIALIZED
[version: 1.2.29, 2025-11-27T13:19:24.394Z, pid: 0] > dvc --version - FAILED (4ms)
Command failed with ENOENT: dvc --version
spawn dvc ENOENT
[version: 1.2.29, 2025-11-27T13:19:29.400Z, pid: 75827] > /home/peaches/anaconda3/bin/python -m dvc --version - INITIALIZED
[version: 1.2.29, 2025-11-27T13:19:29.409Z, pid: 75827] > /home/peaches/anaconda3/bin/python -m dvc --version - FAILED with code 1 (15ms)
/home/peaches/anaconda3/bin/python: No module named dvc

[version: 1.2.29, 2025-11-27T13:19:29.414Z, pid: 0] > dvc --version - INITIALIZED
[version: 1.2.29, 2025-11-27T13:19:29.415Z, pid: 0] > dvc --version - FAILED (5ms)
Command failed with ENOENT: dvc --version
spawn dvc ENOENT
[version: 1.2.29, 2025-11-27T13:19:34.422Z, pid: 75829] > /home/peaches/anaconda3/bin/python -m dvc --version - INITIALIZED
[version: 1.2.29, 2025-11-27T13:19:34.431Z, pid: 75829] > /home/peaches/anaconda3/bin/python -m dvc --version - FAILED with code 1 (16ms)
/home/peaches/anaconda3/bin/python: No module named dvc

[version: 1.2.29, 2025-11-27T13:19:34.435Z, pid: 0] > dvc --version - INITIALIZED
[version: 1.2.29, 2025-11-27T13:19:34.436Z, pid: 0] > dvc --version - FAILED (5ms)
Command failed with ENOENT: dvc --version
spawn dvc ENOENT
[version: 1.2.29, 2025-11-27T13:19:39.443Z, pid: 75831] > /home/peaches/anaconda3/bin/python -m dvc --version - INITIALIZED
[version: 1.2.29, 2025-11-27T13:19:39.452Z, pid: 75831] > /home/peaches/anaconda3/bin/python -m dvc --version - FAILED with code 1 (15ms)
/home/peaches/anaconda3/bin/python: No module named dvc

[version: 1.2.29, 2025-11-27T13:19:39.457Z, pid: 0] > dvc --version - INITIALIZED
[version: 1.2.29, 2025-11-27T13:19:39.458Z, pid: 0] > dvc --version - FAILED (5ms)
Command failed with ENOENT: dvc --version
spawn dvc ENOENT
[version: 1.2.29, 2025-11-27T13:19:44.465Z, pid: 75833] > /home/peaches/anaconda3/bin/python -m dvc --version - INITIALIZED
[version: 1.2.29, 2025-11-27T13:19:44.475Z, pid: 75833] > /home/peaches/anaconda3/bin/python -m dvc --version - FAILED with code 1 (16ms)
/home/peaches/anaconda3/bin/python: No module named dvc

[version: 1.2.29, 2025-11-27T13:19:44.479Z, pid: 0] > dvc --version - INITIALIZED
[version: 1.2.29, 2025-11-27T13:19:44.480Z, pid: 0] > dvc --version - FAILED (5ms)
Command failed with ENOENT: dvc --version
spawn dvc ENOENT
[version: 1.2.29, 2025-11-27T13:19:49.486Z, pid: 75835] > /home/peaches/anaconda3/bin/python -m dvc --version - INITIALIZED
[version: 1.2.29, 2025-11-27T13:19:49.496Z, pid: 75835] > /home/peaches/anaconda3/bin/python -m dvc --version - FAILED with code 1 (16ms)
/home/peaches/anaconda3/bin/python: No module named dvc

[version: 1.2.29, 2025-11-27T13:19:49.501Z, pid: 0] > dvc --version - INITIALIZED
[version: 1.2.29, 2025-11-27T13:19:49.501Z, pid: 0] > dvc --version - FAILED (5ms)
Command failed with ENOENT: dvc --version
spawn dvc ENOENT
[version: 1.2.29, 2025-11-27T13:19:54.507Z, pid: 75839] > /home/peaches/anaconda3/bin/python -m dvc --version - INITIALIZED
[version: 1.2.29, 2025-11-27T13:19:54.516Z, pid: 75839] > /home/peaches/anaconda3/bin/python -m dvc --version - FAILED with code 1 (15ms)
/home/peaches/anaconda3/bin/python: No module named dvc

[version: 1.2.29, 2025-11-27T13:19:54.521Z, pid: 0] > dvc --version - INITIALIZED
[version: 1.2.29, 2025-11-27T13:19:54.522Z, pid: 0] > dvc --version - FAILED (5ms)
Command failed with ENOENT: dvc --version
spawn dvc ENOENT
[version: 1.2.29, 2025-11-27T13:19:59.527Z, pid: 75841] > /home/peaches/anaconda3/bin/python -m dvc --version - INITIALIZED
[version: 1.2.29, 2025-11-27T13:19:59.537Z, pid: 75841] > /home/peaches/anaconda3/bin/python -m dvc --version - FAILED with code 1 (15ms)
/home/peaches/anaconda3/bin/python: No module named dvc

[version: 1.2.29, 2025-11-27T13:19:59.542Z, pid: 0] > dvc --version - INITIALIZED
[version: 1.2.29, 2025-11-27T13:19:59.542Z, pid: 0] > dvc --version - FAILED (4ms)
Command failed with ENOENT: dvc --version
spawn dvc ENOENT
[version: 1.2.29, 2025-11-27T13:20:04.547Z, pid: 75843] > /home/peaches/anaconda3/bin/python -m dvc --version - INITIALIZED
[version: 1.2.29, 2025-11-27T13:20:04.556Z, pid: 75843] > /home/peaches/anaconda3/bin/python -m dvc --version - FAILED with code 1 (14ms)
/home/peaches/anaconda3/bin/python: No module named dvc

[version: 1.2.29, 2025-11-27T13:20:04.561Z, pid: 0] > dvc --version - INITIALIZED
[version: 1.2.29, 2025-11-27T13:20:04.562Z, pid: 0] > dvc --version - FAILED (5ms)
Command failed with ENOENT: dvc --version
spawn dvc ENOENT
[version: 1.2.29, 2025-11-27T13:20:09.567Z, pid: 75845] > /home/peaches/anaconda3/bin/python -m dvc --version - INITIALIZED
[version: 1.2.29, 2025-11-27T13:20:09.577Z, pid: 75845] > /home/peaches/anaconda3/bin/python -m dvc --version - FAILED with code 1 (15ms)
/home/peaches/anaconda3/bin/python: No module named dvc

[version: 1.2.29, 2025-11-27T13:20:09.581Z, pid: 0] > dvc --version - INITIALIZED
[version: 1.2.29, 2025-11-27T13:20:09.582Z, pid: 0] > dvc --version - FAILED (4ms)
Command failed with ENOENT: dvc --version
spawn dvc ENOENT
[version: 1.2.29, 2025-11-27T13:20:14.586Z, pid: 75847] > /home/peaches/anaconda3/bin/python -m dvc --version - INITIALIZED
[version: 1.2.29, 2025-11-27T13:20:14.595Z, pid: 75847] > /home/peaches/anaconda3/bin/python -m dvc --version - FAILED with code 1 (13ms)
/home/peaches/anaconda3/bin/python: No module named dvc

[version: 1.2.29, 2025-11-27T13:20:14.600Z, pid: 0] > dvc --version - INITIALIZED
[version: 1.2.29, 2025-11-27T13:20:14.601Z, pid: 0] > dvc --version - FAILED (5ms)
Command failed with ENOENT: dvc --version
spawn dvc ENOENT
[version: 1.2.29, 2025-11-27T13:20:19.607Z, pid: 75849] > /home/peaches/anaconda3/bin/python -m dvc --version - INITIALIZED
[version: 1.2.29, 2025-11-27T13:20:19.617Z, pid: 75849] > /home/peaches/anaconda3/bin/python -m dvc --version - FAILED with code 1 (15ms)
/home/peaches/anaconda3/bin/python: No module named dvc

[version: 1.2.29, 2025-11-27T13:20:19.621Z, pid: 0] > dvc --version - INITIALIZED
[version: 1.2.29, 2025-11-27T13:20:19.622Z, pid: 0] > dvc --version - FAILED (5ms)
Command failed with ENOENT: dvc --version
spawn dvc ENOENT
[version: 1.2.29, 2025-11-27T13:20:24.628Z, pid: 75851] > /home/peaches/anaconda3/bin/python -m dvc --version - INITIALIZED
[version: 1.2.29, 2025-11-27T13:20:24.637Z, pid: 75851] > /home/peaches/anaconda3/bin/python -m dvc --version - FAILED with code 1 (15ms)
/home/peaches/anaconda3/bin/python: No module named dvc

[version: 1.2.29, 2025-11-27T13:20:24.641Z, pid: 0] > dvc --version - INITIALIZED
[version: 1.2.29, 2025-11-27T13:20:24.642Z, pid: 0] > dvc --version - FAILED (5ms)
Command failed with ENOENT: dvc --version
spawn dvc ENOENT
[version: 1.2.29, 2025-11-27T13:20:29.649Z, pid: 75853] > /home/peaches/anaconda3/bin/python -m dvc --version - INITIALIZED
[version: 1.2.29, 2025-11-27T13:20:29.658Z, pid: 75853] > /home/peaches/anaconda3/bin/python -m dvc --version - FAILED with code 1 (16ms)
/home/peaches/anaconda3/bin/python: No module named dvc

[version: 1.2.29, 2025-11-27T13:20:29.662Z, pid: 0] > dvc --version - INITIALIZED
[version: 1.2.29, 2025-11-27T13:20:29.663Z, pid: 0] > dvc --version - FAILED (5ms)
Command failed with ENOENT: dvc --version
spawn dvc ENOENT
[version: 1.2.29, 2025-11-27T13:20:34.670Z, pid: 75861] > /home/peaches/anaconda3/bin/python -m dvc --version - INITIALIZED
[version: 1.2.29, 2025-11-27T13:20:34.679Z, pid: 75861] > /home/peaches/anaconda3/bin/python -m dvc --version - FAILED with code 1 (15ms)
/home/peaches/anaconda3/bin/python: No module named dvc

[version: 1.2.29, 2025-11-27T13:20:34.684Z, pid: 0] > dvc --version - INITIALIZED
[version: 1.2.29, 2025-11-27T13:20:34.684Z, pid: 0] > dvc --version - FAILED (5ms)
Command failed with ENOENT: dvc --version
spawn dvc ENOENT
[version: 1.2.29, 2025-11-27T13:20:39.691Z, pid: 75864] > /home/peaches/anaconda3/bin/python -m dvc --version - INITIALIZED
[version: 1.2.29, 2025-11-27T13:20:39.700Z, pid: 75864] > /home/peaches/anaconda3/bin/python -m dvc --version - FAILED with code 1 (15ms)
/home/peaches/anaconda3/bin/python: No module named dvc

[version: 1.2.29, 2025-11-27T13:20:39.704Z, pid: 0] > dvc --version - INITIALIZED
[version: 1.2.29, 2025-11-27T13:20:39.705Z, pid: 0] > dvc --version - FAILED (5ms)
Command failed with ENOENT: dvc --version
spawn dvc ENOENT
[version: 1.2.29, 2025-11-27T13:20:44.710Z, pid: 75866] > /home/peaches/anaconda3/bin/python -m dvc --version - INITIALIZED
[version: 1.2.29, 2025-11-27T13:20:44.719Z, pid: 75866] > /home/peaches/anaconda3/bin/python -m dvc --version - FAILED with code 1 (14ms)
/home/peaches/anaconda3/bin/python: No module named dvc

[version: 1.2.29, 2025-11-27T13:20:44.724Z, pid: 0] > dvc --version - INITIALIZED
[version: 1.2.29, 2025-11-27T13:20:44.725Z, pid: 0] > dvc --version - FAILED (5ms)
Command failed with ENOENT: dvc --version
spawn dvc ENOENT
[version: 1.2.29, 2025-11-27T13:20:49.730Z, pid: 75868] > /home/peaches/anaconda3/bin/python -m dvc --version - INITIALIZED
[version: 1.2.29, 2025-11-27T13:20:49.740Z, pid: 75868] > /home/peaches/anaconda3/bin/python -m dvc --version - FAILED with code 1 (15ms)
/home/peaches/anaconda3/bin/python: No module named dvc

[version: 1.2.29, 2025-11-27T13:20:49.744Z, pid: 0] > dvc --version - INITIALIZED
[version: 1.2.29, 2025-11-27T13:20:49.745Z, pid: 0] > dvc --version - FAILED (5ms)
Command failed with ENOENT: dvc --version
spawn dvc ENOENT
[version: 1.2.29, 2025-11-27T13:20:54.750Z, pid: 75872] > /home/peaches/anaconda3/bin/python -m dvc --version - INITIALIZED
[version: 1.2.29, 2025-11-27T13:20:54.760Z, pid: 75872] > /home/peaches/anaconda3/bin/python -m dvc --version - FAILED with code 1 (15ms)
/home/peaches/anaconda3/bin/python: No module named dvc

[version: 1.2.29, 2025-11-27T13:20:54.764Z, pid: 0] > dvc --version - INITIALIZED
[version: 1.2.29, 2025-11-27T13:20:54.765Z, pid: 0] > dvc --version - FAILED (5ms)
Command failed with ENOENT: dvc --version
spawn dvc ENOENT
[version: 1.2.29, 2025-11-27T13:20:59.772Z, pid: 75874] > /home/peaches/anaconda3/bin/python -m dvc --version - INITIALIZED
[version: 1.2.29, 2025-11-27T13:20:59.781Z, pid: 75874] > /home/peaches/anaconda3/bin/python -m dvc --version - FAILED with code 1 (15ms)
/home/peaches/anaconda3/bin/python: No module named dvc

[version: 1.2.29, 2025-11-27T13:20:59.786Z, pid: 0] > dvc --version - INITIALIZED
[version: 1.2.29, 2025-11-27T13:20:59.787Z, pid: 0] > dvc --version - FAILED (5ms)
Command failed with ENOENT: dvc --version
spawn dvc ENOENT
[version: 1.2.29, 2025-11-27T13:21:04.792Z, pid: 75876] > /home/peaches/anaconda3/bin/python -m dvc --version - INITIALIZED
[version: 1.2.29, 2025-11-27T13:21:04.801Z, pid: 75876] > /home/peaches/anaconda3/bin/python -m dvc --version - FAILED with code 1 (14ms)
/home/peaches/anaconda3/bin/python: No module named dvc

[version: 1.2.29, 2025-11-27T13:21:04.806Z, pid: 0] > dvc --version - INITIALIZED
[version: 1.2.29, 2025-11-27T13:21:04.807Z, pid: 0] > dvc --version - FAILED (4ms)
Command failed with ENOENT: dvc --version
spawn dvc ENOENT
[version: 1.2.29, 2025-11-27T13:21:09.812Z, pid: 75878] > /home/peaches/anaconda3/bin/python -m dvc --version - INITIALIZED
[version: 1.2.29, 2025-11-27T13:21:09.822Z, pid: 75878] > /home/peaches/anaconda3/bin/python -m dvc --version - FAILED with code 1 (15ms)
/home/peaches/anaconda3/bin/python: No module named dvc

[version: 1.2.29, 2025-11-27T13:21:09.826Z, pid: 0] > dvc --version - INITIALIZED
[version: 1.2.29, 2025-11-27T13:21:09.827Z, pid: 0] > dvc --version - FAILED (5ms)
Command failed with ENOENT: dvc --version
spawn dvc ENOENT
[version: 1.2.29, 2025-11-27T13:21:14.834Z, pid: 75880] > /home/peaches/anaconda3/bin/python -m dvc --version - INITIALIZED
[version: 1.2.29, 2025-11-27T13:21:14.843Z, pid: 75880] > /home/peaches/anaconda3/bin/python -m dvc --version - FAILED with code 1 (15ms)
/home/peaches/anaconda3/bin/python: No module named dvc

[version: 1.2.29, 2025-11-27T13:21:14.848Z, pid: 0] > dvc --version - INITIALIZED
[version: 1.2.29, 2025-11-27T13:21:14.848Z, pid: 0] > dvc --version - FAILED (5ms)
Command failed with ENOENT: dvc --version
spawn dvc ENOENT
[version: 1.2.29, 2025-11-27T13:21:19.854Z, pid: 75882] > /home/peaches/anaconda3/bin/python -m dvc --version - INITIALIZED
[version: 1.2.29, 2025-11-27T13:21:19.863Z, pid: 75882] > /home/peaches/anaconda3/bin/python -m dvc --version - FAILED with code 1 (14ms)
/home/peaches/anaconda3/bin/python: No module named dvc

[version: 1.2.29, 2025-11-27T13:21:19.867Z, pid: 0] > dvc --version - INITIALIZED
[version: 1.2.29, 2025-11-27T13:21:19.868Z, pid: 0] > dvc --version - FAILED (5ms)
Command failed with ENOENT: dvc --version
spawn dvc ENOENT
[version: 1.2.29, 2025-11-27T13:21:24.874Z, pid: 75884] > /home/peaches/anaconda3/bin/python -m dvc --version - INITIALIZED
[version: 1.2.29, 2025-11-27T13:21:24.884Z, pid: 75884] > /home/peaches/anaconda3/bin/python -m dvc --version - FAILED with code 1 (15ms)
/home/peaches/anaconda3/bin/python: No module named dvc

[version: 1.2.29, 2025-11-27T13:21:24.888Z, pid: 0] > dvc --version - INITIALIZED
[version: 1.2.29, 2025-11-27T13:21:24.889Z, pid: 0] > dvc --version - FAILED (5ms)
Command failed with ENOENT: dvc --version
spawn dvc ENOENT
[version: 1.2.29, 2025-11-27T13:21:29.896Z, pid: 75886] > /home/peaches/anaconda3/bin/python -m dvc --version - INITIALIZED
[version: 1.2.29, 2025-11-27T13:21:29.905Z, pid: 75886] > /home/peaches/anaconda3/bin/python -m dvc --version - FAILED with code 1 (15ms)
/home/peaches/anaconda3/bin/python: No module named dvc

[version: 1.2.29, 2025-11-27T13:21:29.910Z, pid: 0] > dvc --version - INITIALIZED
[version: 1.2.29, 2025-11-27T13:21:29.910Z, pid: 0] > dvc --version - FAILED (5ms)
Command failed with ENOENT: dvc --version
spawn dvc ENOENT
[version: 1.2.29, 2025-11-27T13:21:34.916Z, pid: 75888] > /home/peaches/anaconda3/bin/python -m dvc --version - INITIALIZED
[version: 1.2.29, 2025-11-27T13:21:34.925Z, pid: 75888] > /home/peaches/anaconda3/bin/python -m dvc --version - FAILED with code 1 (14ms)
/home/peaches/anaconda3/bin/python: No module named dvc

[version: 1.2.29, 2025-11-27T13:21:34.929Z, pid: 0] > dvc --version - INITIALIZED
[version: 1.2.29, 2025-11-27T13:21:34.930Z, pid: 0] > dvc --version - FAILED (5ms)
Command failed with ENOENT: dvc --version
spawn dvc ENOENT
[version: 1.2.29, 2025-11-27T13:21:39.936Z, pid: 75891] > /home/peaches/anaconda3/bin/python -m dvc --version - INITIALIZED
[version: 1.2.29, 2025-11-27T13:21:39.945Z, pid: 75891] > /home/peaches/anaconda3/bin/python -m dvc --version - FAILED with code 1 (15ms)
/home/peaches/anaconda3/bin/python: No module named dvc

[version: 1.2.29, 2025-11-27T13:21:39.949Z, pid: 0] > dvc --version - INITIALIZED
[version: 1.2.29, 2025-11-27T13:21:39.950Z, pid: 0] > dvc --version - FAILED (5ms)
Command failed with ENOENT: dvc --version
spawn dvc ENOENT
[version: 1.2.29, 2025-11-27T13:21:44.955Z, pid: 75893] > /home/peaches/anaconda3/bin/python -m dvc --version - INITIALIZED
[version: 1.2.29, 2025-11-27T13:21:44.964Z, pid: 75893] > /home/peaches/anaconda3/bin/python -m dvc --version - FAILED with code 1 (14ms)
/home/peaches/anaconda3/bin/python: No module named dvc

[version: 1.2.29, 2025-11-27T13:21:44.968Z, pid: 0] > dvc --version - INITIALIZED
[version: 1.2.29, 2025-11-27T13:21:44.969Z, pid: 0] > dvc --version - FAILED (5ms)
Command failed with ENOENT: dvc --version
spawn dvc ENOENT
[version: 1.2.29, 2025-11-27T13:21:49.973Z, pid: 75895] > /home/peaches/anaconda3/bin/python -m dvc --version - INITIALIZED
[version: 1.2.29, 2025-11-27T13:21:49.983Z, pid: 75895] > /home/peaches/anaconda3/bin/python -m dvc --version - FAILED with code 1 (14ms)
/home/peaches/anaconda3/bin/python: No module named dvc

[version: 1.2.29, 2025-11-27T13:21:49.987Z, pid: 0] > dvc --version - INITIALIZED
[version: 1.2.29, 2025-11-27T13:21:49.988Z, pid: 0] > dvc --version - FAILED (5ms)
Command failed with ENOENT: dvc --version
spawn dvc ENOENT
[version: 1.2.29, 2025-11-27T13:21:54.993Z, pid: 75899] > /home/peaches/anaconda3/bin/python -m dvc --version - INITIALIZED
[version: 1.2.29, 2025-11-27T13:21:55.002Z, pid: 75899] > /home/peaches/anaconda3/bin/python -m dvc --version - FAILED with code 1 (14ms)
/home/peaches/anaconda3/bin/python: No module named dvc

[version: 1.2.29, 2025-11-27T13:21:55.007Z, pid: 0] > dvc --version - INITIALIZED
[version: 1.2.29, 2025-11-27T13:21:55.008Z, pid: 0] > dvc --version - FAILED (5ms)
Command failed with ENOENT: dvc --version
spawn dvc ENOENT
[version: 1.2.29, 2025-11-27T13:22:00.014Z, pid: 75901] > /home/peaches/anaconda3/bin/python -m dvc --version - INITIALIZED
[version: 1.2.29, 2025-11-27T13:22:00.023Z, pid: 75901] > /home/peaches/anaconda3/bin/python -m dvc --version - FAILED with code 1 (14ms)
/home/peaches/anaconda3/bin/python: No module named dvc

[version: 1.2.29, 2025-11-27T13:22:00.028Z, pid: 0] > dvc --version - INITIALIZED
[version: 1.2.29, 2025-11-27T13:22:00.029Z, pid: 0] > dvc --version - FAILED (5ms)
Command failed with ENOENT: dvc --version
spawn dvc ENOENT
[version: 1.2.29, 2025-11-27T13:22:05.036Z, pid: 75903] > /home/peaches/anaconda3/bin/python -m dvc --version - INITIALIZED
[version: 1.2.29, 2025-11-27T13:22:05.046Z, pid: 75903] > /home/peaches/anaconda3/bin/python -m dvc --version - FAILED with code 1 (15ms)
/home/peaches/anaconda3/bin/python: No module named dvc

[version: 1.2.29, 2025-11-27T13:22:05.050Z, pid: 0] > dvc --version - INITIALIZED
[version: 1.2.29, 2025-11-27T13:22:05.051Z, pid: 0] > dvc --version - FAILED (5ms)
Command failed with ENOENT: dvc --version
spawn dvc ENOENT
[version: 1.2.29, 2025-11-27T13:22:10.057Z, pid: 75906] > /home/peaches/anaconda3/bin/python -m dvc --version - INITIALIZED
[version: 1.2.29, 2025-11-27T13:22:10.066Z, pid: 75906] > /home/peaches/anaconda3/bin/python -m dvc --version - FAILED with code 1 (14ms)
/home/peaches/anaconda3/bin/python: No module named dvc

[version: 1.2.29, 2025-11-27T13:22:10.071Z, pid: 0] > dvc --version - INITIALIZED
[version: 1.2.29, 2025-11-27T13:22:10.071Z, pid: 0] > dvc --version - FAILED (5ms)
Command failed with ENOENT: dvc --version
spawn dvc ENOENT
[version: 1.2.29, 2025-11-27T13:22:15.077Z, pid: 75908] > /home/peaches/anaconda3/bin/python -m dvc --version - INITIALIZED
[version: 1.2.29, 2025-11-27T13:22:15.086Z, pid: 75908] > /home/peaches/anaconda3/bin/python -m dvc --version - FAILED with code 1 (15ms)
/home/peaches/anaconda3/bin/python: No module named dvc

[version: 1.2.29, 2025-11-27T13:22:15.090Z, pid: 0] > dvc --version - INITIALIZED
[version: 1.2.29, 2025-11-27T13:22:15.091Z, pid: 0] > dvc --version - FAILED (5ms)
Command failed with ENOENT: dvc --version
spawn dvc ENOENT
[version: 1.2.29, 2025-11-27T13:22:20.096Z, pid: 75910] > /home/peaches/anaconda3/bin/python -m dvc --version - INITIALIZED
[version: 1.2.29, 2025-11-27T13:22:20.107Z, pid: 75910] > /home/peaches/anaconda3/bin/python -m dvc --version - FAILED with code 1 (16ms)
/home/peaches/anaconda3/bin/python: No module named dvc

[version: 1.2.29, 2025-11-27T13:22:20.114Z, pid: 0] > dvc --version - INITIALIZED
[version: 1.2.29, 2025-11-27T13:22:20.115Z, pid: 0] > dvc --version - FAILED (8ms)
Command failed with ENOENT: dvc --version
spawn dvc ENOENT
[version: 1.2.29, 2025-11-27T13:22:25.122Z, pid: 75912] > /home/peaches/anaconda3/bin/python -m dvc --version - INITIALIZED
[version: 1.2.29, 2025-11-27T13:22:25.131Z, pid: 75912] > /home/peaches/anaconda3/bin/python -m dvc --version - FAILED with code 1 (15ms)
/home/peaches/anaconda3/bin/python: No module named dvc

[version: 1.2.29, 2025-11-27T13:22:25.136Z, pid: 0] > dvc --version - INITIALIZED
[version: 1.2.29, 2025-11-27T13:22:25.137Z, pid: 0] > dvc --version - FAILED (5ms)
Command failed with ENOENT: dvc --version
spawn dvc ENOENT
[version: 1.2.29, 2025-11-27T13:22:30.142Z, pid: 75914] > /home/peaches/anaconda3/bin/python -m dvc --version - INITIALIZED
[version: 1.2.29, 2025-11-27T13:22:30.152Z, pid: 75914] > /home/peaches/anaconda3/bin/python -m dvc --version - FAILED with code 1 (14ms)
/home/peaches/anaconda3/bin/python: No module named dvc

[version: 1.2.29, 2025-11-27T13:22:30.157Z, pid: 0] > dvc --version - INITIALIZED
[version: 1.2.29, 2025-11-27T13:22:30.157Z, pid: 0] > dvc --version - FAILED (5ms)
Command failed with ENOENT: dvc --version
spawn dvc ENOENT
[version: 1.2.29, 2025-11-27T13:22:35.162Z, pid: 75916] > /home/peaches/anaconda3/bin/python -m dvc --version - INITIALIZED
[version: 1.2.29, 2025-11-27T13:22:35.171Z, pid: 75916] > /home/peaches/anaconda3/bin/python -m dvc --version - FAILED with code 1 (14ms)
/home/peaches/anaconda3/bin/python: No module named dvc

[version: 1.2.29, 2025-11-27T13:22:35.176Z, pid: 0] > dvc --version - INITIALIZED
[version: 1.2.29, 2025-11-27T13:22:35.177Z, pid: 0] > dvc --version - FAILED (5ms)
Command failed with ENOENT: dvc --version
spawn dvc ENOENT
[version: 1.2.29, 2025-11-27T13:22:40.182Z, pid: 75919] > /home/peaches/anaconda3/bin/python -m dvc --version - INITIALIZED
[version: 1.2.29, 2025-11-27T13:22:40.191Z, pid: 75919] > /home/peaches/anaconda3/bin/python -m dvc --version - FAILED with code 1 (13ms)
/home/peaches/anaconda3/bin/python: No module named dvc

[version: 1.2.29, 2025-11-27T13:22:40.196Z, pid: 0] > dvc --version - INITIALIZED
[version: 1.2.29, 2025-11-27T13:22:40.197Z, pid: 0] > dvc --version - FAILED (5ms)
Command failed with ENOENT: dvc --version
spawn dvc ENOENT
[version: 1.2.29, 2025-11-27T13:22:45.202Z, pid: 75921] > /home/peaches/anaconda3/bin/python -m dvc --version - INITIALIZED
[version: 1.2.29, 2025-11-27T13:22:45.212Z, pid: 75921] > /home/peaches/anaconda3/bin/python -m dvc --version - FAILED with code 1 (15ms)
/home/peaches/anaconda3/bin/python: No module named dvc

[version: 1.2.29, 2025-11-27T13:22:45.217Z, pid: 0] > dvc --version - INITIALIZED
[version: 1.2.29, 2025-11-27T13:22:45.218Z, pid: 0] > dvc --version - FAILED (5ms)
Command failed with ENOENT: dvc --version
spawn dvc ENOENT
[version: 1.2.29, 2025-11-27T13:22:50.224Z, pid: 75923] > /home/peaches/anaconda3/bin/python -m dvc --version - INITIALIZED
[version: 1.2.29, 2025-11-27T13:22:50.233Z, pid: 75923] > /home/peaches/anaconda3/bin/python -m dvc --version - FAILED with code 1 (15ms)
/home/peaches/anaconda3/bin/python: No module named dvc

[version: 1.2.29, 2025-11-27T13:22:50.238Z, pid: 0] > dvc --version - INITIALIZED
[version: 1.2.29, 2025-11-27T13:22:50.239Z, pid: 0] > dvc --version - FAILED (5ms)
Command failed with ENOENT: dvc --version
spawn dvc ENOENT
[version: 1.2.29, 2025-11-27T13:22:55.244Z, pid: 75927] > /home/peaches/anaconda3/bin/python -m dvc --version - INITIALIZED
[version: 1.2.29, 2025-11-27T13:22:55.254Z, pid: 75927] > /home/peaches/anaconda3/bin/python -m dvc --version - FAILED with code 1 (15ms)
/home/peaches/anaconda3/bin/python: No module named dvc

[version: 1.2.29, 2025-11-27T13:22:55.258Z, pid: 0] > dvc --version - INITIALIZED
[version: 1.2.29, 2025-11-27T13:22:55.259Z, pid: 0] > dvc --version - FAILED (5ms)
Command failed with ENOENT: dvc --version
spawn dvc ENOENT
[version: 1.2.29, 2025-11-27T13:23:00.265Z, pid: 75930] > /home/peaches/anaconda3/bin/python -m dvc --version - INITIALIZED
[version: 1.2.29, 2025-11-27T13:23:00.275Z, pid: 75930] > /home/peaches/anaconda3/bin/python -m dvc --version - FAILED with code 1 (14ms)
/home/peaches/anaconda3/bin/python: No module named dvc

[version: 1.2.29, 2025-11-27T13:23:00.279Z, pid: 0] > dvc --version - INITIALIZED
[version: 1.2.29, 2025-11-27T13:23:00.280Z, pid: 0] > dvc --version - FAILED (5ms)
Command failed with ENOENT: dvc --version
spawn dvc ENOENT
[version: 1.2.29, 2025-11-27T13:23:05.286Z, pid: 75933] > /home/peaches/anaconda3/bin/python -m dvc --version - INITIALIZED
[version: 1.2.29, 2025-11-27T13:23:05.296Z, pid: 75933] > /home/peaches/anaconda3/bin/python -m dvc --version - FAILED with code 1 (15ms)
/home/peaches/anaconda3/bin/python: No module named dvc

[version: 1.2.29, 2025-11-27T13:23:05.301Z, pid: 0] > dvc --version - INITIALIZED
[version: 1.2.29, 2025-11-27T13:23:05.302Z, pid: 0] > dvc --version - FAILED (6ms)
Command failed with ENOENT: dvc --version
spawn dvc ENOENT
[version: 1.2.29, 2025-11-27T13:23:10.308Z, pid: 75935] > /home/peaches/anaconda3/bin/python -m dvc --version - INITIALIZED
[version: 1.2.29, 2025-11-27T13:23:10.317Z, pid: 75935] > /home/peaches/anaconda3/bin/python -m dvc --version - FAILED with code 1 (14ms)
/home/peaches/anaconda3/bin/python: No module named dvc

[version: 1.2.29, 2025-11-27T13:23:10.322Z, pid: 0] > dvc --version - INITIALIZED
[version: 1.2.29, 2025-11-27T13:23:10.323Z, pid: 0] > dvc --version - FAILED (5ms)
Command failed with ENOENT: dvc --version
spawn dvc ENOENT
[version: 1.2.29, 2025-11-27T13:23:15.329Z, pid: 75937] > /home/peaches/anaconda3/bin/python -m dvc --version - INITIALIZED
[version: 1.2.29, 2025-11-27T13:23:15.338Z, pid: 75937] > /home/peaches/anaconda3/bin/python -m dvc --version - FAILED with code 1 (15ms)
/home/peaches/anaconda3/bin/python: No module named dvc

[version: 1.2.29, 2025-11-27T13:23:15.343Z, pid: 0] > dvc --version - INITIALIZED
[version: 1.2.29, 2025-11-27T13:23:15.344Z, pid: 0] > dvc --version - FAILED (5ms)
Command failed with ENOENT: dvc --version
spawn dvc ENOENT
[version: 1.2.29, 2025-11-27T13:23:20.350Z, pid: 75939] > /home/peaches/anaconda3/bin/python -m dvc --version - INITIALIZED
[version: 1.2.29, 2025-11-27T13:23:20.360Z, pid: 75939] > /home/peaches/anaconda3/bin/python -m dvc --version - FAILED with code 1 (16ms)
/home/peaches/anaconda3/bin/python: No module named dvc

[version: 1.2.29, 2025-11-27T13:23:20.364Z, pid: 0] > dvc --version - INITIALIZED
[version: 1.2.29, 2025-11-27T13:23:20.365Z, pid: 0] > dvc --version - FAILED (5ms)
Command failed with ENOENT: dvc --version
spawn dvc ENOENT
[version: 1.2.29, 2025-11-27T13:23:25.370Z, pid: 75941] > /home/peaches/anaconda3/bin/python -m dvc --version - INITIALIZED
[version: 1.2.29, 2025-11-27T13:23:25.381Z, pid: 75941] > /home/peaches/anaconda3/bin/python -m dvc --version - FAILED with code 1 (16ms)
/home/peaches/anaconda3/bin/python: No module named dvc

[version: 1.2.29, 2025-11-27T13:23:25.387Z, pid: 0] > dvc --version - INITIALIZED
[version: 1.2.29, 2025-11-27T13:23:25.388Z, pid: 0] > dvc --version - FAILED (5ms)
Command failed with ENOENT: dvc --version
spawn dvc ENOENT
[version: 1.2.29, 2025-11-27T13:23:30.392Z, pid: 75943] > /home/peaches/anaconda3/bin/python -m dvc --version - INITIALIZED
[version: 1.2.29, 2025-11-27T13:23:30.402Z, pid: 75943] > /home/peaches/anaconda3/bin/python -m dvc --version - FAILED with code 1 (14ms)
/home/peaches/anaconda3/bin/python: No module named dvc

[version: 1.2.29, 2025-11-27T13:23:30.407Z, pid: 0] > dvc --version - INITIALIZED
[version: 1.2.29, 2025-11-27T13:23:30.408Z, pid: 0] > dvc --version - FAILED (6ms)
Command failed with ENOENT: dvc --version
spawn dvc ENOENT
[version: 1.2.29, 2025-11-27T13:23:35.413Z, pid: 75945] > /home/peaches/anaconda3/bin/python -m dvc --version - INITIALIZED
[version: 1.2.29, 2025-11-27T13:23:35.423Z, pid: 75945] > /home/peaches/anaconda3/bin/python -m dvc --version - FAILED with code 1 (15ms)
/home/peaches/anaconda3/bin/python: No module named dvc

[version: 1.2.29, 2025-11-27T13:23:35.427Z, pid: 0] > dvc --version - INITIALIZED
[version: 1.2.29, 2025-11-27T13:23:35.428Z, pid: 0] > dvc --version - FAILED (5ms)
Command failed with ENOENT: dvc --version
spawn dvc ENOENT
[version: 1.2.29, 2025-11-27T13:23:40.434Z, pid: 75947] > /home/peaches/anaconda3/bin/python -m dvc --version - INITIALIZED
[version: 1.2.29, 2025-11-27T13:23:40.444Z, pid: 75947] > /home/peaches/anaconda3/bin/python -m dvc --version - FAILED with code 1 (14ms)
/home/peaches/anaconda3/bin/python: No module named dvc

[version: 1.2.29, 2025-11-27T13:23:40.449Z, pid: 0] > dvc --version - INITIALIZED
[version: 1.2.29, 2025-11-27T13:23:40.449Z, pid: 0] > dvc --version - FAILED (5ms)
Command failed with ENOENT: dvc --version
spawn dvc ENOENT
[version: 1.2.29, 2025-11-27T13:23:45.454Z, pid: 75949] > /home/peaches/anaconda3/bin/python -m dvc --version - INITIALIZED
[version: 1.2.29, 2025-11-27T13:23:45.464Z, pid: 75949] > /home/peaches/anaconda3/bin/python -m dvc --version - FAILED with code 1 (15ms)
/home/peaches/anaconda3/bin/python: No module named dvc

[version: 1.2.29, 2025-11-27T13:23:45.469Z, pid: 0] > dvc --version - INITIALIZED
[version: 1.2.29, 2025-11-27T13:23:45.470Z, pid: 0] > dvc --version - FAILED (5ms)
Command failed with ENOENT: dvc --version
spawn dvc ENOENT
[version: 1.2.29, 2025-11-27T13:23:50.476Z, pid: 75951] > /home/peaches/anaconda3/bin/python -m dvc --version - INITIALIZED
[version: 1.2.29, 2025-11-27T13:23:50.486Z, pid: 75951] > /home/peaches/anaconda3/bin/python -m dvc --version - FAILED with code 1 (15ms)
/home/peaches/anaconda3/bin/python: No module named dvc

[version: 1.2.29, 2025-11-27T13:23:50.491Z, pid: 0] > dvc --version - INITIALIZED
[version: 1.2.29, 2025-11-27T13:23:50.492Z, pid: 0] > dvc --version - FAILED (6ms)
Command failed with ENOENT: dvc --version
spawn dvc ENOENT
[version: 1.2.29, 2025-11-27T13:23:55.498Z, pid: 75955] > /home/peaches/anaconda3/bin/python -m dvc --version - INITIALIZED
[version: 1.2.29, 2025-11-27T13:23:55.507Z, pid: 75955] > /home/peaches/anaconda3/bin/python -m dvc --version - FAILED with code 1 (14ms)
/home/peaches/anaconda3/bin/python: No module named dvc

[version: 1.2.29, 2025-11-27T13:23:55.511Z, pid: 0] > dvc --version - INITIALIZED
[version: 1.2.29, 2025-11-27T13:23:55.512Z, pid: 0] > dvc --version - FAILED (5ms)
Command failed with ENOENT: dvc --version
spawn dvc ENOENT
[version: 1.2.29, 2025-11-27T13:24:00.517Z, pid: 75957] > /home/peaches/anaconda3/bin/python -m dvc --version - INITIALIZED
[version: 1.2.29, 2025-11-27T13:24:00.527Z, pid: 75957] > /home/peaches/anaconda3/bin/python -m dvc --version - FAILED with code 1 (14ms)
/home/peaches/anaconda3/bin/python: No module named dvc

[version: 1.2.29, 2025-11-27T13:24:00.531Z, pid: 0] > dvc --version - INITIALIZED
[version: 1.2.29, 2025-11-27T13:24:00.532Z, pid: 0] > dvc --version - FAILED (5ms)
Command failed with ENOENT: dvc --version
spawn dvc ENOENT
[version: 1.2.29, 2025-11-27T13:24:05.537Z, pid: 75959] > /home/peaches/anaconda3/bin/python -m dvc --version - INITIALIZED
[version: 1.2.29, 2025-11-27T13:24:05.546Z, pid: 75959] > /home/peaches/anaconda3/bin/python -m dvc --version - FAILED with code 1 (14ms)
/home/peaches/anaconda3/bin/python: No module named dvc

[version: 1.2.29, 2025-11-27T13:24:05.551Z, pid: 0] > dvc --version - INITIALIZED
[version: 1.2.29, 2025-11-27T13:24:05.552Z, pid: 0] > dvc --version - FAILED (4ms)
Command failed with ENOENT: dvc --version
spawn dvc ENOENT
[version: 1.2.29, 2025-11-27T13:24:10.556Z, pid: 75961] > /home/peaches/anaconda3/bin/python -m dvc --version - INITIALIZED
[version: 1.2.29, 2025-11-27T13:24:10.566Z, pid: 75961] > /home/peaches/anaconda3/bin/python -m dvc --version - FAILED with code 1 (14ms)
/home/peaches/anaconda3/bin/python: No module named dvc

[version: 1.2.29, 2025-11-27T13:24:10.570Z, pid: 0] > dvc --version - INITIALIZED
[version: 1.2.29, 2025-11-27T13:24:10.571Z, pid: 0] > dvc --version - FAILED (5ms)
Command failed with ENOENT: dvc --version
spawn dvc ENOENT
[version: 1.2.29, 2025-11-27T13:24:15.577Z, pid: 75963] > /home/peaches/anaconda3/bin/python -m dvc --version - INITIALIZED
[version: 1.2.29, 2025-11-27T13:24:15.586Z, pid: 75963] > /home/peaches/anaconda3/bin/python -m dvc --version - FAILED with code 1 (14ms)
/home/peaches/anaconda3/bin/python: No module named dvc

[version: 1.2.29, 2025-11-27T13:24:15.591Z, pid: 0] > dvc --version - INITIALIZED
[version: 1.2.29, 2025-11-27T13:24:15.591Z, pid: 0] > dvc --version - FAILED (5ms)
Command failed with ENOENT: dvc --version
spawn dvc ENOENT
[version: 1.2.29, 2025-11-27T13:24:20.598Z, pid: 75973] > /home/peaches/anaconda3/bin/python -m dvc --version - INITIALIZED
[version: 1.2.29, 2025-11-27T13:24:20.608Z, pid: 75973] > /home/peaches/anaconda3/bin/python -m dvc --version - FAILED with code 1 (16ms)
/home/peaches/anaconda3/bin/python: No module named dvc

[version: 1.2.29, 2025-11-27T13:24:20.613Z, pid: 0] > dvc --version - INITIALIZED
[version: 1.2.29, 2025-11-27T13:24:20.614Z, pid: 0] > dvc --version - FAILED (6ms)
Command failed with ENOENT: dvc --version
spawn dvc ENOENT
[version: 1.2.29, 2025-11-27T13:24:25.621Z, pid: 75978] > /home/peaches/anaconda3/bin/python -m dvc --version - INITIALIZED
[version: 1.2.29, 2025-11-27T13:24:25.630Z, pid: 75978] > /home/peaches/anaconda3/bin/python -m dvc --version - FAILED with code 1 (15ms)
/home/peaches/anaconda3/bin/python: No module named dvc

[version: 1.2.29, 2025-11-27T13:24:25.635Z, pid: 0] > dvc --version - INITIALIZED
[version: 1.2.29, 2025-11-27T13:24:25.635Z, pid: 0] > dvc --version - FAILED (5ms)
Command failed with ENOENT: dvc --version
spawn dvc ENOENT
[version: 1.2.29, 2025-11-27T13:24:30.640Z, pid: 75980] > /home/peaches/anaconda3/bin/python -m dvc --version - INITIALIZED
[version: 1.2.29, 2025-11-27T13:24:30.650Z, pid: 75980] > /home/peaches/anaconda3/bin/python -m dvc --version - FAILED with code 1 (14ms)
/home/peaches/anaconda3/bin/python: No module named dvc

[version: 1.2.29, 2025-11-27T13:24:30.654Z, pid: 0] > dvc --version - INITIALIZED
[version: 1.2.29, 2025-11-27T13:24:30.655Z, pid: 0] > dvc --version - FAILED (5ms)
Command failed with ENOENT: dvc --version
spawn dvc ENOENT
[version: 1.2.29, 2025-11-27T13:24:35.661Z, pid: 75982] > /home/peaches/anaconda3/bin/python -m dvc --version - INITIALIZED
[version: 1.2.29, 2025-11-27T13:24:35.671Z, pid: 75982] > /home/peaches/anaconda3/bin/python -m dvc --version - FAILED with code 1 (15ms)
/home/peaches/anaconda3/bin/python: No module named dvc

[version: 1.2.29, 2025-11-27T13:24:35.675Z, pid: 0] > dvc --version - INITIALIZED
[version: 1.2.29, 2025-11-27T13:24:35.676Z, pid: 0] > dvc --version - FAILED (5ms)
Command failed with ENOENT: dvc --version
spawn dvc ENOENT
[version: 1.2.29, 2025-11-27T13:24:40.684Z, pid: 75988] > /home/peaches/anaconda3/bin/python -m dvc --version - INITIALIZED
[version: 1.2.29, 2025-11-27T13:24:40.693Z, pid: 75988] > /home/peaches/anaconda3/bin/python -m dvc --version - FAILED with code 1 (16ms)
/home/peaches/anaconda3/bin/python: No module named dvc

[version: 1.2.29, 2025-11-27T13:24:40.698Z, pid: 0] > dvc --version - INITIALIZED
[version: 1.2.29, 2025-11-27T13:24:40.698Z, pid: 0] > dvc --version - FAILED (4ms)
Command failed with ENOENT: dvc --version
spawn dvc ENOENT
[version: 1.2.29, 2025-11-27T13:24:45.704Z, pid: 75990] > /home/peaches/anaconda3/bin/python -m dvc --version - INITIALIZED
[version: 1.2.29, 2025-11-27T13:24:45.713Z, pid: 75990] > /home/peaches/anaconda3/bin/python -m dvc --version - FAILED with code 1 (14ms)
/home/peaches/anaconda3/bin/python: No module named dvc

[version: 1.2.29, 2025-11-27T13:24:45.718Z, pid: 0] > dvc --version - INITIALIZED
[version: 1.2.29, 2025-11-27T13:24:45.719Z, pid: 0] > dvc --version - FAILED (5ms)
Command failed with ENOENT: dvc --version
spawn dvc ENOENT
[version: 1.2.29, 2025-11-27T13:24:50.725Z, pid: 75992] > /home/peaches/anaconda3/bin/python -m dvc --version - INITIALIZED
[version: 1.2.29, 2025-11-27T13:24:50.734Z, pid: 75992] > /home/peaches/anaconda3/bin/python -m dvc --version - FAILED with code 1 (15ms)
/home/peaches/anaconda3/bin/python: No module named dvc

[version: 1.2.29, 2025-11-27T13:24:50.739Z, pid: 0] > dvc --version - INITIALIZED
[version: 1.2.29, 2025-11-27T13:24:50.739Z, pid: 0] > dvc --version - FAILED (5ms)
Command failed with ENOENT: dvc --version
spawn dvc ENOENT
[version: 1.2.29, 2025-11-27T13:24:55.744Z, pid: 75996] > /home/peaches/anaconda3/bin/python -m dvc --version - INITIALIZED
[version: 1.2.29, 2025-11-27T13:24:55.754Z, pid: 75996] > /home/peaches/anaconda3/bin/python -m dvc --version - FAILED with code 1 (15ms)
/home/peaches/anaconda3/bin/python: No module named dvc

[version: 1.2.29, 2025-11-27T13:24:55.758Z, pid: 0] > dvc --version - INITIALIZED
[version: 1.2.29, 2025-11-27T13:24:55.759Z, pid: 0] > dvc --version - FAILED (5ms)
Command failed with ENOENT: dvc --version
spawn dvc ENOENT
[version: 1.2.29, 2025-11-27T13:25:00.764Z, pid: 75998] > /home/peaches/anaconda3/bin/python -m dvc --version - INITIALIZED
[version: 1.2.29, 2025-11-27T13:25:00.774Z, pid: 75998] > /home/peaches/anaconda3/bin/python -m dvc --version - FAILED with code 1 (14ms)
/home/peaches/anaconda3/bin/python: No module named dvc

[version: 1.2.29, 2025-11-27T13:25:00.778Z, pid: 0] > dvc --version - INITIALIZED
[version: 1.2.29, 2025-11-27T13:25:00.779Z, pid: 0] > dvc --version - FAILED (5ms)
Command failed with ENOENT: dvc --version
spawn dvc ENOENT
[version: 1.2.29, 2025-11-27T13:25:05.785Z, pid: 76000] > /home/peaches/anaconda3/bin/python -m dvc --version - INITIALIZED
[version: 1.2.29, 2025-11-27T13:25:05.795Z, pid: 76000] > /home/peaches/anaconda3/bin/python -m dvc --version - FAILED with code 1 (15ms)
/home/peaches/anaconda3/bin/python: No module named dvc

[version: 1.2.29, 2025-11-27T13:25:05.799Z, pid: 0] > dvc --version - INITIALIZED
[version: 1.2.29, 2025-11-27T13:25:05.800Z, pid: 0] > dvc --version - FAILED (5ms)
Command failed with ENOENT: dvc --version
spawn dvc ENOENT
[version: 1.2.29, 2025-11-27T13:25:10.805Z, pid: 76003] > /home/peaches/anaconda3/bin/python -m dvc --version - INITIALIZED
[version: 1.2.29, 2025-11-27T13:25:10.815Z, pid: 76003] > /home/peaches/anaconda3/bin/python -m dvc --version - FAILED with code 1 (15ms)
/home/peaches/anaconda3/bin/python: No module named dvc

[version: 1.2.29, 2025-11-27T13:25:10.820Z, pid: 0] > dvc --version - INITIALIZED
[version: 1.2.29, 2025-11-27T13:25:10.821Z, pid: 0] > dvc --version - FAILED (5ms)
Command failed with ENOENT: dvc --version
spawn dvc ENOENT
[version: 1.2.29, 2025-11-27T13:25:15.826Z, pid: 76005] > /home/peaches/anaconda3/bin/python -m dvc --version - INITIALIZED
[version: 1.2.29, 2025-11-27T13:25:15.836Z, pid: 76005] > /home/peaches/anaconda3/bin/python -m dvc --version - FAILED with code 1 (15ms)
/home/peaches/anaconda3/bin/python: No module named dvc

[version: 1.2.29, 2025-11-27T13:25:15.841Z, pid: 0] > dvc --version - INITIALIZED
[version: 1.2.29, 2025-11-27T13:25:15.842Z, pid: 0] > dvc --version - FAILED (6ms)
Command failed with ENOENT: dvc --version
spawn dvc ENOENT
[version: 1.2.29, 2025-11-27T13:25:20.848Z, pid: 76007] > /home/peaches/anaconda3/bin/python -m dvc --version - INITIALIZED
[version: 1.2.29, 2025-11-27T13:25:20.858Z, pid: 76007] > /home/peaches/anaconda3/bin/python -m dvc --version - FAILED with code 1 (15ms)
/home/peaches/anaconda3/bin/python: No module named dvc

[version: 1.2.29, 2025-11-27T13:25:20.862Z, pid: 0] > dvc --version - INITIALIZED
[version: 1.2.29, 2025-11-27T13:25:20.863Z, pid: 0] > dvc --version - FAILED (5ms)
Command failed with ENOENT: dvc --version
spawn dvc ENOENT
[version: 1.2.29, 2025-11-27T13:25:25.870Z, pid: 76009] > /home/peaches/anaconda3/bin/python -m dvc --version - INITIALIZED
[version: 1.2.29, 2025-11-27T13:25:25.879Z, pid: 76009] > /home/peaches/anaconda3/bin/python -m dvc --version - FAILED with code 1 (16ms)
/home/peaches/anaconda3/bin/python: No module named dvc

[version: 1.2.29, 2025-11-27T13:25:25.884Z, pid: 0] > dvc --version - INITIALIZED
[version: 1.2.29, 2025-11-27T13:25:25.885Z, pid: 0] > dvc --version - FAILED (6ms)
Command failed with ENOENT: dvc --version
spawn dvc ENOENT
[version: 1.2.29, 2025-11-27T13:25:30.891Z, pid: 76011] > /home/peaches/anaconda3/bin/python -m dvc --version - INITIALIZED
[version: 1.2.29, 2025-11-27T13:25:30.901Z, pid: 76011] > /home/peaches/anaconda3/bin/python -m dvc --version - FAILED with code 1 (15ms)
/home/peaches/anaconda3/bin/python: No module named dvc

[version: 1.2.29, 2025-11-27T13:25:30.905Z, pid: 0] > dvc --version - INITIALIZED
[version: 1.2.29, 2025-11-27T13:25:30.906Z, pid: 0] > dvc --version - FAILED (5ms)
Command failed with ENOENT: dvc --version
spawn dvc ENOENT
[version: 1.2.29, 2025-11-27T13:25:35.912Z, pid: 76013] > /home/peaches/anaconda3/bin/python -m dvc --version - INITIALIZED
[version: 1.2.29, 2025-11-27T13:25:35.922Z, pid: 76013] > /home/peaches/anaconda3/bin/python -m dvc --version - FAILED with code 1 (15ms)
/home/peaches/anaconda3/bin/python: No module named dvc

[version: 1.2.29, 2025-11-27T13:25:35.926Z, pid: 0] > dvc --version - INITIALIZED
[version: 1.2.29, 2025-11-27T13:25:35.927Z, pid: 0] > dvc --version - FAILED (5ms)
Command failed with ENOENT: dvc --version
spawn dvc ENOENT
[version: 1.2.29, 2025-11-27T13:25:40.933Z, pid: 76016] > /home/peaches/anaconda3/bin/python -m dvc --version - INITIALIZED
[version: 1.2.29, 2025-11-27T13:25:40.942Z, pid: 76016] > /home/peaches/anaconda3/bin/python -m dvc --version - FAILED with code 1 (15ms)
/home/peaches/anaconda3/bin/python: No module named dvc

[version: 1.2.29, 2025-11-27T13:25:40.946Z, pid: 0] > dvc --version - INITIALIZED
[version: 1.2.29, 2025-11-27T13:25:40.947Z, pid: 0] > dvc --version - FAILED (5ms)
Command failed with ENOENT: dvc --version
spawn dvc ENOENT
[version: 1.2.29, 2025-11-27T13:25:45.952Z, pid: 76020] > /home/peaches/anaconda3/bin/python -m dvc --version - INITIALIZED
[version: 1.2.29, 2025-11-27T13:25:45.962Z, pid: 76020] > /home/peaches/anaconda3/bin/python -m dvc --version - FAILED with code 1 (15ms)
/home/peaches/anaconda3/bin/python: No module named dvc

[version: 1.2.29, 2025-11-27T13:25:45.967Z, pid: 0] > dvc --version - INITIALIZED
[version: 1.2.29, 2025-11-27T13:25:45.968Z, pid: 0] > dvc --version - FAILED (6ms)
Command failed with ENOENT: dvc --version
spawn dvc ENOENT
[version: 1.2.29, 2025-11-27T13:25:50.975Z, pid: 76022] > /home/peaches/anaconda3/bin/python -m dvc --version - INITIALIZED
[version: 1.2.29, 2025-11-27T13:25:50.986Z, pid: 76022] > /home/peaches/anaconda3/bin/python -m dvc --version - FAILED with code 1 (18ms)
/home/peaches/anaconda3/bin/python: No module named dvc

[version: 1.2.29, 2025-11-27T13:25:50.991Z, pid: 0] > dvc --version - INITIALIZED
[version: 1.2.29, 2025-11-27T13:25:50.992Z, pid: 0] > dvc --version - FAILED (6ms)
Command failed with ENOENT: dvc --version
spawn dvc ENOENT
[version: 1.2.29, 2025-11-27T13:25:55.997Z, pid: 76026] > /home/peaches/anaconda3/bin/python -m dvc --version - INITIALIZED
[version: 1.2.29, 2025-11-27T13:25:56.008Z, pid: 76026] > /home/peaches/anaconda3/bin/python -m dvc --version - FAILED with code 1 (16ms)
/home/peaches/anaconda3/bin/python: No module named dvc

[version: 1.2.29, 2025-11-27T13:25:56.013Z, pid: 0] > dvc --version - INITIALIZED
[version: 1.2.29, 2025-11-27T13:25:56.013Z, pid: 0] > dvc --version - FAILED (5ms)
Command failed with ENOENT: dvc --version
spawn dvc ENOENT
[version: 1.2.29, 2025-11-27T13:26:01.019Z, pid: 76028] > /home/peaches/anaconda3/bin/python -m dvc --version - INITIALIZED
[version: 1.2.29, 2025-11-27T13:26:01.030Z, pid: 76028] > /home/peaches/anaconda3/bin/python -m dvc --version - FAILED with code 1 (17ms)
/home/peaches/anaconda3/bin/python: No module named dvc

[version: 1.2.29, 2025-11-27T13:26:01.035Z, pid: 0] > dvc --version - INITIALIZED
[version: 1.2.29, 2025-11-27T13:26:01.036Z, pid: 0] > dvc --version - FAILED (6ms)
Command failed with ENOENT: dvc --version
spawn dvc ENOENT
[version: 1.2.29, 2025-11-27T13:26:06.042Z, pid: 76030] > /home/peaches/anaconda3/bin/python -m dvc --version - INITIALIZED
[version: 1.2.29, 2025-11-27T13:26:06.051Z, pid: 76030] > /home/peaches/anaconda3/bin/python -m dvc --version - FAILED with code 1 (15ms)
/home/peaches/anaconda3/bin/python: No module named dvc

[version: 1.2.29, 2025-11-27T13:26:06.056Z, pid: 0] > dvc --version - INITIALIZED
[version: 1.2.29, 2025-11-27T13:26:06.056Z, pid: 0] > dvc --version - FAILED (5ms)
Command failed with ENOENT: dvc --version
spawn dvc ENOENT
[version: 1.2.29, 2025-11-27T13:26:11.061Z, pid: 76032] > /home/peaches/anaconda3/bin/python -m dvc --version - INITIALIZED
[version: 1.2.29, 2025-11-27T13:26:11.071Z, pid: 76032] > /home/peaches/anaconda3/bin/python -m dvc --version - FAILED with code 1 (15ms)
/home/peaches/anaconda3/bin/python: No module named dvc

[version: 1.2.29, 2025-11-27T13:26:11.076Z, pid: 0] > dvc --version - INITIALIZED
[version: 1.2.29, 2025-11-27T13:26:11.077Z, pid: 0] > dvc --version - FAILED (6ms)
Command failed with ENOENT: dvc --version
spawn dvc ENOENT
[version: 1.2.29, 2025-11-27T13:26:16.082Z, pid: 76034] > /home/peaches/anaconda3/bin/python -m dvc --version - INITIALIZED
[version: 1.2.29, 2025-11-27T13:26:16.092Z, pid: 76034] > /home/peaches/anaconda3/bin/python -m dvc --version - FAILED with code 1 (15ms)
/home/peaches/anaconda3/bin/python: No module named dvc

[version: 1.2.29, 2025-11-27T13:26:16.097Z, pid: 0] > dvc --version - INITIALIZED
[version: 1.2.29, 2025-11-27T13:26:16.097Z, pid: 0] > dvc --version - FAILED (5ms)
Command failed with ENOENT: dvc --version
spawn dvc ENOENT
[version: 1.2.29, 2025-11-27T13:26:21.102Z, pid: 76036] > /home/peaches/anaconda3/bin/python -m dvc --version - INITIALIZED
[version: 1.2.29, 2025-11-27T13:26:21.111Z, pid: 76036] > /home/peaches/anaconda3/bin/python -m dvc --version - FAILED with code 1 (14ms)
/home/peaches/anaconda3/bin/python: No module named dvc

[version: 1.2.29, 2025-11-27T13:26:21.116Z, pid: 0] > dvc --version - INITIALIZED
[version: 1.2.29, 2025-11-27T13:26:21.117Z, pid: 0] > dvc --version - FAILED (5ms)
Command failed with ENOENT: dvc --version
spawn dvc ENOENT
[version: 1.2.29, 2025-11-27T13:26:26.122Z, pid: 76041] > /home/peaches/anaconda3/bin/python -m dvc --version - INITIALIZED
[version: 1.2.29, 2025-11-27T13:26:26.133Z, pid: 76041] > /home/peaches/anaconda3/bin/python -m dvc --version - FAILED with code 1 (16ms)
/home/peaches/anaconda3/bin/python: No module named dvc

[version: 1.2.29, 2025-11-27T13:26:26.137Z, pid: 0] > dvc --version - INITIALIZED
[version: 1.2.29, 2025-11-27T13:26:26.138Z, pid: 0] > dvc --version - FAILED (5ms)
Command failed with ENOENT: dvc --version
spawn dvc ENOENT
[version: 1.2.29, 2025-11-27T13:26:31.143Z, pid: 76049] > /home/peaches/anaconda3/bin/python -m dvc --version - INITIALIZED
[version: 1.2.29, 2025-11-27T13:26:31.152Z, pid: 76049] > /home/peaches/anaconda3/bin/python -m dvc --version - FAILED with code 1 (13ms)
/home/peaches/anaconda3/bin/python: No module named dvc

[version: 1.2.29, 2025-11-27T13:26:31.157Z, pid: 0] > dvc --version - INITIALIZED
[version: 1.2.29, 2025-11-27T13:26:31.158Z, pid: 0] > dvc --version - FAILED (5ms)
Command failed with ENOENT: dvc --version
spawn dvc ENOENT
[version: 1.2.29, 2025-11-27T13:26:36.163Z, pid: 76053] > /home/peaches/anaconda3/bin/python -m dvc --version - INITIALIZED
[version: 1.2.29, 2025-11-27T13:26:36.173Z, pid: 76053] > /home/peaches/anaconda3/bin/python -m dvc --version - FAILED with code 1 (15ms)
/home/peaches/anaconda3/bin/python: No module named dvc

[version: 1.2.29, 2025-11-27T13:26:36.178Z, pid: 0] > dvc --version - INITIALIZED
[version: 1.2.29, 2025-11-27T13:26:36.179Z, pid: 0] > dvc --version - FAILED (6ms)
Command failed with ENOENT: dvc --version
spawn dvc ENOENT
[version: 1.2.29, 2025-11-27T13:26:41.185Z, pid: 76058] > /home/peaches/anaconda3/bin/python -m dvc --version - INITIALIZED
[version: 1.2.29, 2025-11-27T13:26:41.194Z, pid: 76058] > /home/peaches/anaconda3/bin/python -m dvc --version - FAILED with code 1 (14ms)
/home/peaches/anaconda3/bin/python: No module named dvc

[version: 1.2.29, 2025-11-27T13:26:41.198Z, pid: 0] > dvc --version - INITIALIZED
[version: 1.2.29, 2025-11-27T13:26:41.199Z, pid: 0] > dvc --version - FAILED (5ms)
Command failed with ENOENT: dvc --version
spawn dvc ENOENT
[version: 1.2.29, 2025-11-27T13:26:46.205Z, pid: 76060] > /home/peaches/anaconda3/bin/python -m dvc --version - INITIALIZED
[version: 1.2.29, 2025-11-27T13:26:46.214Z, pid: 76060] > /home/peaches/anaconda3/bin/python -m dvc --version - FAILED with code 1 (14ms)
/home/peaches/anaconda3/bin/python: No module named dvc

[version: 1.2.29, 2025-11-27T13:26:46.219Z, pid: 0] > dvc --version - INITIALIZED
[version: 1.2.29, 2025-11-27T13:26:46.220Z, pid: 0] > dvc --version - FAILED (5ms)
Command failed with ENOENT: dvc --version
spawn dvc ENOENT
[version: 1.2.29, 2025-11-27T13:26:51.225Z, pid: 76062] > /home/peaches/anaconda3/bin/python -m dvc --version - INITIALIZED
[version: 1.2.29, 2025-11-27T13:26:51.236Z, pid: 76062] > /home/peaches/anaconda3/bin/python -m dvc --version - FAILED with code 1 (16ms)
/home/peaches/anaconda3/bin/python: No module named dvc

[version: 1.2.29, 2025-11-27T13:26:51.241Z, pid: 0] > dvc --version - INITIALIZED
[version: 1.2.29, 2025-11-27T13:26:51.242Z, pid: 0] > dvc --version - FAILED (6ms)
Command failed with ENOENT: dvc --version
spawn dvc ENOENT
[version: 1.2.29, 2025-11-27T13:26:56.247Z, pid: 76066] > /home/peaches/anaconda3/bin/python -m dvc --version - INITIALIZED
[version: 1.2.29, 2025-11-27T13:26:56.256Z, pid: 76066] > /home/peaches/anaconda3/bin/python -m dvc --version - FAILED with code 1 (14ms)
/home/peaches/anaconda3/bin/python: No module named dvc

[version: 1.2.29, 2025-11-27T13:26:56.261Z, pid: 0] > dvc --version - INITIALIZED
[version: 1.2.29, 2025-11-27T13:26:56.262Z, pid: 0] > dvc --version - FAILED (4ms)
Command failed with ENOENT: dvc --version
spawn dvc ENOENT
[version: 1.2.29, 2025-11-27T13:27:01.268Z, pid: 76074] > /home/peaches/anaconda3/bin/python -m dvc --version - INITIALIZED
[version: 1.2.29, 2025-11-27T13:27:01.278Z, pid: 76074] > /home/peaches/anaconda3/bin/python -m dvc --version - FAILED with code 1 (16ms)
/home/peaches/anaconda3/bin/python: No module named dvc

[version: 1.2.29, 2025-11-27T13:27:01.283Z, pid: 0] > dvc --version - INITIALIZED
[version: 1.2.29, 2025-11-27T13:27:01.284Z, pid: 0] > dvc --version - FAILED (6ms)
Command failed with ENOENT: dvc --version
spawn dvc ENOENT
[version: 1.2.29, 2025-11-27T13:27:06.290Z, pid: 76076] > /home/peaches/anaconda3/bin/python -m dvc --version - INITIALIZED
[version: 1.2.29, 2025-11-27T13:27:06.299Z, pid: 76076] > /home/peaches/anaconda3/bin/python -m dvc --version - FAILED with code 1 (15ms)
/home/peaches/anaconda3/bin/python: No module named dvc

[version: 1.2.29, 2025-11-27T13:27:06.304Z, pid: 0] > dvc --version - INITIALIZED
[version: 1.2.29, 2025-11-27T13:27:06.305Z, pid: 0] > dvc --version - FAILED (5ms)
Command failed with ENOENT: dvc --version
spawn dvc ENOENT
[version: 1.2.29, 2025-11-27T13:27:11.311Z, pid: 76079] > /home/peaches/anaconda3/bin/python -m dvc --version - INITIALIZED
[version: 1.2.29, 2025-11-27T13:27:11.320Z, pid: 76079] > /home/peaches/anaconda3/bin/python -m dvc --version - FAILED with code 1 (15ms)
/home/peaches/anaconda3/bin/python: No module named dvc

[version: 1.2.29, 2025-11-27T13:27:11.325Z, pid: 0] > dvc --version - INITIALIZED
[version: 1.2.29, 2025-11-27T13:27:11.326Z, pid: 0] > dvc --version - FAILED (6ms)
Command failed with ENOENT: dvc --version
spawn dvc ENOENT
[version: 1.2.29, 2025-11-27T13:27:16.331Z, pid: 76083] > /home/peaches/anaconda3/bin/python -m dvc --version - INITIALIZED
[version: 1.2.29, 2025-11-27T13:27:16.341Z, pid: 76083] > /home/peaches/anaconda3/bin/python -m dvc --version - FAILED with code 1 (15ms)
/home/peaches/anaconda3/bin/python: No module named dvc

[version: 1.2.29, 2025-11-27T13:27:16.346Z, pid: 0] > dvc --version - INITIALIZED
[version: 1.2.29, 2025-11-27T13:27:16.347Z, pid: 0] > dvc --version - FAILED (5ms)
Command failed with ENOENT: dvc --version
spawn dvc ENOENT
[version: 1.2.29, 2025-11-27T13:27:21.354Z, pid: 76085] > /home/peaches/anaconda3/bin/python -m dvc --version - INITIALIZED
[version: 1.2.29, 2025-11-27T13:27:21.364Z, pid: 76085] > /home/peaches/anaconda3/bin/python -m dvc --version - FAILED with code 1 (17ms)
/home/peaches/anaconda3/bin/python: No module named dvc

[version: 1.2.29, 2025-11-27T13:27:21.369Z, pid: 0] > dvc --version - INITIALIZED
[version: 1.2.29, 2025-11-27T13:27:21.370Z, pid: 0] > dvc --version - FAILED (4ms)
Command failed with ENOENT: dvc --version
spawn dvc ENOENT
[version: 1.2.29, 2025-11-27T13:27:26.376Z, pid: 76087] > /home/peaches/anaconda3/bin/python -m dvc --version - INITIALIZED
[version: 1.2.29, 2025-11-27T13:27:26.385Z, pid: 76087] > /home/peaches/anaconda3/bin/python -m dvc --version - FAILED with code 1 (15ms)
/home/peaches/anaconda3/bin/python: No module named dvc

[version: 1.2.29, 2025-11-27T13:27:26.389Z, pid: 0] > dvc --version - INITIALIZED
[version: 1.2.29, 2025-11-27T13:27:26.390Z, pid: 0] > dvc --version - FAILED (5ms)
Command failed with ENOENT: dvc --version
spawn dvc ENOENT
[version: 1.2.29, 2025-11-27T13:27:31.396Z, pid: 76093] > /home/peaches/anaconda3/bin/python -m dvc --version - INITIALIZED
[version: 1.2.29, 2025-11-27T13:27:31.407Z, pid: 76093] > /home/peaches/anaconda3/bin/python -m dvc --version - FAILED with code 1 (16ms)
/home/peaches/anaconda3/bin/python: No module named dvc

[version: 1.2.29, 2025-11-27T13:27:31.413Z, pid: 0] > dvc --version - INITIALIZED
[version: 1.2.29, 2025-11-27T13:27:31.414Z, pid: 0] > dvc --version - FAILED (7ms)
Command failed with ENOENT: dvc --version
spawn dvc ENOENT
[version: 1.2.29, 2025-11-27T13:27:36.420Z, pid: 76095] > /home/peaches/anaconda3/bin/python -m dvc --version - INITIALIZED
[version: 1.2.29, 2025-11-27T13:27:36.429Z, pid: 76095] > /home/peaches/anaconda3/bin/python -m dvc --version - FAILED with code 1 (14ms)
/home/peaches/anaconda3/bin/python: No module named dvc

[version: 1.2.29, 2025-11-27T13:27:36.434Z, pid: 0] > dvc --version - INITIALIZED
[version: 1.2.29, 2025-11-27T13:27:36.435Z, pid: 0] > dvc --version - FAILED (5ms)
Command failed with ENOENT: dvc --version
spawn dvc ENOENT
[version: 1.2.29, 2025-11-27T13:27:41.440Z, pid: 76097] > /home/peaches/anaconda3/bin/python -m dvc --version - INITIALIZED
[version: 1.2.29, 2025-11-27T13:27:41.450Z, pid: 76097] > /home/peaches/anaconda3/bin/python -m dvc --version - FAILED with code 1 (14ms)
/home/peaches/anaconda3/bin/python: No module named dvc

[version: 1.2.29, 2025-11-27T13:27:41.454Z, pid: 0] > dvc --version - INITIALIZED
[version: 1.2.29, 2025-11-27T13:27:41.455Z, pid: 0] > dvc --version - FAILED (5ms)
Command failed with ENOENT: dvc --version
spawn dvc ENOENT
[version: 1.2.29, 2025-11-27T13:27:46.461Z, pid: 76121] > /home/peaches/anaconda3/bin/python -m dvc --version - INITIALIZED
[version: 1.2.29, 2025-11-27T13:27:46.472Z, pid: 76121] > /home/peaches/anaconda3/bin/python -m dvc --version - FAILED with code 1 (16ms)
/home/peaches/anaconda3/bin/python: No module named dvc

[version: 1.2.29, 2025-11-27T13:27:46.477Z, pid: 0] > dvc --version - INITIALIZED
[version: 1.2.29, 2025-11-27T13:27:46.478Z, pid: 0] > dvc --version - FAILED (5ms)
Command failed with ENOENT: dvc --version
spawn dvc ENOENT
[version: 1.2.29, 2025-11-27T13:27:51.485Z, pid: 76158] > /home/peaches/anaconda3/bin/python -m dvc --version - INITIALIZED
[version: 1.2.29, 2025-11-27T13:27:51.495Z, pid: 76158] > /home/peaches/anaconda3/bin/python -m dvc --version - FAILED with code 1 (16ms)
/home/peaches/anaconda3/bin/python: No module named dvc

[version: 1.2.29, 2025-11-27T13:27:51.500Z, pid: 0] > dvc --version - INITIALIZED
[version: 1.2.29, 2025-11-27T13:27:51.501Z, pid: 0] > dvc --version - FAILED (6ms)
Command failed with ENOENT: dvc --version
spawn dvc ENOENT
[version: 1.2.29, 2025-11-27T13:27:56.507Z, pid: 76188] > /home/peaches/anaconda3/bin/python -m dvc --version - INITIALIZED
[version: 1.2.29, 2025-11-27T13:27:56.516Z, pid: 76188] > /home/peaches/anaconda3/bin/python -m dvc --version - FAILED with code 1 (15ms)
/home/peaches/anaconda3/bin/python: No module named dvc

[version: 1.2.29, 2025-11-27T13:27:56.521Z, pid: 0] > dvc --version - INITIALIZED
[version: 1.2.29, 2025-11-27T13:27:56.522Z, pid: 0] > dvc --version - FAILED (6ms)
Command failed with ENOENT: dvc --version
spawn dvc ENOENT
[version: 1.2.29, 2025-11-27T13:28:01.528Z, pid: 76227] > /home/peaches/anaconda3/bin/python -m dvc --version - INITIALIZED
[version: 1.2.29, 2025-11-27T13:28:01.538Z, pid: 76227] > /home/peaches/anaconda3/bin/python -m dvc --version - FAILED with code 1 (15ms)
/home/peaches/anaconda3/bin/python: No module named dvc

[version: 1.2.29, 2025-11-27T13:28:01.544Z, pid: 0] > dvc --version - INITIALIZED
[version: 1.2.29, 2025-11-27T13:28:01.545Z, pid: 0] > dvc --version - FAILED (7ms)
Command failed with ENOENT: dvc --version
spawn dvc ENOENT
[version: 1.2.29, 2025-11-27T13:28:06.551Z, pid: 76259] > /home/peaches/anaconda3/bin/python -m dvc --version - INITIALIZED
[version: 1.2.29, 2025-11-27T13:28:06.562Z, pid: 76259] > /home/peaches/anaconda3/bin/python -m dvc --version - FAILED with code 1 (16ms)
/home/peaches/anaconda3/bin/python: No module named dvc

[version: 1.2.29, 2025-11-27T13:28:06.567Z, pid: 0] > dvc --version - INITIALIZED
[version: 1.2.29, 2025-11-27T13:28:06.568Z, pid: 0] > dvc --version - FAILED (6ms)
Command failed with ENOENT: dvc --version
spawn dvc ENOENT
[version: 1.2.29, 2025-11-27T13:28:11.573Z, pid: 76295] > /home/peaches/anaconda3/bin/python -m dvc --version - INITIALIZED
[version: 1.2.29, 2025-11-27T13:28:11.582Z, pid: 76295] > /home/peaches/anaconda3/bin/python -m dvc --version - FAILED with code 1 (14ms)
/home/peaches/anaconda3/bin/python: No module named dvc

[version: 1.2.29, 2025-11-27T13:28:11.587Z, pid: 0] > dvc --version - INITIALIZED
[version: 1.2.29, 2025-11-27T13:28:11.588Z, pid: 0] > dvc --version - FAILED (5ms)
Command failed with ENOENT: dvc --version
spawn dvc ENOENT
[version: 1.2.29, 2025-11-27T13:28:16.595Z, pid: 76297] > /home/peaches/anaconda3/bin/python -m dvc --version - INITIALIZED
[version: 1.2.29, 2025-11-27T13:28:16.604Z, pid: 76297] > /home/peaches/anaconda3/bin/python -m dvc --version - FAILED with code 1 (15ms)
/home/peaches/anaconda3/bin/python: No module named dvc

[version: 1.2.29, 2025-11-27T13:28:16.609Z, pid: 0] > dvc --version - INITIALIZED
[version: 1.2.29, 2025-11-27T13:28:16.610Z, pid: 0] > dvc --version - FAILED (4ms)
Command failed with ENOENT: dvc --version
spawn dvc ENOENT
[version: 1.2.29, 2025-11-27T13:28:21.616Z, pid: 76299] > /home/peaches/anaconda3/bin/python -m dvc --version - INITIALIZED
[version: 1.2.29, 2025-11-27T13:28:21.626Z, pid: 76299] > /home/peaches/anaconda3/bin/python -m dvc --version - FAILED with code 1 (14ms)
/home/peaches/anaconda3/bin/python: No module named dvc

[version: 1.2.29, 2025-11-27T13:28:21.631Z, pid: 0] > dvc --version - INITIALIZED
[version: 1.2.29, 2025-11-27T13:28:21.631Z, pid: 0] > dvc --version - FAILED (5ms)
Command failed with ENOENT: dvc --version
spawn dvc ENOENT
[version: 1.2.29, 2025-11-27T13:28:26.636Z, pid: 76301] > /home/peaches/anaconda3/bin/python -m dvc --version - INITIALIZED
[version: 1.2.29, 2025-11-27T13:28:26.645Z, pid: 76301] > /home/peaches/anaconda3/bin/python -m dvc --version - FAILED with code 1 (14ms)
/home/peaches/anaconda3/bin/python: No module named dvc

[version: 1.2.29, 2025-11-27T13:28:26.650Z, pid: 0] > dvc --version - INITIALIZED
[version: 1.2.29, 2025-11-27T13:28:26.651Z, pid: 0] > dvc --version - FAILED (5ms)
Command failed with ENOENT: dvc --version
spawn dvc ENOENT
[version: 1.2.29, 2025-11-27T13:28:31.655Z, pid: 76303] > /home/peaches/anaconda3/bin/python -m dvc --version - INITIALIZED
[version: 1.2.29, 2025-11-27T13:28:31.665Z, pid: 76303] > /home/peaches/anaconda3/bin/python -m dvc --version - FAILED with code 1 (15ms)
/home/peaches/anaconda3/bin/python: No module named dvc

[version: 1.2.29, 2025-11-27T13:28:31.669Z, pid: 0] > dvc --version - INITIALIZED
[version: 1.2.29, 2025-11-27T13:28:31.670Z, pid: 0] > dvc --version - FAILED (5ms)
Command failed with ENOENT: dvc --version
spawn dvc ENOENT
[version: 1.2.29, 2025-11-27T13:28:36.676Z, pid: 76305] > /home/peaches/anaconda3/bin/python -m dvc --version - INITIALIZED
[version: 1.2.29, 2025-11-27T13:28:36.686Z, pid: 76305] > /home/peaches/anaconda3/bin/python -m dvc --version - FAILED with code 1 (15ms)
/home/peaches/anaconda3/bin/python: No module named dvc

[version: 1.2.29, 2025-11-27T13:28:36.690Z, pid: 0] > dvc --version - INITIALIZED
[version: 1.2.29, 2025-11-27T13:28:36.691Z, pid: 0] > dvc --version - FAILED (5ms)
Command failed with ENOENT: dvc --version
spawn dvc ENOENT
[version: 1.2.29, 2025-11-27T13:28:41.697Z, pid: 76308] > /home/peaches/anaconda3/bin/python -m dvc --version - INITIALIZED
[version: 1.2.29, 2025-11-27T13:28:41.706Z, pid: 76308] > /home/peaches/anaconda3/bin/python -m dvc --version - FAILED with code 1 (14ms)
/home/peaches/anaconda3/bin/python: No module named dvc

[version: 1.2.29, 2025-11-27T13:28:41.711Z, pid: 0] > dvc --version - INITIALIZED
[version: 1.2.29, 2025-11-27T13:28:41.712Z, pid: 0] > dvc --version - FAILED (5ms)
Command failed with ENOENT: dvc --version
spawn dvc ENOENT
[version: 1.2.29, 2025-11-27T13:28:46.717Z, pid: 76310] > /home/peaches/anaconda3/bin/python -m dvc --version - INITIALIZED
[version: 1.2.29, 2025-11-27T13:28:46.727Z, pid: 76310] > /home/peaches/anaconda3/bin/python -m dvc --version - FAILED with code 1 (13ms)
/home/peaches/anaconda3/bin/python: No module named dvc

[version: 1.2.29, 2025-11-27T13:28:46.731Z, pid: 0] > dvc --version - INITIALIZED
[version: 1.2.29, 2025-11-27T13:28:46.732Z, pid: 0] > dvc --version - FAILED (5ms)
Command failed with ENOENT: dvc --version
spawn dvc ENOENT
[version: 1.2.29, 2025-11-27T13:28:51.738Z, pid: 76312] > /home/peaches/anaconda3/bin/python -m dvc --version - INITIALIZED
[version: 1.2.29, 2025-11-27T13:28:51.747Z, pid: 76312] > /home/peaches/anaconda3/bin/python -m dvc --version - FAILED with code 1 (15ms)
/home/peaches/anaconda3/bin/python: No module named dvc

[version: 1.2.29, 2025-11-27T13:28:51.752Z, pid: 0] > dvc --version - INITIALIZED
[version: 1.2.29, 2025-11-27T13:28:51.752Z, pid: 0] > dvc --version - FAILED (4ms)
Command failed with ENOENT: dvc --version
spawn dvc ENOENT
[version: 1.2.29, 2025-11-27T13:28:56.758Z, pid: 76316] > /home/peaches/anaconda3/bin/python -m dvc --version - INITIALIZED
[version: 1.2.29, 2025-11-27T13:28:56.768Z, pid: 76316] > /home/peaches/anaconda3/bin/python -m dvc --version - FAILED with code 1 (15ms)
/home/peaches/anaconda3/bin/python: No module named dvc

[version: 1.2.29, 2025-11-27T13:28:56.773Z, pid: 0] > dvc --version - INITIALIZED
[version: 1.2.29, 2025-11-27T13:28:56.773Z, pid: 0] > dvc --version - FAILED (5ms)
Command failed with ENOENT: dvc --version
spawn dvc ENOENT
[version: 1.2.29, 2025-11-27T13:29:01.780Z, pid: 76318] > /home/peaches/anaconda3/bin/python -m dvc --version - INITIALIZED
[version: 1.2.29, 2025-11-27T13:29:01.789Z, pid: 76318] > /home/peaches/anaconda3/bin/python -m dvc --version - FAILED with code 1 (15ms)
/home/peaches/anaconda3/bin/python: No module named dvc

[version: 1.2.29, 2025-11-27T13:29:01.794Z, pid: 0] > dvc --version - INITIALIZED
[version: 1.2.29, 2025-11-27T13:29:01.795Z, pid: 0] > dvc --version - FAILED (4ms)
Command failed with ENOENT: dvc --version
spawn dvc ENOENT
[version: 1.2.29, 2025-11-27T13:29:06.802Z, pid: 76320] > /home/peaches/anaconda3/bin/python -m dvc --version - INITIALIZED
[version: 1.2.29, 2025-11-27T13:29:06.812Z, pid: 76320] > /home/peaches/anaconda3/bin/python -m dvc --version - FAILED with code 1 (17ms)
/home/peaches/anaconda3/bin/python: No module named dvc

[version: 1.2.29, 2025-11-27T13:29:06.817Z, pid: 0] > dvc --version - INITIALIZED
[version: 1.2.29, 2025-11-27T13:29:06.818Z, pid: 0] > dvc --version - FAILED (6ms)
Command failed with ENOENT: dvc --version
spawn dvc ENOENT
[version: 1.2.29, 2025-11-27T13:29:11.823Z, pid: 76322] > /home/peaches/anaconda3/bin/python -m dvc --version - INITIALIZED
[version: 1.2.29, 2025-11-27T13:29:11.832Z, pid: 76322] > /home/peaches/anaconda3/bin/python -m dvc --version - FAILED with code 1 (14ms)
/home/peaches/anaconda3/bin/python: No module named dvc

[version: 1.2.29, 2025-11-27T13:29:11.837Z, pid: 0] > dvc --version - INITIALIZED
[version: 1.2.29, 2025-11-27T13:29:11.838Z, pid: 0] > dvc --version - FAILED (5ms)
Command failed with ENOENT: dvc --version
spawn dvc ENOENT
[version: 1.2.29, 2025-11-27T13:29:16.841Z, pid: 76324] > /home/peaches/anaconda3/bin/python -m dvc --version - INITIALIZED
[version: 1.2.29, 2025-11-27T13:29:16.851Z, pid: 76324] > /home/peaches/anaconda3/bin/python -m dvc --version - FAILED with code 1 (14ms)
/home/peaches/anaconda3/bin/python: No module named dvc

[version: 1.2.29, 2025-11-27T13:29:16.855Z, pid: 0] > dvc --version - INITIALIZED
[version: 1.2.29, 2025-11-27T13:29:16.856Z, pid: 0] > dvc --version - FAILED (5ms)
Command failed with ENOENT: dvc --version
spawn dvc ENOENT
[version: 1.2.29, 2025-11-27T13:29:21.861Z, pid: 76326] > /home/peaches/anaconda3/bin/python -m dvc --version - INITIALIZED
[version: 1.2.29, 2025-11-27T13:29:21.871Z, pid: 76326] > /home/peaches/anaconda3/bin/python -m dvc --version - FAILED with code 1 (15ms)
/home/peaches/anaconda3/bin/python: No module named dvc

[version: 1.2.29, 2025-11-27T13:29:21.875Z, pid: 0] > dvc --version - INITIALIZED
[version: 1.2.29, 2025-11-27T13:29:21.876Z, pid: 0] > dvc --version - FAILED (5ms)
Command failed with ENOENT: dvc --version
spawn dvc ENOENT
[version: 1.2.29, 2025-11-27T13:29:26.883Z, pid: 76328] > /home/peaches/anaconda3/bin/python -m dvc --version - INITIALIZED
[version: 1.2.29, 2025-11-27T13:29:26.892Z, pid: 76328] > /home/peaches/anaconda3/bin/python -m dvc --version - FAILED with code 1 (15ms)
/home/peaches/anaconda3/bin/python: No module named dvc

[version: 1.2.29, 2025-11-27T13:29:26.897Z, pid: 0] > dvc --version - INITIALIZED
[version: 1.2.29, 2025-11-27T13:29:26.898Z, pid: 0] > dvc --version - FAILED (5ms)
Command failed with ENOENT: dvc --version
spawn dvc ENOENT
[version: 1.2.29, 2025-11-27T13:29:31.903Z, pid: 76330] > /home/peaches/anaconda3/bin/python -m dvc --version - INITIALIZED
[version: 1.2.29, 2025-11-27T13:29:31.913Z, pid: 76330] > /home/peaches/anaconda3/bin/python -m dvc --version - FAILED with code 1 (14ms)
/home/peaches/anaconda3/bin/python: No module named dvc

[version: 1.2.29, 2025-11-27T13:29:31.917Z, pid: 0] > dvc --version - INITIALIZED
[version: 1.2.29, 2025-11-27T13:29:31.918Z, pid: 0] > dvc --version - FAILED (5ms)
Command failed with ENOENT: dvc --version
spawn dvc ENOENT
[version: 1.2.29, 2025-11-27T13:29:36.923Z, pid: 76332] > /home/peaches/anaconda3/bin/python -m dvc --version - INITIALIZED
[version: 1.2.29, 2025-11-27T13:29:36.933Z, pid: 76332] > /home/peaches/anaconda3/bin/python -m dvc --version - FAILED with code 1 (14ms)
/home/peaches/anaconda3/bin/python: No module named dvc

[version: 1.2.29, 2025-11-27T13:29:36.937Z, pid: 0] > dvc --version - INITIALIZED
[version: 1.2.29, 2025-11-27T13:29:36.938Z, pid: 0] > dvc --version - FAILED (5ms)
Command failed with ENOENT: dvc --version
spawn dvc ENOENT
[version: 1.2.29, 2025-11-27T13:29:41.943Z, pid: 76334] > /home/peaches/anaconda3/bin/python -m dvc --version - INITIALIZED
[version: 1.2.29, 2025-11-27T13:29:41.953Z, pid: 76334] > /home/peaches/anaconda3/bin/python -m dvc --version - FAILED with code 1 (14ms)
/home/peaches/anaconda3/bin/python: No module named dvc

[version: 1.2.29, 2025-11-27T13:29:41.957Z, pid: 0] > dvc --version - INITIALIZED
[version: 1.2.29, 2025-11-27T13:29:41.958Z, pid: 0] > dvc --version - FAILED (5ms)
Command failed with ENOENT: dvc --version
spawn dvc ENOENT
[version: 1.2.29, 2025-11-27T13:29:46.964Z, pid: 76336] > /home/peaches/anaconda3/bin/python -m dvc --version - INITIALIZED
[version: 1.2.29, 2025-11-27T13:29:46.973Z, pid: 76336] > /home/peaches/anaconda3/bin/python -m dvc --version - FAILED with code 1 (14ms)
/home/peaches/anaconda3/bin/python: No module named dvc

[version: 1.2.29, 2025-11-27T13:29:46.978Z, pid: 0] > dvc --version - INITIALIZED
[version: 1.2.29, 2025-11-27T13:29:46.978Z, pid: 0] > dvc --version - FAILED (4ms)
Command failed with ENOENT: dvc --version
spawn dvc ENOENT
[version: 1.2.29, 2025-11-27T13:29:51.984Z, pid: 76338] > /home/peaches/anaconda3/bin/python -m dvc --version - INITIALIZED
[version: 1.2.29, 2025-11-27T13:29:51.994Z, pid: 76338] > /home/peaches/anaconda3/bin/python -m dvc --version - FAILED with code 1 (15ms)
/home/peaches/anaconda3/bin/python: No module named dvc

[version: 1.2.29, 2025-11-27T13:29:51.999Z, pid: 0] > dvc --version - INITIALIZED
[version: 1.2.29, 2025-11-27T13:29:52.000Z, pid: 0] > dvc --version - FAILED (6ms)
Command failed with ENOENT: dvc --version
spawn dvc ENOENT
[version: 1.2.29, 2025-11-27T13:29:57.006Z, pid: 76342] > /home/peaches/anaconda3/bin/python -m dvc --version - INITIALIZED
[version: 1.2.29, 2025-11-27T13:29:57.015Z, pid: 76342] > /home/peaches/anaconda3/bin/python -m dvc --version - FAILED with code 1 (14ms)
/home/peaches/anaconda3/bin/python: No module named dvc

[version: 1.2.29, 2025-11-27T13:29:57.020Z, pid: 0] > dvc --version - INITIALIZED
[version: 1.2.29, 2025-11-27T13:29:57.021Z, pid: 0] > dvc --version - FAILED (5ms)
Command failed with ENOENT: dvc --version
spawn dvc ENOENT
[version: 1.2.29, 2025-11-27T13:30:02.027Z, pid: 76344] > /home/peaches/anaconda3/bin/python -m dvc --version - INITIALIZED
[version: 1.2.29, 2025-11-27T13:30:02.037Z, pid: 76344] > /home/peaches/anaconda3/bin/python -m dvc --version - FAILED with code 1 (15ms)
/home/peaches/anaconda3/bin/python: No module named dvc

[version: 1.2.29, 2025-11-27T13:30:02.042Z, pid: 0] > dvc --version - INITIALIZED
[version: 1.2.29, 2025-11-27T13:30:02.042Z, pid: 0] > dvc --version - FAILED (5ms)
Command failed with ENOENT: dvc --version
spawn dvc ENOENT
[version: 1.2.29, 2025-11-27T13:30:07.048Z, pid: 76346] > /home/peaches/anaconda3/bin/python -m dvc --version - INITIALIZED
[version: 1.2.29, 2025-11-27T13:30:07.057Z, pid: 76346] > /home/peaches/anaconda3/bin/python -m dvc --version - FAILED with code 1 (15ms)
/home/peaches/anaconda3/bin/python: No module named dvc

[version: 1.2.29, 2025-11-27T13:30:07.062Z, pid: 0] > dvc --version - INITIALIZED
[version: 1.2.29, 2025-11-27T13:30:07.062Z, pid: 0] > dvc --version - FAILED (5ms)
Command failed with ENOENT: dvc --version
spawn dvc ENOENT
[version: 1.2.29, 2025-11-27T13:30:12.067Z, pid: 76348] > /home/peaches/anaconda3/bin/python -m dvc --version - INITIALIZED
[version: 1.2.29, 2025-11-27T13:30:12.076Z, pid: 76348] > /home/peaches/anaconda3/bin/python -m dvc --version - FAILED with code 1 (13ms)
/home/peaches/anaconda3/bin/python: No module named dvc

[version: 1.2.29, 2025-11-27T13:30:12.081Z, pid: 0] > dvc --version - INITIALIZED
[version: 1.2.29, 2025-11-27T13:30:12.082Z, pid: 0] > dvc --version - FAILED (5ms)
Command failed with ENOENT: dvc --version
spawn dvc ENOENT
[version: 1.2.29, 2025-11-27T13:30:17.088Z, pid: 76350] > /home/peaches/anaconda3/bin/python -m dvc --version - INITIALIZED
[version: 1.2.29, 2025-11-27T13:30:17.098Z, pid: 76350] > /home/peaches/anaconda3/bin/python -m dvc --version - FAILED with code 1 (15ms)
/home/peaches/anaconda3/bin/python: No module named dvc

[version: 1.2.29, 2025-11-27T13:30:17.102Z, pid: 0] > dvc --version - INITIALIZED
[version: 1.2.29, 2025-11-27T13:30:17.103Z, pid: 0] > dvc --version - FAILED (5ms)
Command failed with ENOENT: dvc --version
spawn dvc ENOENT
[version: 1.2.29, 2025-11-27T13:30:22.108Z, pid: 76352] > /home/peaches/anaconda3/bin/python -m dvc --version - INITIALIZED
[version: 1.2.29, 2025-11-27T13:30:22.118Z, pid: 76352] > /home/peaches/anaconda3/bin/python -m dvc --version - FAILED with code 1 (15ms)
/home/peaches/anaconda3/bin/python: No module named dvc

[version: 1.2.29, 2025-11-27T13:30:22.122Z, pid: 0] > dvc --version - INITIALIZED
[version: 1.2.29, 2025-11-27T13:30:22.123Z, pid: 0] > dvc --version - FAILED (5ms)
Command failed with ENOENT: dvc --version
spawn dvc ENOENT
[version: 1.2.29, 2025-11-27T13:30:27.129Z, pid: 76354] > /home/peaches/anaconda3/bin/python -m dvc --version - INITIALIZED
[version: 1.2.29, 2025-11-27T13:30:27.138Z, pid: 76354] > /home/peaches/anaconda3/bin/python -m dvc --version - FAILED with code 1 (14ms)
/home/peaches/anaconda3/bin/python: No module named dvc

[version: 1.2.29, 2025-11-27T13:30:27.143Z, pid: 0] > dvc --version - INITIALIZED
[version: 1.2.29, 2025-11-27T13:30:27.144Z, pid: 0] > dvc --version - FAILED (5ms)
Command failed with ENOENT: dvc --version
spawn dvc ENOENT
[version: 1.2.29, 2025-11-27T13:30:32.150Z, pid: 76356] > /home/peaches/anaconda3/bin/python -m dvc --version - INITIALIZED
[version: 1.2.29, 2025-11-27T13:30:32.160Z, pid: 76356] > /home/peaches/anaconda3/bin/python -m dvc --version - FAILED with code 1 (16ms)
/home/peaches/anaconda3/bin/python: No module named dvc

[version: 1.2.29, 2025-11-27T13:30:32.164Z, pid: 0] > dvc --version - INITIALIZED
[version: 1.2.29, 2025-11-27T13:30:32.165Z, pid: 0] > dvc --version - FAILED (5ms)
Command failed with ENOENT: dvc --version
spawn dvc ENOENT
[version: 1.2.29, 2025-11-27T13:30:37.171Z, pid: 76358] > /home/peaches/anaconda3/bin/python -m dvc --version - INITIALIZED
[version: 1.2.29, 2025-11-27T13:30:37.181Z, pid: 76358] > /home/peaches/anaconda3/bin/python -m dvc --version - FAILED with code 1 (16ms)
/home/peaches/anaconda3/bin/python: No module named dvc

[version: 1.2.29, 2025-11-27T13:30:37.186Z, pid: 0] > dvc --version - INITIALIZED
[version: 1.2.29, 2025-11-27T13:30:37.187Z, pid: 0] > dvc --version - FAILED (5ms)
Command failed with ENOENT: dvc --version
spawn dvc ENOENT
[version: 1.2.29, 2025-11-27T13:30:42.193Z, pid: 76361] > /home/peaches/anaconda3/bin/python -m dvc --version - INITIALIZED
[version: 1.2.29, 2025-11-27T13:30:42.202Z, pid: 76361] > /home/peaches/anaconda3/bin/python -m dvc --version - FAILED with code 1 (15ms)
/home/peaches/anaconda3/bin/python: No module named dvc

[version: 1.2.29, 2025-11-27T13:30:42.207Z, pid: 0] > dvc --version - INITIALIZED
[version: 1.2.29, 2025-11-27T13:30:42.208Z, pid: 0] > dvc --version - FAILED (5ms)
Command failed with ENOENT: dvc --version
spawn dvc ENOENT
[version: 1.2.29, 2025-11-27T13:30:47.214Z, pid: 76363] > /home/peaches/anaconda3/bin/python -m dvc --version - INITIALIZED
[version: 1.2.29, 2025-11-27T13:30:47.224Z, pid: 76363] > /home/peaches/anaconda3/bin/python -m dvc --version - FAILED with code 1 (16ms)
/home/peaches/anaconda3/bin/python: No module named dvc

[version: 1.2.29, 2025-11-27T13:30:47.229Z, pid: 0] > dvc --version - INITIALIZED
[version: 1.2.29, 2025-11-27T13:30:47.230Z, pid: 0] > dvc --version - FAILED (4ms)
Command failed with ENOENT: dvc --version
spawn dvc ENOENT
[version: 1.2.29, 2025-11-27T13:30:52.236Z, pid: 76365] > /home/peaches/anaconda3/bin/python -m dvc --version - INITIALIZED
[version: 1.2.29, 2025-11-27T13:30:52.245Z, pid: 76365] > /home/peaches/anaconda3/bin/python -m dvc --version - FAILED with code 1 (14ms)
/home/peaches/anaconda3/bin/python: No module named dvc

[version: 1.2.29, 2025-11-27T13:30:52.250Z, pid: 0] > dvc --version - INITIALIZED
[version: 1.2.29, 2025-11-27T13:30:52.250Z, pid: 0] > dvc --version - FAILED (5ms)
Command failed with ENOENT: dvc --version
spawn dvc ENOENT
[version: 1.2.29, 2025-11-27T13:30:57.256Z, pid: 76369] > /home/peaches/anaconda3/bin/python -m dvc --version - INITIALIZED
[version: 1.2.29, 2025-11-27T13:30:57.265Z, pid: 76369] > /home/peaches/anaconda3/bin/python -m dvc --version - FAILED with code 1 (15ms)
/home/peaches/anaconda3/bin/python: No module named dvc

[version: 1.2.29, 2025-11-27T13:30:57.270Z, pid: 0] > dvc --version - INITIALIZED
[version: 1.2.29, 2025-11-27T13:30:57.271Z, pid: 0] > dvc --version - FAILED (5ms)
Command failed with ENOENT: dvc --version
spawn dvc ENOENT
[version: 1.2.29, 2025-11-27T13:31:02.276Z, pid: 76371] > /home/peaches/anaconda3/bin/python -m dvc --version - INITIALIZED
[version: 1.2.29, 2025-11-27T13:31:02.286Z, pid: 76371] > /home/peaches/anaconda3/bin/python -m dvc --version - FAILED with code 1 (13ms)
/home/peaches/anaconda3/bin/python: No module named dvc

[version: 1.2.29, 2025-11-27T13:31:02.290Z, pid: 0] > dvc --version - INITIALIZED
[version: 1.2.29, 2025-11-27T13:31:02.291Z, pid: 0] > dvc --version - FAILED (5ms)
Command failed with ENOENT: dvc --version
spawn dvc ENOENT
[version: 1.2.29, 2025-11-27T13:31:07.298Z, pid: 76373] > /home/peaches/anaconda3/bin/python -m dvc --version - INITIALIZED
[version: 1.2.29, 2025-11-27T13:31:07.308Z, pid: 76373] > /home/peaches/anaconda3/bin/python -m dvc --version - FAILED with code 1 (16ms)
/home/peaches/anaconda3/bin/python: No module named dvc

[version: 1.2.29, 2025-11-27T13:31:07.312Z, pid: 0] > dvc --version - INITIALIZED
[version: 1.2.29, 2025-11-27T13:31:07.313Z, pid: 0] > dvc --version - FAILED (5ms)
Command failed with ENOENT: dvc --version
spawn dvc ENOENT
[version: 1.2.29, 2025-11-27T13:31:12.319Z, pid: 76375] > /home/peaches/anaconda3/bin/python -m dvc --version - INITIALIZED
[version: 1.2.29, 2025-11-27T13:31:12.328Z, pid: 76375] > /home/peaches/anaconda3/bin/python -m dvc --version - FAILED with code 1 (15ms)
/home/peaches/anaconda3/bin/python: No module named dvc

[version: 1.2.29, 2025-11-27T13:31:12.333Z, pid: 0] > dvc --version - INITIALIZED
[version: 1.2.29, 2025-11-27T13:31:12.334Z, pid: 0] > dvc --version - FAILED (5ms)
Command failed with ENOENT: dvc --version
spawn dvc ENOENT
[version: 1.2.29, 2025-11-27T13:31:17.340Z, pid: 76377] > /home/peaches/anaconda3/bin/python -m dvc --version - INITIALIZED
[version: 1.2.29, 2025-11-27T13:31:17.349Z, pid: 76377] > /home/peaches/anaconda3/bin/python -m dvc --version - FAILED with code 1 (14ms)
/home/peaches/anaconda3/bin/python: No module named dvc

[version: 1.2.29, 2025-11-27T13:31:17.353Z, pid: 0] > dvc --version - INITIALIZED
[version: 1.2.29, 2025-11-27T13:31:17.354Z, pid: 0] > dvc --version - FAILED (5ms)
Command failed with ENOENT: dvc --version
spawn dvc ENOENT
[version: 1.2.29, 2025-11-27T13:31:22.360Z, pid: 76379] > /home/peaches/anaconda3/bin/python -m dvc --version - INITIALIZED
[version: 1.2.29, 2025-11-27T13:31:22.369Z, pid: 76379] > /home/peaches/anaconda3/bin/python -m dvc --version - FAILED with code 1 (14ms)
/home/peaches/anaconda3/bin/python: No module named dvc

[version: 1.2.29, 2025-11-27T13:31:22.374Z, pid: 0] > dvc --version - INITIALIZED
[version: 1.2.29, 2025-11-27T13:31:22.374Z, pid: 0] > dvc --version - FAILED (4ms)
Command failed with ENOENT: dvc --version
spawn dvc ENOENT
[version: 1.2.29, 2025-11-27T13:31:27.380Z, pid: 76382] > /home/peaches/anaconda3/bin/python -m dvc --version - INITIALIZED
[version: 1.2.29, 2025-11-27T13:31:27.389Z, pid: 76382] > /home/peaches/anaconda3/bin/python -m dvc --version - FAILED with code 1 (14ms)
/home/peaches/anaconda3/bin/python: No module named dvc

[version: 1.2.29, 2025-11-27T13:31:27.394Z, pid: 0] > dvc --version - INITIALIZED
[version: 1.2.29, 2025-11-27T13:31:27.394Z, pid: 0] > dvc --version - FAILED (4ms)
Command failed with ENOENT: dvc --version
spawn dvc ENOENT
[version: 1.2.29, 2025-11-27T13:31:32.401Z, pid: 76384] > /home/peaches/anaconda3/bin/python -m dvc --version - INITIALIZED
[version: 1.2.29, 2025-11-27T13:31:32.411Z, pid: 76384] > /home/peaches/anaconda3/bin/python -m dvc --version - FAILED with code 1 (16ms)
/home/peaches/anaconda3/bin/python: No module named dvc

[version: 1.2.29, 2025-11-27T13:31:32.415Z, pid: 0] > dvc --version - INITIALIZED
[version: 1.2.29, 2025-11-27T13:31:32.416Z, pid: 0] > dvc --version - FAILED (5ms)
Command failed with ENOENT: dvc --version
spawn dvc ENOENT
[version: 1.2.29, 2025-11-27T13:31:37.423Z, pid: 76386] > /home/peaches/anaconda3/bin/python -m dvc --version - INITIALIZED
[version: 1.2.29, 2025-11-27T13:31:37.435Z, pid: 76386] > /home/peaches/anaconda3/bin/python -m dvc --version - FAILED with code 1 (18ms)
/home/peaches/anaconda3/bin/python: No module named dvc

[version: 1.2.29, 2025-11-27T13:31:37.440Z, pid: 0] > dvc --version - INITIALIZED
[version: 1.2.29, 2025-11-27T13:31:37.441Z, pid: 0] > dvc --version - FAILED (6ms)
Command failed with ENOENT: dvc --version
spawn dvc ENOENT
[version: 1.2.29, 2025-11-27T13:31:42.447Z, pid: 76389] > /home/peaches/anaconda3/bin/python -m dvc --version - INITIALIZED
[version: 1.2.29, 2025-11-27T13:31:42.458Z, pid: 76389] > /home/peaches/anaconda3/bin/python -m dvc --version - FAILED with code 1 (15ms)
/home/peaches/anaconda3/bin/python: No module named dvc

[version: 1.2.29, 2025-11-27T13:31:42.463Z, pid: 0] > dvc --version - INITIALIZED
[version: 1.2.29, 2025-11-27T13:31:42.463Z, pid: 0] > dvc --version - FAILED (5ms)
Command failed with ENOENT: dvc --version
spawn dvc ENOENT
[version: 1.2.29, 2025-11-27T13:31:47.468Z, pid: 76391] > /home/peaches/anaconda3/bin/python -m dvc --version - INITIALIZED
[version: 1.2.29, 2025-11-27T13:31:47.478Z, pid: 76391] > /home/peaches/anaconda3/bin/python -m dvc --version - FAILED with code 1 (15ms)
/home/peaches/anaconda3/bin/python: No module named dvc

[version: 1.2.29, 2025-11-27T13:31:47.482Z, pid: 0] > dvc --version - INITIALIZED
[version: 1.2.29, 2025-11-27T13:31:47.483Z, pid: 0] > dvc --version - FAILED (5ms)
Command failed with ENOENT: dvc --version
spawn dvc ENOENT
[version: 1.2.29, 2025-11-27T13:31:52.488Z, pid: 76393] > /home/peaches/anaconda3/bin/python -m dvc --version - INITIALIZED
[version: 1.2.29, 2025-11-27T13:31:52.498Z, pid: 76393] > /home/peaches/anaconda3/bin/python -m dvc --version - FAILED with code 1 (15ms)
/home/peaches/anaconda3/bin/python: No module named dvc

[version: 1.2.29, 2025-11-27T13:31:52.502Z, pid: 0] > dvc --version - INITIALIZED
[version: 1.2.29, 2025-11-27T13:31:52.503Z, pid: 0] > dvc --version - FAILED (5ms)
Command failed with ENOENT: dvc --version
spawn dvc ENOENT
[version: 1.2.29, 2025-11-27T13:31:57.509Z, pid: 76397] > /home/peaches/anaconda3/bin/python -m dvc --version - INITIALIZED
[version: 1.2.29, 2025-11-27T13:31:57.518Z, pid: 76397] > /home/peaches/anaconda3/bin/python -m dvc --version - FAILED with code 1 (14ms)
/home/peaches/anaconda3/bin/python: No module named dvc

[version: 1.2.29, 2025-11-27T13:31:57.523Z, pid: 0] > dvc --version - INITIALIZED
[version: 1.2.29, 2025-11-27T13:31:57.524Z, pid: 0] > dvc --version - FAILED (5ms)
Command failed with ENOENT: dvc --version
spawn dvc ENOENT
[version: 1.2.29, 2025-11-27T13:32:02.530Z, pid: 76399] > /home/peaches/anaconda3/bin/python -m dvc --version - INITIALIZED
[version: 1.2.29, 2025-11-27T13:32:02.540Z, pid: 76399] > /home/peaches/anaconda3/bin/python -m dvc --version - FAILED with code 1 (16ms)
/home/peaches/anaconda3/bin/python: No module named dvc

[version: 1.2.29, 2025-11-27T13:32:02.544Z, pid: 0] > dvc --version - INITIALIZED
[version: 1.2.29, 2025-11-27T13:32:02.545Z, pid: 0] > dvc --version - FAILED (5ms)
Command failed with ENOENT: dvc --version
spawn dvc ENOENT
[version: 1.2.29, 2025-11-27T13:32:07.551Z, pid: 76401] > /home/peaches/anaconda3/bin/python -m dvc --version - INITIALIZED
[version: 1.2.29, 2025-11-27T13:32:07.560Z, pid: 76401] > /home/peaches/anaconda3/bin/python -m dvc --version - FAILED with code 1 (14ms)
/home/peaches/anaconda3/bin/python: No module named dvc

[version: 1.2.29, 2025-11-27T13:32:07.565Z, pid: 0] > dvc --version - INITIALIZED
[version: 1.2.29, 2025-11-27T13:32:07.566Z, pid: 0] > dvc --version - FAILED (5ms)
Command failed with ENOENT: dvc --version
spawn dvc ENOENT
[version: 1.2.29, 2025-11-27T13:32:12.572Z, pid: 76404] > /home/peaches/anaconda3/bin/python -m dvc --version - INITIALIZED
[version: 1.2.29, 2025-11-27T13:32:12.582Z, pid: 76404] > /home/peaches/anaconda3/bin/python -m dvc --version - FAILED with code 1 (16ms)
/home/peaches/anaconda3/bin/python: No module named dvc

[version: 1.2.29, 2025-11-27T13:32:12.587Z, pid: 0] > dvc --version - INITIALIZED
[version: 1.2.29, 2025-11-27T13:32:12.588Z, pid: 0] > dvc --version - FAILED (5ms)
Command failed with ENOENT: dvc --version
spawn dvc ENOENT
[version: 1.2.29, 2025-11-27T13:32:17.595Z, pid: 76406] > /home/peaches/anaconda3/bin/python -m dvc --version - INITIALIZED
[version: 1.2.29, 2025-11-27T13:32:17.605Z, pid: 76406] > /home/peaches/anaconda3/bin/python -m dvc --version - FAILED with code 1 (16ms)
/home/peaches/anaconda3/bin/python: No module named dvc

[version: 1.2.29, 2025-11-27T13:32:17.609Z, pid: 0] > dvc --version - INITIALIZED
[version: 1.2.29, 2025-11-27T13:32:17.610Z, pid: 0] > dvc --version - FAILED (5ms)
Command failed with ENOENT: dvc --version
spawn dvc ENOENT
[version: 1.2.29, 2025-11-27T13:32:22.616Z, pid: 76408] > /home/peaches/anaconda3/bin/python -m dvc --version - INITIALIZED
[version: 1.2.29, 2025-11-27T13:32:22.625Z, pid: 76408] > /home/peaches/anaconda3/bin/python -m dvc --version - FAILED with code 1 (14ms)
/home/peaches/anaconda3/bin/python: No module named dvc

[version: 1.2.29, 2025-11-27T13:32:22.630Z, pid: 0] > dvc --version - INITIALIZED
[version: 1.2.29, 2025-11-27T13:32:22.631Z, pid: 0] > dvc --version - FAILED (5ms)
Command failed with ENOENT: dvc --version
spawn dvc ENOENT
[version: 1.2.29, 2025-11-27T13:32:27.637Z, pid: 76410] > /home/peaches/anaconda3/bin/python -m dvc --version - INITIALIZED
[version: 1.2.29, 2025-11-27T13:32:27.646Z, pid: 76410] > /home/peaches/anaconda3/bin/python -m dvc --version - FAILED with code 1 (15ms)
/home/peaches/anaconda3/bin/python: No module named dvc

[version: 1.2.29, 2025-11-27T13:32:27.651Z, pid: 0] > dvc --version - INITIALIZED
[version: 1.2.29, 2025-11-27T13:32:27.652Z, pid: 0] > dvc --version - FAILED (5ms)
Command failed with ENOENT: dvc --version
spawn dvc ENOENT
[version: 1.2.29, 2025-11-27T13:32:32.657Z, pid: 76412] > /home/peaches/anaconda3/bin/python -m dvc --version - INITIALIZED
[version: 1.2.29, 2025-11-27T13:32:32.667Z, pid: 76412] > /home/peaches/anaconda3/bin/python -m dvc --version - FAILED with code 1 (15ms)
/home/peaches/anaconda3/bin/python: No module named dvc

[version: 1.2.29, 2025-11-27T13:32:32.672Z, pid: 0] > dvc --version - INITIALIZED
[version: 1.2.29, 2025-11-27T13:32:32.672Z, pid: 0] > dvc --version - FAILED (5ms)
Command failed with ENOENT: dvc --version
spawn dvc ENOENT
[version: 1.2.29, 2025-11-27T13:32:37.678Z, pid: 76414] > /home/peaches/anaconda3/bin/python -m dvc --version - INITIALIZED
[version: 1.2.29, 2025-11-27T13:32:37.687Z, pid: 76414] > /home/peaches/anaconda3/bin/python -m dvc --version - FAILED with code 1 (14ms)
/home/peaches/anaconda3/bin/python: No module named dvc

[version: 1.2.29, 2025-11-27T13:32:37.692Z, pid: 0] > dvc --version - INITIALIZED
[version: 1.2.29, 2025-11-27T13:32:37.693Z, pid: 0] > dvc --version - FAILED (6ms)
Command failed with ENOENT: dvc --version
spawn dvc ENOENT
[version: 1.2.29, 2025-11-27T13:32:42.698Z, pid: 76417] > /home/peaches/anaconda3/bin/python -m dvc --version - INITIALIZED
[version: 1.2.29, 2025-11-27T13:32:42.708Z, pid: 76417] > /home/peaches/anaconda3/bin/python -m dvc --version - FAILED with code 1 (15ms)
/home/peaches/anaconda3/bin/python: No module named dvc

[version: 1.2.29, 2025-11-27T13:32:42.713Z, pid: 0] > dvc --version - INITIALIZED
[version: 1.2.29, 2025-11-27T13:32:42.714Z, pid: 0] > dvc --version - FAILED (6ms)
Command failed with ENOENT: dvc --version
spawn dvc ENOENT
[version: 1.2.29, 2025-11-27T13:32:47.720Z, pid: 76419] > /home/peaches/anaconda3/bin/python -m dvc --version - INITIALIZED
[version: 1.2.29, 2025-11-27T13:32:47.729Z, pid: 76419] > /home/peaches/anaconda3/bin/python -m dvc --version - FAILED with code 1 (14ms)
/home/peaches/anaconda3/bin/python: No module named dvc

[version: 1.2.29, 2025-11-27T13:32:47.733Z, pid: 0] > dvc --version - INITIALIZED
[version: 1.2.29, 2025-11-27T13:32:47.735Z, pid: 0] > dvc --version - FAILED (5ms)
Command failed with ENOENT: dvc --version
spawn dvc ENOENT
[version: 1.2.29, 2025-11-27T13:32:52.741Z, pid: 76421] > /home/peaches/anaconda3/bin/python -m dvc --version - INITIALIZED
[version: 1.2.29, 2025-11-27T13:32:52.750Z, pid: 76421] > /home/peaches/anaconda3/bin/python -m dvc --version - FAILED with code 1 (14ms)
/home/peaches/anaconda3/bin/python: No module named dvc

[version: 1.2.29, 2025-11-27T13:32:52.755Z, pid: 0] > dvc --version - INITIALIZED
[version: 1.2.29, 2025-11-27T13:32:52.756Z, pid: 0] > dvc --version - FAILED (5ms)
Command failed with ENOENT: dvc --version
spawn dvc ENOENT
[version: 1.2.29, 2025-11-27T13:32:57.762Z, pid: 76425] > /home/peaches/anaconda3/bin/python -m dvc --version - INITIALIZED
[version: 1.2.29, 2025-11-27T13:32:57.771Z, pid: 76425] > /home/peaches/anaconda3/bin/python -m dvc --version - FAILED with code 1 (15ms)
/home/peaches/anaconda3/bin/python: No module named dvc

[version: 1.2.29, 2025-11-27T13:32:57.776Z, pid: 0] > dvc --version - INITIALIZED
[version: 1.2.29, 2025-11-27T13:32:57.777Z, pid: 0] > dvc --version - FAILED (5ms)
Command failed with ENOENT: dvc --version
spawn dvc ENOENT
[version: 1.2.29, 2025-11-27T13:33:02.783Z, pid: 76428] > /home/peaches/anaconda3/bin/python -m dvc --version - INITIALIZED
[version: 1.2.29, 2025-11-27T13:33:02.793Z, pid: 76428] > /home/peaches/anaconda3/bin/python -m dvc --version - FAILED with code 1 (16ms)
/home/peaches/anaconda3/bin/python: No module named dvc

[version: 1.2.29, 2025-11-27T13:33:02.797Z, pid: 0] > dvc --version - INITIALIZED
[version: 1.2.29, 2025-11-27T13:33:02.798Z, pid: 0] > dvc --version - FAILED (5ms)
Command failed with ENOENT: dvc --version
spawn dvc ENOENT
[version: 1.2.29, 2025-11-27T13:33:07.804Z, pid: 76431] > /home/peaches/anaconda3/bin/python -m dvc --version - INITIALIZED
[version: 1.2.29, 2025-11-27T13:33:07.813Z, pid: 76431] > /home/peaches/anaconda3/bin/python -m dvc --version - FAILED with code 1 (15ms)
/home/peaches/anaconda3/bin/python: No module named dvc

[version: 1.2.29, 2025-11-27T13:33:07.818Z, pid: 0] > dvc --version - INITIALIZED
[version: 1.2.29, 2025-11-27T13:33:07.819Z, pid: 0] > dvc --version - FAILED (5ms)
Command failed with ENOENT: dvc --version
spawn dvc ENOENT
[version: 1.2.29, 2025-11-27T13:33:12.825Z, pid: 76437] > /home/peaches/anaconda3/bin/python -m dvc --version - INITIALIZED
[version: 1.2.29, 2025-11-27T13:33:12.835Z, pid: 76437] > /home/peaches/anaconda3/bin/python -m dvc --version - FAILED with code 1 (15ms)
/home/peaches/anaconda3/bin/python: No module named dvc

[version: 1.2.29, 2025-11-27T13:33:12.839Z, pid: 0] > dvc --version - INITIALIZED
[version: 1.2.29, 2025-11-27T13:33:12.840Z, pid: 0] > dvc --version - FAILED (5ms)
Command failed with ENOENT: dvc --version
spawn dvc ENOENT
[version: 1.2.29, 2025-11-27T13:33:17.846Z, pid: 76439] > /home/peaches/anaconda3/bin/python -m dvc --version - INITIALIZED
[version: 1.2.29, 2025-11-27T13:33:17.856Z, pid: 76439] > /home/peaches/anaconda3/bin/python -m dvc --version - FAILED with code 1 (16ms)
/home/peaches/anaconda3/bin/python: No module named dvc

[version: 1.2.29, 2025-11-27T13:33:17.860Z, pid: 0] > dvc --version - INITIALIZED
[version: 1.2.29, 2025-11-27T13:33:17.861Z, pid: 0] > dvc --version - FAILED (5ms)
Command failed with ENOENT: dvc --version
spawn dvc ENOENT
[version: 1.2.29, 2025-11-27T13:33:22.867Z, pid: 76441] > /home/peaches/anaconda3/bin/python -m dvc --version - INITIALIZED
[version: 1.2.29, 2025-11-27T13:33:22.877Z, pid: 76441] > /home/peaches/anaconda3/bin/python -m dvc --version - FAILED with code 1 (16ms)
/home/peaches/anaconda3/bin/python: No module named dvc

[version: 1.2.29, 2025-11-27T13:33:22.882Z, pid: 0] > dvc --version - INITIALIZED
[version: 1.2.29, 2025-11-27T13:33:22.883Z, pid: 0] > dvc --version - FAILED (5ms)
Command failed with ENOENT: dvc --version
spawn dvc ENOENT
[version: 1.2.29, 2025-11-27T13:33:27.887Z, pid: 76443] > /home/peaches/anaconda3/bin/python -m dvc --version - INITIALIZED
[version: 1.2.29, 2025-11-27T13:33:27.897Z, pid: 76443] > /home/peaches/anaconda3/bin/python -m dvc --version - FAILED with code 1 (14ms)
/home/peaches/anaconda3/bin/python: No module named dvc

[version: 1.2.29, 2025-11-27T13:33:27.901Z, pid: 0] > dvc --version - INITIALIZED
[version: 1.2.29, 2025-11-27T13:33:27.902Z, pid: 0] > dvc --version - FAILED (4ms)
Command failed with ENOENT: dvc --version
spawn dvc ENOENT
[version: 1.2.29, 2025-11-27T13:33:32.905Z, pid: 76445] > /home/peaches/anaconda3/bin/python -m dvc --version - INITIALIZED
[version: 1.2.29, 2025-11-27T13:33:32.915Z, pid: 76445] > /home/peaches/anaconda3/bin/python -m dvc --version - FAILED with code 1 (14ms)
/home/peaches/anaconda3/bin/python: No module named dvc

[version: 1.2.29, 2025-11-27T13:33:32.920Z, pid: 0] > dvc --version - INITIALIZED
[version: 1.2.29, 2025-11-27T13:33:32.921Z, pid: 0] > dvc --version - FAILED (5ms)
Command failed with ENOENT: dvc --version
spawn dvc ENOENT
[version: 1.2.29, 2025-11-27T13:33:37.926Z, pid: 76447] > /home/peaches/anaconda3/bin/python -m dvc --version - INITIALIZED
[version: 1.2.29, 2025-11-27T13:33:37.936Z, pid: 76447] > /home/peaches/anaconda3/bin/python -m dvc --version - FAILED with code 1 (14ms)
/home/peaches/anaconda3/bin/python: No module named dvc

[version: 1.2.29, 2025-11-27T13:33:37.940Z, pid: 0] > dvc --version - INITIALIZED
[version: 1.2.29, 2025-11-27T13:33:37.941Z, pid: 0] > dvc --version - FAILED (5ms)
Command failed with ENOENT: dvc --version
spawn dvc ENOENT
[version: 1.2.29, 2025-11-27T13:33:42.947Z, pid: 76449] > /home/peaches/anaconda3/bin/python -m dvc --version - INITIALIZED
[version: 1.2.29, 2025-11-27T13:33:42.956Z, pid: 76449] > /home/peaches/anaconda3/bin/python -m dvc --version - FAILED with code 1 (15ms)
/home/peaches/anaconda3/bin/python: No module named dvc

[version: 1.2.29, 2025-11-27T13:33:42.961Z, pid: 0] > dvc --version - INITIALIZED
[version: 1.2.29, 2025-11-27T13:33:42.962Z, pid: 0] > dvc --version - FAILED (4ms)
Command failed with ENOENT: dvc --version
spawn dvc ENOENT
[version: 1.2.29, 2025-11-27T13:33:47.968Z, pid: 76451] > /home/peaches/anaconda3/bin/python -m dvc --version - INITIALIZED
[version: 1.2.29, 2025-11-27T13:33:47.977Z, pid: 76451] > /home/peaches/anaconda3/bin/python -m dvc --version - FAILED with code 1 (14ms)
/home/peaches/anaconda3/bin/python: No module named dvc

[version: 1.2.29, 2025-11-27T13:33:47.981Z, pid: 0] > dvc --version - INITIALIZED
[version: 1.2.29, 2025-11-27T13:33:47.982Z, pid: 0] > dvc --version - FAILED (5ms)
Command failed with ENOENT: dvc --version
spawn dvc ENOENT
[version: 1.2.29, 2025-11-27T13:33:52.989Z, pid: 76455] > /home/peaches/anaconda3/bin/python -m dvc --version - INITIALIZED
[version: 1.2.29, 2025-11-27T13:33:52.998Z, pid: 76455] > /home/peaches/anaconda3/bin/python -m dvc --version - FAILED with code 1 (16ms)
/home/peaches/anaconda3/bin/python: No module named dvc

[version: 1.2.29, 2025-11-27T13:33:53.003Z, pid: 0] > dvc --version - INITIALIZED
[version: 1.2.29, 2025-11-27T13:33:53.004Z, pid: 0] > dvc --version - FAILED (5ms)
Command failed with ENOENT: dvc --version
spawn dvc ENOENT
[version: 1.2.29, 2025-11-27T13:33:58.010Z, pid: 76457] > /home/peaches/anaconda3/bin/python -m dvc --version - INITIALIZED
[version: 1.2.29, 2025-11-27T13:33:58.019Z, pid: 76457] > /home/peaches/anaconda3/bin/python -m dvc --version - FAILED with code 1 (14ms)
/home/peaches/anaconda3/bin/python: No module named dvc

[version: 1.2.29, 2025-11-27T13:33:58.024Z, pid: 0] > dvc --version - INITIALIZED
[version: 1.2.29, 2025-11-27T13:33:58.025Z, pid: 0] > dvc --version - FAILED (5ms)
Command failed with ENOENT: dvc --version
spawn dvc ENOENT
[version: 1.2.29, 2025-11-27T13:34:03.030Z, pid: 76459] > /home/peaches/anaconda3/bin/python -m dvc --version - INITIALIZED
[version: 1.2.29, 2025-11-27T13:34:03.039Z, pid: 76459] > /home/peaches/anaconda3/bin/python -m dvc --version - FAILED with code 1 (14ms)
/home/peaches/anaconda3/bin/python: No module named dvc

[version: 1.2.29, 2025-11-27T13:34:03.043Z, pid: 0] > dvc --version - INITIALIZED
[version: 1.2.29, 2025-11-27T13:34:03.044Z, pid: 0] > dvc --version - FAILED (5ms)
Command failed with ENOENT: dvc --version
spawn dvc ENOENT
[version: 1.2.29, 2025-11-27T13:34:08.049Z, pid: 76465] > /home/peaches/anaconda3/bin/python -m dvc --version - INITIALIZED
[version: 1.2.29, 2025-11-27T13:34:08.059Z, pid: 76465] > /home/peaches/anaconda3/bin/python -m dvc --version - FAILED with code 1 (13ms)
/home/peaches/anaconda3/bin/python: No module named dvc

[version: 1.2.29, 2025-11-27T13:34:08.064Z, pid: 0] > dvc --version - INITIALIZED
[version: 1.2.29, 2025-11-27T13:34:08.065Z, pid: 0] > dvc --version - FAILED (5ms)
Command failed with ENOENT: dvc --version
spawn dvc ENOENT
[version: 1.2.29, 2025-11-27T13:34:13.070Z, pid: 76467] > /home/peaches/anaconda3/bin/python -m dvc --version - INITIALIZED
[version: 1.2.29, 2025-11-27T13:34:13.079Z, pid: 76467] > /home/peaches/anaconda3/bin/python -m dvc --version - FAILED with code 1 (13ms)
/home/peaches/anaconda3/bin/python: No module named dvc

[version: 1.2.29, 2025-11-27T13:34:13.084Z, pid: 0] > dvc --version - INITIALIZED
[version: 1.2.29, 2025-11-27T13:34:13.085Z, pid: 0] > dvc --version - FAILED (5ms)
Command failed with ENOENT: dvc --version
spawn dvc ENOENT
[version: 1.2.29, 2025-11-27T13:34:18.090Z, pid: 76469] > /home/peaches/anaconda3/bin/python -m dvc --version - INITIALIZED
[version: 1.2.29, 2025-11-27T13:34:18.100Z, pid: 76469] > /home/peaches/anaconda3/bin/python -m dvc --version - FAILED with code 1 (15ms)
/home/peaches/anaconda3/bin/python: No module named dvc

[version: 1.2.29, 2025-11-27T13:34:18.104Z, pid: 0] > dvc --version - INITIALIZED
[version: 1.2.29, 2025-11-27T13:34:18.105Z, pid: 0] > dvc --version - FAILED (5ms)
Command failed with ENOENT: dvc --version
spawn dvc ENOENT
[version: 1.2.29, 2025-11-27T13:34:23.111Z, pid: 76471] > /home/peaches/anaconda3/bin/python -m dvc --version - INITIALIZED
[version: 1.2.29, 2025-11-27T13:34:23.121Z, pid: 76471] > /home/peaches/anaconda3/bin/python -m dvc --version - FAILED with code 1 (15ms)
/home/peaches/anaconda3/bin/python: No module named dvc

[version: 1.2.29, 2025-11-27T13:34:23.125Z, pid: 0] > dvc --version - INITIALIZED
[version: 1.2.29, 2025-11-27T13:34:23.126Z, pid: 0] > dvc --version - FAILED (5ms)
Command failed with ENOENT: dvc --version
spawn dvc ENOENT
[version: 1.2.29, 2025-11-27T13:34:28.133Z, pid: 76473] > /home/peaches/anaconda3/bin/python -m dvc --version - INITIALIZED
[version: 1.2.29, 2025-11-27T13:34:28.142Z, pid: 76473] > /home/peaches/anaconda3/bin/python -m dvc --version - FAILED with code 1 (16ms)
/home/peaches/anaconda3/bin/python: No module named dvc

[version: 1.2.29, 2025-11-27T13:34:28.146Z, pid: 0] > dvc --version - INITIALIZED
[version: 1.2.29, 2025-11-27T13:34:28.147Z, pid: 0] > dvc --version - FAILED (5ms)
Command failed with ENOENT: dvc --version
spawn dvc ENOENT
[version: 1.2.29, 2025-11-27T13:34:33.153Z, pid: 76475] > /home/peaches/anaconda3/bin/python -m dvc --version - INITIALIZED
[version: 1.2.29, 2025-11-27T13:34:33.163Z, pid: 76475] > /home/peaches/anaconda3/bin/python -m dvc --version - FAILED with code 1 (16ms)
/home/peaches/anaconda3/bin/python: No module named dvc

[version: 1.2.29, 2025-11-27T13:34:33.167Z, pid: 0] > dvc --version - INITIALIZED
[version: 1.2.29, 2025-11-27T13:34:33.168Z, pid: 0] > dvc --version - FAILED (5ms)
Command failed with ENOENT: dvc --version
spawn dvc ENOENT
[version: 1.2.29, 2025-11-27T13:34:38.174Z, pid: 76477] > /home/peaches/anaconda3/bin/python -m dvc --version - INITIALIZED
[version: 1.2.29, 2025-11-27T13:34:38.183Z, pid: 76477] > /home/peaches/anaconda3/bin/python -m dvc --version - FAILED with code 1 (15ms)
/home/peaches/anaconda3/bin/python: No module named dvc

[version: 1.2.29, 2025-11-27T13:34:38.187Z, pid: 0] > dvc --version - INITIALIZED
[version: 1.2.29, 2025-11-27T13:34:38.188Z, pid: 0] > dvc --version - FAILED (5ms)
Command failed with ENOENT: dvc --version
spawn dvc ENOENT
[version: 1.2.29, 2025-11-27T13:34:43.194Z, pid: 76481] > /home/peaches/anaconda3/bin/python -m dvc --version - INITIALIZED
[version: 1.2.29, 2025-11-27T13:34:43.203Z, pid: 76481] > /home/peaches/anaconda3/bin/python -m dvc --version - FAILED with code 1 (15ms)
/home/peaches/anaconda3/bin/python: No module named dvc

[version: 1.2.29, 2025-11-27T13:34:43.208Z, pid: 0] > dvc --version - INITIALIZED
[version: 1.2.29, 2025-11-27T13:34:43.209Z, pid: 0] > dvc --version - FAILED (6ms)
Command failed with ENOENT: dvc --version
spawn dvc ENOENT
[version: 1.2.29, 2025-11-27T13:34:48.214Z, pid: 76483] > /home/peaches/anaconda3/bin/python -m dvc --version - INITIALIZED
[version: 1.2.29, 2025-11-27T13:34:48.223Z, pid: 76483] > /home/peaches/anaconda3/bin/python -m dvc --version - FAILED with code 1 (14ms)
/home/peaches/anaconda3/bin/python: No module named dvc

[version: 1.2.29, 2025-11-27T13:34:48.228Z, pid: 0] > dvc --version - INITIALIZED
[version: 1.2.29, 2025-11-27T13:34:48.229Z, pid: 0] > dvc --version - FAILED (5ms)
Command failed with ENOENT: dvc --version
spawn dvc ENOENT
[version: 1.2.29, 2025-11-27T13:34:53.235Z, pid: 76487] > /home/peaches/anaconda3/bin/python -m dvc --version - INITIALIZED
[version: 1.2.29, 2025-11-27T13:34:53.245Z, pid: 76487] > /home/peaches/anaconda3/bin/python -m dvc --version - FAILED with code 1 (15ms)
/home/peaches/anaconda3/bin/python: No module named dvc

[version: 1.2.29, 2025-11-27T13:34:53.249Z, pid: 0] > dvc --version - INITIALIZED
[version: 1.2.29, 2025-11-27T13:34:53.250Z, pid: 0] > dvc --version - FAILED (5ms)
Command failed with ENOENT: dvc --version
spawn dvc ENOENT
[version: 1.2.29, 2025-11-27T13:34:58.255Z, pid: 76489] > /home/peaches/anaconda3/bin/python -m dvc --version - INITIALIZED
[version: 1.2.29, 2025-11-27T13:34:58.265Z, pid: 76489] > /home/peaches/anaconda3/bin/python -m dvc --version - FAILED with code 1 (14ms)
/home/peaches/anaconda3/bin/python: No module named dvc

[version: 1.2.29, 2025-11-27T13:34:58.269Z, pid: 0] > dvc --version - INITIALIZED
[version: 1.2.29, 2025-11-27T13:34:58.270Z, pid: 0] > dvc --version - FAILED (5ms)
Command failed with ENOENT: dvc --version
spawn dvc ENOENT
[version: 1.2.29, 2025-11-27T13:35:03.275Z, pid: 76491] > /home/peaches/anaconda3/bin/python -m dvc --version - INITIALIZED
[version: 1.2.29, 2025-11-27T13:35:03.284Z, pid: 76491] > /home/peaches/anaconda3/bin/python -m dvc --version - FAILED with code 1 (13ms)
/home/peaches/anaconda3/bin/python: No module named dvc

[version: 1.2.29, 2025-11-27T13:35:03.289Z, pid: 0] > dvc --version - INITIALIZED
[version: 1.2.29, 2025-11-27T13:35:03.289Z, pid: 0] > dvc --version - FAILED (4ms)
Command failed with ENOENT: dvc --version
spawn dvc ENOENT
[version: 1.2.29, 2025-11-27T13:35:08.296Z, pid: 76493] > /home/peaches/anaconda3/bin/python -m dvc --version - INITIALIZED
[version: 1.2.29, 2025-11-27T13:35:08.305Z, pid: 76493] > /home/peaches/anaconda3/bin/python -m dvc --version - FAILED with code 1 (15ms)
/home/peaches/anaconda3/bin/python: No module named dvc

[version: 1.2.29, 2025-11-27T13:35:08.310Z, pid: 0] > dvc --version - INITIALIZED
[version: 1.2.29, 2025-11-27T13:35:08.311Z, pid: 0] > dvc --version - FAILED (4ms)
Command failed with ENOENT: dvc --version
spawn dvc ENOENT
[version: 1.2.29, 2025-11-27T13:35:13.316Z, pid: 76495] > /home/peaches/anaconda3/bin/python -m dvc --version - INITIALIZED
[version: 1.2.29, 2025-11-27T13:35:13.326Z, pid: 76495] > /home/peaches/anaconda3/bin/python -m dvc --version - FAILED with code 1 (15ms)
/home/peaches/anaconda3/bin/python: No module named dvc

[version: 1.2.29, 2025-11-27T13:35:13.331Z, pid: 0] > dvc --version - INITIALIZED
[version: 1.2.29, 2025-11-27T13:35:13.332Z, pid: 0] > dvc --version - FAILED (4ms)
Command failed with ENOENT: dvc --version
spawn dvc ENOENT
[version: 1.2.29, 2025-11-27T13:35:18.337Z, pid: 76497] > /home/peaches/anaconda3/bin/python -m dvc --version - INITIALIZED
[version: 1.2.29, 2025-11-27T13:35:18.347Z, pid: 76497] > /home/peaches/anaconda3/bin/python -m dvc --version - FAILED with code 1 (14ms)
/home/peaches/anaconda3/bin/python: No module named dvc

[version: 1.2.29, 2025-11-27T13:35:18.351Z, pid: 0] > dvc --version - INITIALIZED
[version: 1.2.29, 2025-11-27T13:35:18.352Z, pid: 0] > dvc --version - FAILED (5ms)
Command failed with ENOENT: dvc --version
spawn dvc ENOENT
[version: 1.2.29, 2025-11-27T13:35:23.357Z, pid: 76500] > /home/peaches/anaconda3/bin/python -m dvc --version - INITIALIZED
[version: 1.2.29, 2025-11-27T13:35:23.366Z, pid: 76500] > /home/peaches/anaconda3/bin/python -m dvc --version - FAILED with code 1 (14ms)
/home/peaches/anaconda3/bin/python: No module named dvc

[version: 1.2.29, 2025-11-27T13:35:23.370Z, pid: 0] > dvc --version - INITIALIZED
[version: 1.2.29, 2025-11-27T13:35:23.371Z, pid: 0] > dvc --version - FAILED (5ms)
Command failed with ENOENT: dvc --version
spawn dvc ENOENT
[version: 1.2.29, 2025-11-27T13:35:28.376Z, pid: 76502] > /home/peaches/anaconda3/bin/python -m dvc --version - INITIALIZED
[version: 1.2.29, 2025-11-27T13:35:28.386Z, pid: 76502] > /home/peaches/anaconda3/bin/python -m dvc --version - FAILED with code 1 (15ms)
/home/peaches/anaconda3/bin/python: No module named dvc

[version: 1.2.29, 2025-11-27T13:35:28.390Z, pid: 0] > dvc --version - INITIALIZED
[version: 1.2.29, 2025-11-27T13:35:28.391Z, pid: 0] > dvc --version - FAILED (5ms)
Command failed with ENOENT: dvc --version
spawn dvc ENOENT
[version: 1.2.29, 2025-11-27T13:35:33.396Z, pid: 76504] > /home/peaches/anaconda3/bin/python -m dvc --version - INITIALIZED
[version: 1.2.29, 2025-11-27T13:35:33.406Z, pid: 76504] > /home/peaches/anaconda3/bin/python -m dvc --version - FAILED with code 1 (15ms)
/home/peaches/anaconda3/bin/python: No module named dvc

[version: 1.2.29, 2025-11-27T13:35:33.410Z, pid: 0] > dvc --version - INITIALIZED
[version: 1.2.29, 2025-11-27T13:35:33.411Z, pid: 0] > dvc --version - FAILED (5ms)
Command failed with ENOENT: dvc --version
spawn dvc ENOENT
[version: 1.2.29, 2025-11-27T13:35:38.417Z, pid: 76506] > /home/peaches/anaconda3/bin/python -m dvc --version - INITIALIZED
[version: 1.2.29, 2025-11-27T13:35:38.426Z, pid: 76506] > /home/peaches/anaconda3/bin/python -m dvc --version - FAILED with code 1 (15ms)
/home/peaches/anaconda3/bin/python: No module named dvc

[version: 1.2.29, 2025-11-27T13:35:38.431Z, pid: 0] > dvc --version - INITIALIZED
[version: 1.2.29, 2025-11-27T13:35:38.432Z, pid: 0] > dvc --version - FAILED (5ms)
Command failed with ENOENT: dvc --version
spawn dvc ENOENT
[version: 1.2.29, 2025-11-27T13:35:43.436Z, pid: 76508] > /home/peaches/anaconda3/bin/python -m dvc --version - INITIALIZED
[version: 1.2.29, 2025-11-27T13:35:43.445Z, pid: 76508] > /home/peaches/anaconda3/bin/python -m dvc --version - FAILED with code 1 (13ms)
/home/peaches/anaconda3/bin/python: No module named dvc

[version: 1.2.29, 2025-11-27T13:35:43.450Z, pid: 0] > dvc --version - INITIALIZED
[version: 1.2.29, 2025-11-27T13:35:43.451Z, pid: 0] > dvc --version - FAILED (5ms)
Command failed with ENOENT: dvc --version
spawn dvc ENOENT
[version: 1.2.29, 2025-11-27T13:35:48.458Z, pid: 76510] > /home/peaches/anaconda3/bin/python -m dvc --version - INITIALIZED
[version: 1.2.29, 2025-11-27T13:35:48.467Z, pid: 76510] > /home/peaches/anaconda3/bin/python -m dvc --version - FAILED with code 1 (15ms)
/home/peaches/anaconda3/bin/python: No module named dvc

[version: 1.2.29, 2025-11-27T13:35:48.472Z, pid: 0] > dvc --version - INITIALIZED
[version: 1.2.29, 2025-11-27T13:35:48.473Z, pid: 0] > dvc --version - FAILED (4ms)
Command failed with ENOENT: dvc --version
spawn dvc ENOENT
[version: 1.2.29, 2025-11-27T13:35:53.477Z, pid: 76514] > /home/peaches/anaconda3/bin/python -m dvc --version - INITIALIZED
[version: 1.2.29, 2025-11-27T13:35:53.487Z, pid: 76514] > /home/peaches/anaconda3/bin/python -m dvc --version - FAILED with code 1 (15ms)
/home/peaches/anaconda3/bin/python: No module named dvc

[version: 1.2.29, 2025-11-27T13:35:53.491Z, pid: 0] > dvc --version - INITIALIZED
[version: 1.2.29, 2025-11-27T13:35:53.492Z, pid: 0] > dvc --version - FAILED (5ms)
Command failed with ENOENT: dvc --version
spawn dvc ENOENT
[version: 1.2.29, 2025-11-27T13:35:58.498Z, pid: 76516] > /home/peaches/anaconda3/bin/python -m dvc --version - INITIALIZED
[version: 1.2.29, 2025-11-27T13:35:58.508Z, pid: 76516] > /home/peaches/anaconda3/bin/python -m dvc --version - FAILED with code 1 (15ms)
/home/peaches/anaconda3/bin/python: No module named dvc

[version: 1.2.29, 2025-11-27T13:35:58.512Z, pid: 0] > dvc --version - INITIALIZED
[version: 1.2.29, 2025-11-27T13:35:58.513Z, pid: 0] > dvc --version - FAILED (5ms)
Command failed with ENOENT: dvc --version
spawn dvc ENOENT
[version: 1.2.29, 2025-11-27T13:36:03.519Z, pid: 76518] > /home/peaches/anaconda3/bin/python -m dvc --version - INITIALIZED
[version: 1.2.29, 2025-11-27T13:36:03.529Z, pid: 76518] > /home/peaches/anaconda3/bin/python -m dvc --version - FAILED with code 1 (15ms)
/home/peaches/anaconda3/bin/python: No module named dvc

[version: 1.2.29, 2025-11-27T13:36:03.534Z, pid: 0] > dvc --version - INITIALIZED
[version: 1.2.29, 2025-11-27T13:36:03.534Z, pid: 0] > dvc --version - FAILED (5ms)
Command failed with ENOENT: dvc --version
spawn dvc ENOENT
[version: 1.2.29, 2025-11-27T13:36:08.540Z, pid: 76520] > /home/peaches/anaconda3/bin/python -m dvc --version - INITIALIZED
[version: 1.2.29, 2025-11-27T13:36:08.550Z, pid: 76520] > /home/peaches/anaconda3/bin/python -m dvc --version - FAILED with code 1 (15ms)
/home/peaches/anaconda3/bin/python: No module named dvc

[version: 1.2.29, 2025-11-27T13:36:08.554Z, pid: 0] > dvc --version - INITIALIZED
[version: 1.2.29, 2025-11-27T13:36:08.555Z, pid: 0] > dvc --version - FAILED (5ms)
Command failed with ENOENT: dvc --version
spawn dvc ENOENT
[version: 1.2.29, 2025-11-27T13:36:13.561Z, pid: 76522] > /home/peaches/anaconda3/bin/python -m dvc --version - INITIALIZED
[version: 1.2.29, 2025-11-27T13:36:13.571Z, pid: 76522] > /home/peaches/anaconda3/bin/python -m dvc --version - FAILED with code 1 (15ms)
/home/peaches/anaconda3/bin/python: No module named dvc

[version: 1.2.29, 2025-11-27T13:36:13.575Z, pid: 0] > dvc --version - INITIALIZED
[version: 1.2.29, 2025-11-27T13:36:13.576Z, pid: 0] > dvc --version - FAILED (5ms)
Command failed with ENOENT: dvc --version
spawn dvc ENOENT
[version: 1.2.29, 2025-11-27T13:36:18.581Z, pid: 76524] > /home/peaches/anaconda3/bin/python -m dvc --version - INITIALIZED
[version: 1.2.29, 2025-11-27T13:36:18.591Z, pid: 76524] > /home/peaches/anaconda3/bin/python -m dvc --version - FAILED with code 1 (15ms)
/home/peaches/anaconda3/bin/python: No module named dvc

[version: 1.2.29, 2025-11-27T13:36:18.596Z, pid: 0] > dvc --version - INITIALIZED
[version: 1.2.29, 2025-11-27T13:36:18.596Z, pid: 0] > dvc --version - FAILED (5ms)
Command failed with ENOENT: dvc --version
spawn dvc ENOENT
[version: 1.2.29, 2025-11-27T13:36:23.602Z, pid: 76526] > /home/peaches/anaconda3/bin/python -m dvc --version - INITIALIZED
[version: 1.2.29, 2025-11-27T13:36:23.612Z, pid: 76526] > /home/peaches/anaconda3/bin/python -m dvc --version - FAILED with code 1 (16ms)
/home/peaches/anaconda3/bin/python: No module named dvc

[version: 1.2.29, 2025-11-27T13:36:23.616Z, pid: 0] > dvc --version - INITIALIZED
[version: 1.2.29, 2025-11-27T13:36:23.617Z, pid: 0] > dvc --version - FAILED (5ms)
Command failed with ENOENT: dvc --version
spawn dvc ENOENT
[version: 1.2.29, 2025-11-27T13:36:28.622Z, pid: 76528] > /home/peaches/anaconda3/bin/python -m dvc --version - INITIALIZED
[version: 1.2.29, 2025-11-27T13:36:28.632Z, pid: 76528] > /home/peaches/anaconda3/bin/python -m dvc --version - FAILED with code 1 (14ms)
/home/peaches/anaconda3/bin/python: No module named dvc

[version: 1.2.29, 2025-11-27T13:36:28.636Z, pid: 0] > dvc --version - INITIALIZED
[version: 1.2.29, 2025-11-27T13:36:28.637Z, pid: 0] > dvc --version - FAILED (5ms)
Command failed with ENOENT: dvc --version
spawn dvc ENOENT
[version: 1.2.29, 2025-11-27T13:36:33.643Z, pid: 76533] > /home/peaches/anaconda3/bin/python -m dvc --version - INITIALIZED
[version: 1.2.29, 2025-11-27T13:36:33.652Z, pid: 76533] > /home/peaches/anaconda3/bin/python -m dvc --version - FAILED with code 1 (15ms)
/home/peaches/anaconda3/bin/python: No module named dvc

[version: 1.2.29, 2025-11-27T13:36:33.656Z, pid: 0] > dvc --version - INITIALIZED
[version: 1.2.29, 2025-11-27T13:36:33.657Z, pid: 0] > dvc --version - FAILED (4ms)
Command failed with ENOENT: dvc --version
spawn dvc ENOENT
[version: 1.2.29, 2025-11-27T13:36:38.663Z, pid: 76535] > /home/peaches/anaconda3/bin/python -m dvc --version - INITIALIZED
[version: 1.2.29, 2025-11-27T13:36:38.673Z, pid: 76535] > /home/peaches/anaconda3/bin/python -m dvc --version - FAILED with code 1 (15ms)
/home/peaches/anaconda3/bin/python: No module named dvc

[version: 1.2.29, 2025-11-27T13:36:38.677Z, pid: 0] > dvc --version - INITIALIZED
[version: 1.2.29, 2025-11-27T13:36:38.678Z, pid: 0] > dvc --version - FAILED (5ms)
Command failed with ENOENT: dvc --version
spawn dvc ENOENT
[version: 1.2.29, 2025-11-27T13:36:43.684Z, pid: 76540] > /home/peaches/anaconda3/bin/python -m dvc --version - INITIALIZED
[version: 1.2.29, 2025-11-27T13:36:43.694Z, pid: 76540] > /home/peaches/anaconda3/bin/python -m dvc --version - FAILED with code 1 (15ms)
/home/peaches/anaconda3/bin/python: No module named dvc

[version: 1.2.29, 2025-11-27T13:36:43.698Z, pid: 0] > dvc --version - INITIALIZED
[version: 1.2.29, 2025-11-27T13:36:43.699Z, pid: 0] > dvc --version - FAILED (5ms)
Command failed with ENOENT: dvc --version
spawn dvc ENOENT
[version: 1.2.29, 2025-11-27T13:36:48.706Z, pid: 76543] > /home/peaches/anaconda3/bin/python -m dvc --version - INITIALIZED
[version: 1.2.29, 2025-11-27T13:36:48.715Z, pid: 76543] > /home/peaches/anaconda3/bin/python -m dvc --version - FAILED with code 1 (15ms)
/home/peaches/anaconda3/bin/python: No module named dvc

[version: 1.2.29, 2025-11-27T13:36:48.719Z, pid: 0] > dvc --version - INITIALIZED
[version: 1.2.29, 2025-11-27T13:36:48.720Z, pid: 0] > dvc --version - FAILED (5ms)
Command failed with ENOENT: dvc --version
spawn dvc ENOENT
[version: 1.2.29, 2025-11-27T13:36:53.724Z, pid: 76547] > /home/peaches/anaconda3/bin/python -m dvc --version - INITIALIZED
[version: 1.2.29, 2025-11-27T13:36:53.733Z, pid: 76547] > /home/peaches/anaconda3/bin/python -m dvc --version - FAILED with code 1 (13ms)
/home/peaches/anaconda3/bin/python: No module named dvc

[version: 1.2.29, 2025-11-27T13:36:53.738Z, pid: 0] > dvc --version - INITIALIZED
[version: 1.2.29, 2025-11-27T13:36:53.738Z, pid: 0] > dvc --version - FAILED (4ms)
Command failed with ENOENT: dvc --version
spawn dvc ENOENT
[version: 1.2.29, 2025-11-27T13:36:58.743Z, pid: 76549] > /home/peaches/anaconda3/bin/python -m dvc --version - INITIALIZED
[version: 1.2.29, 2025-11-27T13:36:58.753Z, pid: 76549] > /home/peaches/anaconda3/bin/python -m dvc --version - FAILED with code 1 (14ms)
/home/peaches/anaconda3/bin/python: No module named dvc

[version: 1.2.29, 2025-11-27T13:36:58.757Z, pid: 0] > dvc --version - INITIALIZED
[version: 1.2.29, 2025-11-27T13:36:58.758Z, pid: 0] > dvc --version - FAILED (5ms)
Command failed with ENOENT: dvc --version
spawn dvc ENOENT
[version: 1.2.29, 2025-11-27T13:37:03.764Z, pid: 76551] > /home/peaches/anaconda3/bin/python -m dvc --version - INITIALIZED
[version: 1.2.29, 2025-11-27T13:37:03.774Z, pid: 76551] > /home/peaches/anaconda3/bin/python -m dvc --version - FAILED with code 1 (15ms)
/home/peaches/anaconda3/bin/python: No module named dvc

[version: 1.2.29, 2025-11-27T13:37:03.779Z, pid: 0] > dvc --version - INITIALIZED
[version: 1.2.29, 2025-11-27T13:37:03.779Z, pid: 0] > dvc --version - FAILED (5ms)
Command failed with ENOENT: dvc --version
spawn dvc ENOENT
[version: 1.2.29, 2025-11-27T13:37:08.785Z, pid: 76553] > /home/peaches/anaconda3/bin/python -m dvc --version - INITIALIZED
[version: 1.2.29, 2025-11-27T13:37:08.795Z, pid: 76553] > /home/peaches/anaconda3/bin/python -m dvc --version - FAILED with code 1 (16ms)
/home/peaches/anaconda3/bin/python: No module named dvc

[version: 1.2.29, 2025-11-27T13:37:08.799Z, pid: 0] > dvc --version - INITIALIZED
[version: 1.2.29, 2025-11-27T13:37:08.800Z, pid: 0] > dvc --version - FAILED (5ms)
Command failed with ENOENT: dvc --version
spawn dvc ENOENT
[version: 1.2.29, 2025-11-27T13:37:13.807Z, pid: 76556] > /home/peaches/anaconda3/bin/python -m dvc --version - INITIALIZED
[version: 1.2.29, 2025-11-27T13:37:13.816Z, pid: 76556] > /home/peaches/anaconda3/bin/python -m dvc --version - FAILED with code 1 (15ms)
/home/peaches/anaconda3/bin/python: No module named dvc

[version: 1.2.29, 2025-11-27T13:37:13.820Z, pid: 0] > dvc --version - INITIALIZED
[version: 1.2.29, 2025-11-27T13:37:13.821Z, pid: 0] > dvc --version - FAILED (5ms)
Command failed with ENOENT: dvc --version
spawn dvc ENOENT
[version: 1.2.29, 2025-11-27T13:37:18.826Z, pid: 76558] > /home/peaches/anaconda3/bin/python -m dvc --version - INITIALIZED
[version: 1.2.29, 2025-11-27T13:37:18.836Z, pid: 76558] > /home/peaches/anaconda3/bin/python -m dvc --version - FAILED with code 1 (15ms)
/home/peaches/anaconda3/bin/python: No module named dvc

[version: 1.2.29, 2025-11-27T13:37:18.840Z, pid: 0] > dvc --version - INITIALIZED
[version: 1.2.29, 2025-11-27T13:37:18.841Z, pid: 0] > dvc --version - FAILED (5ms)
Command failed with ENOENT: dvc --version
spawn dvc ENOENT
[version: 1.2.29, 2025-11-27T13:37:23.847Z, pid: 76560] > /home/peaches/anaconda3/bin/python -m dvc --version - INITIALIZED
[version: 1.2.29, 2025-11-27T13:37:23.857Z, pid: 76560] > /home/peaches/anaconda3/bin/python -m dvc --version - FAILED with code 1 (16ms)
/home/peaches/anaconda3/bin/python: No module named dvc

[version: 1.2.29, 2025-11-27T13:37:23.861Z, pid: 0] > dvc --version - INITIALIZED
[version: 1.2.29, 2025-11-27T13:37:23.862Z, pid: 0] > dvc --version - FAILED (4ms)
Command failed with ENOENT: dvc --version
spawn dvc ENOENT
[version: 1.2.29, 2025-11-27T13:37:28.868Z, pid: 76562] > /home/peaches/anaconda3/bin/python -m dvc --version - INITIALIZED
[version: 1.2.29, 2025-11-27T13:37:28.877Z, pid: 76562] > /home/peaches/anaconda3/bin/python -m dvc --version - FAILED with code 1 (15ms)
/home/peaches/anaconda3/bin/python: No module named dvc

[version: 1.2.29, 2025-11-27T13:37:28.881Z, pid: 0] > dvc --version - INITIALIZED
[version: 1.2.29, 2025-11-27T13:37:28.882Z, pid: 0] > dvc --version - FAILED (5ms)
Command failed with ENOENT: dvc --version
spawn dvc ENOENT
[version: 1.2.29, 2025-11-27T13:37:33.889Z, pid: 76564] > /home/peaches/anaconda3/bin/python -m dvc --version - INITIALIZED
[version: 1.2.29, 2025-11-27T13:37:33.898Z, pid: 76564] > /home/peaches/anaconda3/bin/python -m dvc --version - FAILED with code 1 (16ms)
/home/peaches/anaconda3/bin/python: No module named dvc

[version: 1.2.29, 2025-11-27T13:37:33.902Z, pid: 0] > dvc --version - INITIALIZED
[version: 1.2.29, 2025-11-27T13:37:33.903Z, pid: 0] > dvc --version - FAILED (5ms)
Command failed with ENOENT: dvc --version
spawn dvc ENOENT
[version: 1.2.29, 2025-11-27T13:37:38.909Z, pid: 76566] > /home/peaches/anaconda3/bin/python -m dvc --version - INITIALIZED
[version: 1.2.29, 2025-11-27T13:37:38.919Z, pid: 76566] > /home/peaches/anaconda3/bin/python -m dvc --version - FAILED with code 1 (15ms)
/home/peaches/anaconda3/bin/python: No module named dvc

[version: 1.2.29, 2025-11-27T13:37:38.923Z, pid: 0] > dvc --version - INITIALIZED
[version: 1.2.29, 2025-11-27T13:37:38.924Z, pid: 0] > dvc --version - FAILED (5ms)
Command failed with ENOENT: dvc --version
spawn dvc ENOENT
[version: 1.2.29, 2025-11-27T13:37:43.929Z, pid: 76568] > /home/peaches/anaconda3/bin/python -m dvc --version - INITIALIZED
[version: 1.2.29, 2025-11-27T13:37:43.939Z, pid: 76568] > /home/peaches/anaconda3/bin/python -m dvc --version - FAILED with code 1 (15ms)
/home/peaches/anaconda3/bin/python: No module named dvc

[version: 1.2.29, 2025-11-27T13:37:43.943Z, pid: 0] > dvc --version - INITIALIZED
[version: 1.2.29, 2025-11-27T13:37:43.944Z, pid: 0] > dvc --version - FAILED (5ms)
Command failed with ENOENT: dvc --version
spawn dvc ENOENT
[version: 1.2.29, 2025-11-27T13:37:48.949Z, pid: 76570] > /home/peaches/anaconda3/bin/python -m dvc --version - INITIALIZED
[version: 1.2.29, 2025-11-27T13:37:48.958Z, pid: 76570] > /home/peaches/anaconda3/bin/python -m dvc --version - FAILED with code 1 (14ms)
/home/peaches/anaconda3/bin/python: No module named dvc

[version: 1.2.29, 2025-11-27T13:37:48.963Z, pid: 0] > dvc --version - INITIALIZED
[version: 1.2.29, 2025-11-27T13:37:48.964Z, pid: 0] > dvc --version - FAILED (5ms)
Command failed with ENOENT: dvc --version
spawn dvc ENOENT
[version: 1.2.29, 2025-11-27T13:37:53.969Z, pid: 76574] > /home/peaches/anaconda3/bin/python -m dvc --version - INITIALIZED
[version: 1.2.29, 2025-11-27T13:37:53.978Z, pid: 76574] > /home/peaches/anaconda3/bin/python -m dvc --version - FAILED with code 1 (14ms)
/home/peaches/anaconda3/bin/python: No module named dvc

[version: 1.2.29, 2025-11-27T13:37:53.983Z, pid: 0] > dvc --version - INITIALIZED
[version: 1.2.29, 2025-11-27T13:37:53.984Z, pid: 0] > dvc --version - FAILED (5ms)
Command failed with ENOENT: dvc --version
spawn dvc ENOENT
[version: 1.2.29, 2025-11-27T13:37:58.991Z, pid: 76576] > /home/peaches/anaconda3/bin/python -m dvc --version - INITIALIZED
[version: 1.2.29, 2025-11-27T13:37:59.000Z, pid: 76576] > /home/peaches/anaconda3/bin/python -m dvc --version - FAILED with code 1 (16ms)
/home/peaches/anaconda3/bin/python: No module named dvc

[version: 1.2.29, 2025-11-27T13:37:59.005Z, pid: 0] > dvc --version - INITIALIZED
[version: 1.2.29, 2025-11-27T13:37:59.006Z, pid: 0] > dvc --version - FAILED (5ms)
Command failed with ENOENT: dvc --version
spawn dvc ENOENT
[version: 1.2.29, 2025-11-27T13:38:04.012Z, pid: 76580] > /home/peaches/anaconda3/bin/python -m dvc --version - INITIALIZED
[version: 1.2.29, 2025-11-27T13:38:04.021Z, pid: 76580] > /home/peaches/anaconda3/bin/python -m dvc --version - FAILED with code 1 (14ms)
/home/peaches/anaconda3/bin/python: No module named dvc

[version: 1.2.29, 2025-11-27T13:38:04.026Z, pid: 0] > dvc --version - INITIALIZED
[version: 1.2.29, 2025-11-27T13:38:04.026Z, pid: 0] > dvc --version - FAILED (4ms)
Command failed with ENOENT: dvc --version
spawn dvc ENOENT
[version: 1.2.29, 2025-11-27T13:38:09.032Z, pid: 76582] > /home/peaches/anaconda3/bin/python -m dvc --version - INITIALIZED
[version: 1.2.29, 2025-11-27T13:38:09.041Z, pid: 76582] > /home/peaches/anaconda3/bin/python -m dvc --version - FAILED with code 1 (14ms)
/home/peaches/anaconda3/bin/python: No module named dvc

[version: 1.2.29, 2025-11-27T13:38:09.045Z, pid: 0] > dvc --version - INITIALIZED
[version: 1.2.29, 2025-11-27T13:38:09.046Z, pid: 0] > dvc --version - FAILED (4ms)
Command failed with ENOENT: dvc --version
spawn dvc ENOENT
[version: 1.2.29, 2025-11-27T13:38:14.052Z, pid: 76584] > /home/peaches/anaconda3/bin/python -m dvc --version - INITIALIZED
[version: 1.2.29, 2025-11-27T13:38:14.061Z, pid: 76584] > /home/peaches/anaconda3/bin/python -m dvc --version - FAILED with code 1 (15ms)
/home/peaches/anaconda3/bin/python: No module named dvc

[version: 1.2.29, 2025-11-27T13:38:14.066Z, pid: 0] > dvc --version - INITIALIZED
[version: 1.2.29, 2025-11-27T13:38:14.067Z, pid: 0] > dvc --version - FAILED (4ms)
Command failed with ENOENT: dvc --version
spawn dvc ENOENT
[version: 1.2.29, 2025-11-27T13:38:19.073Z, pid: 76586] > /home/peaches/anaconda3/bin/python -m dvc --version - INITIALIZED
[version: 1.2.29, 2025-11-27T13:38:19.083Z, pid: 76586] > /home/peaches/anaconda3/bin/python -m dvc --version - FAILED with code 1 (15ms)
/home/peaches/anaconda3/bin/python: No module named dvc

[version: 1.2.29, 2025-11-27T13:38:19.087Z, pid: 0] > dvc --version - INITIALIZED
[version: 1.2.29, 2025-11-27T13:38:19.088Z, pid: 0] > dvc --version - FAILED (4ms)
Command failed with ENOENT: dvc --version
spawn dvc ENOENT
[version: 1.2.29, 2025-11-27T13:38:24.094Z, pid: 76588] > /home/peaches/anaconda3/bin/python -m dvc --version - INITIALIZED
[version: 1.2.29, 2025-11-27T13:38:24.104Z, pid: 76588] > /home/peaches/anaconda3/bin/python -m dvc --version - FAILED with code 1 (15ms)
/home/peaches/anaconda3/bin/python: No module named dvc

[version: 1.2.29, 2025-11-27T13:38:24.108Z, pid: 0] > dvc --version - INITIALIZED
[version: 1.2.29, 2025-11-27T13:38:24.109Z, pid: 0] > dvc --version - FAILED (5ms)
Command failed with ENOENT: dvc --version
spawn dvc ENOENT
[version: 1.2.29, 2025-11-27T13:38:29.115Z, pid: 76590] > /home/peaches/anaconda3/bin/python -m dvc --version - INITIALIZED
[version: 1.2.29, 2025-11-27T13:38:29.124Z, pid: 76590] > /home/peaches/anaconda3/bin/python -m dvc --version - FAILED with code 1 (14ms)
/home/peaches/anaconda3/bin/python: No module named dvc

[version: 1.2.29, 2025-11-27T13:38:29.129Z, pid: 0] > dvc --version - INITIALIZED
[version: 1.2.29, 2025-11-27T13:38:29.130Z, pid: 0] > dvc --version - FAILED (5ms)
Command failed with ENOENT: dvc --version
spawn dvc ENOENT
[version: 1.2.29, 2025-11-27T13:38:34.135Z, pid: 76592] > /home/peaches/anaconda3/bin/python -m dvc --version - INITIALIZED
[version: 1.2.29, 2025-11-27T13:38:34.145Z, pid: 76592] > /home/peaches/anaconda3/bin/python -m dvc --version - FAILED with code 1 (14ms)
/home/peaches/anaconda3/bin/python: No module named dvc

[version: 1.2.29, 2025-11-27T13:38:34.149Z, pid: 0] > dvc --version - INITIALIZED
[version: 1.2.29, 2025-11-27T13:38:34.150Z, pid: 0] > dvc --version - FAILED (5ms)
Command failed with ENOENT: dvc --version
spawn dvc ENOENT
[version: 1.2.29, 2025-11-27T13:38:39.155Z, pid: 76594] > /home/peaches/anaconda3/bin/python -m dvc --version - INITIALIZED
[version: 1.2.29, 2025-11-27T13:38:39.165Z, pid: 76594] > /home/peaches/anaconda3/bin/python -m dvc --version - FAILED with code 1 (14ms)
/home/peaches/anaconda3/bin/python: No module named dvc

[version: 1.2.29, 2025-11-27T13:38:39.170Z, pid: 0] > dvc --version - INITIALIZED
[version: 1.2.29, 2025-11-27T13:38:39.170Z, pid: 0] > dvc --version - FAILED (4ms)
Command failed with ENOENT: dvc --version
spawn dvc ENOENT
[version: 1.2.29, 2025-11-27T13:38:44.175Z, pid: 76597] > /home/peaches/anaconda3/bin/python -m dvc --version - INITIALIZED
[version: 1.2.29, 2025-11-27T13:38:44.185Z, pid: 76597] > /home/peaches/anaconda3/bin/python -m dvc --version - FAILED with code 1 (15ms)
/home/peaches/anaconda3/bin/python: No module named dvc

[version: 1.2.29, 2025-11-27T13:38:44.189Z, pid: 0] > dvc --version - INITIALIZED
[version: 1.2.29, 2025-11-27T13:38:44.190Z, pid: 0] > dvc --version - FAILED (5ms)
Command failed with ENOENT: dvc --version
spawn dvc ENOENT
[version: 1.2.29, 2025-11-27T13:38:49.195Z, pid: 76599] > /home/peaches/anaconda3/bin/python -m dvc --version - INITIALIZED
[version: 1.2.29, 2025-11-27T13:38:49.205Z, pid: 76599] > /home/peaches/anaconda3/bin/python -m dvc --version - FAILED with code 1 (15ms)
/home/peaches/anaconda3/bin/python: No module named dvc

[version: 1.2.29, 2025-11-27T13:38:49.209Z, pid: 0] > dvc --version - INITIALIZED
[version: 1.2.29, 2025-11-27T13:38:49.210Z, pid: 0] > dvc --version - FAILED (5ms)
Command failed with ENOENT: dvc --version
spawn dvc ENOENT
[version: 1.2.29, 2025-11-27T13:38:54.216Z, pid: 76603] > /home/peaches/anaconda3/bin/python -m dvc --version - INITIALIZED
[version: 1.2.29, 2025-11-27T13:38:54.225Z, pid: 76603] > /home/peaches/anaconda3/bin/python -m dvc --version - FAILED with code 1 (14ms)
/home/peaches/anaconda3/bin/python: No module named dvc

[version: 1.2.29, 2025-11-27T13:38:54.230Z, pid: 0] > dvc --version - INITIALIZED
[version: 1.2.29, 2025-11-27T13:38:54.231Z, pid: 0] > dvc --version - FAILED (5ms)
Command failed with ENOENT: dvc --version
spawn dvc ENOENT
[version: 1.2.29, 2025-11-27T13:38:59.237Z, pid: 76606] > /home/peaches/anaconda3/bin/python -m dvc --version - INITIALIZED
[version: 1.2.29, 2025-11-27T13:38:59.246Z, pid: 76606] > /home/peaches/anaconda3/bin/python -m dvc --version - FAILED with code 1 (14ms)
/home/peaches/anaconda3/bin/python: No module named dvc

[version: 1.2.29, 2025-11-27T13:38:59.250Z, pid: 0] > dvc --version - INITIALIZED
[version: 1.2.29, 2025-11-27T13:38:59.251Z, pid: 0] > dvc --version - FAILED (5ms)
Command failed with ENOENT: dvc --version
spawn dvc ENOENT
[version: 1.2.29, 2025-11-27T13:39:04.256Z, pid: 76608] > /home/peaches/anaconda3/bin/python -m dvc --version - INITIALIZED
[version: 1.2.29, 2025-11-27T13:39:04.266Z, pid: 76608] > /home/peaches/anaconda3/bin/python -m dvc --version - FAILED with code 1 (15ms)
/home/peaches/anaconda3/bin/python: No module named dvc

[version: 1.2.29, 2025-11-27T13:39:04.270Z, pid: 0] > dvc --version - INITIALIZED
[version: 1.2.29, 2025-11-27T13:39:04.271Z, pid: 0] > dvc --version - FAILED (4ms)
Command failed with ENOENT: dvc --version
spawn dvc ENOENT
[version: 1.2.29, 2025-11-27T13:39:09.276Z, pid: 76614] > /home/peaches/anaconda3/bin/python -m dvc --version - INITIALIZED
[version: 1.2.29, 2025-11-27T13:39:09.285Z, pid: 76614] > /home/peaches/anaconda3/bin/python -m dvc --version - FAILED with code 1 (15ms)
/home/peaches/anaconda3/bin/python: No module named dvc

[version: 1.2.29, 2025-11-27T13:39:09.290Z, pid: 0] > dvc --version - INITIALIZED
[version: 1.2.29, 2025-11-27T13:39:09.290Z, pid: 0] > dvc --version - FAILED (4ms)
Command failed with ENOENT: dvc --version
spawn dvc ENOENT
[version: 1.2.29, 2025-11-27T13:39:14.295Z, pid: 76616] > /home/peaches/anaconda3/bin/python -m dvc --version - INITIALIZED
[version: 1.2.29, 2025-11-27T13:39:14.305Z, pid: 76616] > /home/peaches/anaconda3/bin/python -m dvc --version - FAILED with code 1 (14ms)
/home/peaches/anaconda3/bin/python: No module named dvc

[version: 1.2.29, 2025-11-27T13:39:14.309Z, pid: 0] > dvc --version - INITIALIZED
[version: 1.2.29, 2025-11-27T13:39:14.310Z, pid: 0] > dvc --version - FAILED (5ms)
Command failed with ENOENT: dvc --version
spawn dvc ENOENT
[version: 1.2.29, 2025-11-27T13:39:19.316Z, pid: 76618] > /home/peaches/anaconda3/bin/python -m dvc --version - INITIALIZED
[version: 1.2.29, 2025-11-27T13:39:19.326Z, pid: 76618] > /home/peaches/anaconda3/bin/python -m dvc --version - FAILED with code 1 (15ms)
/home/peaches/anaconda3/bin/python: No module named dvc

[version: 1.2.29, 2025-11-27T13:39:19.330Z, pid: 0] > dvc --version - INITIALIZED
[version: 1.2.29, 2025-11-27T13:39:19.331Z, pid: 0] > dvc --version - FAILED (5ms)
Command failed with ENOENT: dvc --version
spawn dvc ENOENT
[version: 1.2.29, 2025-11-27T13:39:24.336Z, pid: 76620] > /home/peaches/anaconda3/bin/python -m dvc --version - INITIALIZED
[version: 1.2.29, 2025-11-27T13:39:24.345Z, pid: 76620] > /home/peaches/anaconda3/bin/python -m dvc --version - FAILED with code 1 (14ms)
/home/peaches/anaconda3/bin/python: No module named dvc

[version: 1.2.29, 2025-11-27T13:39:24.349Z, pid: 0] > dvc --version - INITIALIZED
[version: 1.2.29, 2025-11-27T13:39:24.350Z, pid: 0] > dvc --version - FAILED (5ms)
Command failed with ENOENT: dvc --version
spawn dvc ENOENT
[version: 1.2.29, 2025-11-27T13:39:29.355Z, pid: 76622] > /home/peaches/anaconda3/bin/python -m dvc --version - INITIALIZED
[version: 1.2.29, 2025-11-27T13:39:29.364Z, pid: 76622] > /home/peaches/anaconda3/bin/python -m dvc --version - FAILED with code 1 (14ms)
/home/peaches/anaconda3/bin/python: No module named dvc

[version: 1.2.29, 2025-11-27T13:39:29.369Z, pid: 0] > dvc --version - INITIALIZED
[version: 1.2.29, 2025-11-27T13:39:29.369Z, pid: 0] > dvc --version - FAILED (5ms)
Command failed with ENOENT: dvc --version
spawn dvc ENOENT
[version: 1.2.29, 2025-11-27T13:39:34.375Z, pid: 76624] > /home/peaches/anaconda3/bin/python -m dvc --version - INITIALIZED
[version: 1.2.29, 2025-11-27T13:39:34.384Z, pid: 76624] > /home/peaches/anaconda3/bin/python -m dvc --version - FAILED with code 1 (14ms)
/home/peaches/anaconda3/bin/python: No module named dvc

[version: 1.2.29, 2025-11-27T13:39:34.389Z, pid: 0] > dvc --version - INITIALIZED
[version: 1.2.29, 2025-11-27T13:39:34.389Z, pid: 0] > dvc --version - FAILED (5ms)
Command failed with ENOENT: dvc --version
spawn dvc ENOENT
[version: 1.2.29, 2025-11-27T13:39:39.395Z, pid: 76626] > /home/peaches/anaconda3/bin/python -m dvc --version - INITIALIZED
[version: 1.2.29, 2025-11-27T13:39:39.405Z, pid: 76626] > /home/peaches/anaconda3/bin/python -m dvc --version - FAILED with code 1 (15ms)
/home/peaches/anaconda3/bin/python: No module named dvc

[version: 1.2.29, 2025-11-27T13:39:39.410Z, pid: 0] > dvc --version - INITIALIZED
[version: 1.2.29, 2025-11-27T13:39:39.410Z, pid: 0] > dvc --version - FAILED (5ms)
Command failed with ENOENT: dvc --version
spawn dvc ENOENT
[version: 1.2.29, 2025-11-27T13:39:44.417Z, pid: 76628] > /home/peaches/anaconda3/bin/python -m dvc --version - INITIALIZED
[version: 1.2.29, 2025-11-27T13:39:44.426Z, pid: 76628] > /home/peaches/anaconda3/bin/python -m dvc --version - FAILED with code 1 (15ms)
/home/peaches/anaconda3/bin/python: No module named dvc

[version: 1.2.29, 2025-11-27T13:39:44.431Z, pid: 0] > dvc --version - INITIALIZED
[version: 1.2.29, 2025-11-27T13:39:44.431Z, pid: 0] > dvc --version - FAILED (4ms)
Command failed with ENOENT: dvc --version
spawn dvc ENOENT
[version: 1.2.29, 2025-11-27T13:39:49.436Z, pid: 76630] > /home/peaches/anaconda3/bin/python -m dvc --version - INITIALIZED
[version: 1.2.29, 2025-11-27T13:39:49.445Z, pid: 76630] > /home/peaches/anaconda3/bin/python -m dvc --version - FAILED with code 1 (13ms)
/home/peaches/anaconda3/bin/python: No module named dvc

[version: 1.2.29, 2025-11-27T13:39:49.450Z, pid: 0] > dvc --version - INITIALIZED
[version: 1.2.29, 2025-11-27T13:39:49.451Z, pid: 0] > dvc --version - FAILED (5ms)
Command failed with ENOENT: dvc --version
spawn dvc ENOENT
[version: 1.2.29, 2025-11-27T13:39:54.457Z, pid: 76634] > /home/peaches/anaconda3/bin/python -m dvc --version - INITIALIZED
[version: 1.2.29, 2025-11-27T13:39:54.466Z, pid: 76634] > /home/peaches/anaconda3/bin/python -m dvc --version - FAILED with code 1 (15ms)
/home/peaches/anaconda3/bin/python: No module named dvc

[version: 1.2.29, 2025-11-27T13:39:54.470Z, pid: 0] > dvc --version - INITIALIZED
[version: 1.2.29, 2025-11-27T13:39:54.471Z, pid: 0] > dvc --version - FAILED (5ms)
Command failed with ENOENT: dvc --version
spawn dvc ENOENT
[version: 1.2.29, 2025-11-27T13:39:59.478Z, pid: 76636] > /home/peaches/anaconda3/bin/python -m dvc --version - INITIALIZED
[version: 1.2.29, 2025-11-27T13:39:59.488Z, pid: 76636] > /home/peaches/anaconda3/bin/python -m dvc --version - FAILED with code 1 (17ms)
/home/peaches/anaconda3/bin/python: No module named dvc

[version: 1.2.29, 2025-11-27T13:39:59.493Z, pid: 0] > dvc --version - INITIALIZED
[version: 1.2.29, 2025-11-27T13:39:59.494Z, pid: 0] > dvc --version - FAILED (5ms)
Command failed with ENOENT: dvc --version
spawn dvc ENOENT
[version: 1.2.29, 2025-11-27T13:40:04.500Z, pid: 76638] > /home/peaches/anaconda3/bin/python -m dvc --version - INITIALIZED
[version: 1.2.29, 2025-11-27T13:40:04.510Z, pid: 76638] > /home/peaches/anaconda3/bin/python -m dvc --version - FAILED with code 1 (15ms)
/home/peaches/anaconda3/bin/python: No module named dvc

[version: 1.2.29, 2025-11-27T13:40:04.515Z, pid: 0] > dvc --version - INITIALIZED
[version: 1.2.29, 2025-11-27T13:40:04.515Z, pid: 0] > dvc --version - FAILED (4ms)
Command failed with ENOENT: dvc --version
spawn dvc ENOENT
[version: 1.2.29, 2025-11-27T13:40:09.521Z, pid: 76640] > /home/peaches/anaconda3/bin/python -m dvc --version - INITIALIZED
[version: 1.2.29, 2025-11-27T13:40:09.531Z, pid: 76640] > /home/peaches/anaconda3/bin/python -m dvc --version - FAILED with code 1 (15ms)
/home/peaches/anaconda3/bin/python: No module named dvc

[version: 1.2.29, 2025-11-27T13:40:09.536Z, pid: 0] > dvc --version - INITIALIZED
[version: 1.2.29, 2025-11-27T13:40:09.536Z, pid: 0] > dvc --version - FAILED (5ms)
Command failed with ENOENT: dvc --version
spawn dvc ENOENT
[version: 1.2.29, 2025-11-27T13:40:14.542Z, pid: 76642] > /home/peaches/anaconda3/bin/python -m dvc --version - INITIALIZED
[version: 1.2.29, 2025-11-27T13:40:14.551Z, pid: 76642] > /home/peaches/anaconda3/bin/python -m dvc --version - FAILED with code 1 (14ms)
/home/peaches/anaconda3/bin/python: No module named dvc

[version: 1.2.29, 2025-11-27T13:40:14.556Z, pid: 0] > dvc --version - INITIALIZED
[version: 1.2.29, 2025-11-27T13:40:14.557Z, pid: 0] > dvc --version - FAILED (5ms)
Command failed with ENOENT: dvc --version
spawn dvc ENOENT
[version: 1.2.29, 2025-11-27T13:40:19.562Z, pid: 76644] > /home/peaches/anaconda3/bin/python -m dvc --version - INITIALIZED
[version: 1.2.29, 2025-11-27T13:40:19.572Z, pid: 76644] > /home/peaches/anaconda3/bin/python -m dvc --version - FAILED with code 1 (15ms)
/home/peaches/anaconda3/bin/python: No module named dvc

[version: 1.2.29, 2025-11-27T13:40:19.576Z, pid: 0] > dvc --version - INITIALIZED
[version: 1.2.29, 2025-11-27T13:40:19.577Z, pid: 0] > dvc --version - FAILED (5ms)
Command failed with ENOENT: dvc --version
spawn dvc ENOENT
[version: 1.2.29, 2025-11-27T13:40:24.583Z, pid: 76646] > /home/peaches/anaconda3/bin/python -m dvc --version - INITIALIZED
[version: 1.2.29, 2025-11-27T13:40:24.593Z, pid: 76646] > /home/peaches/anaconda3/bin/python -m dvc --version - FAILED with code 1 (16ms)
/home/peaches/anaconda3/bin/python: No module named dvc

[version: 1.2.29, 2025-11-27T13:40:24.597Z, pid: 0] > dvc --version - INITIALIZED
[version: 1.2.29, 2025-11-27T13:40:24.598Z, pid: 0] > dvc --version - FAILED (5ms)
Command failed with ENOENT: dvc --version
spawn dvc ENOENT
[version: 1.2.29, 2025-11-27T13:40:29.604Z, pid: 76648] > /home/peaches/anaconda3/bin/python -m dvc --version - INITIALIZED
[version: 1.2.29, 2025-11-27T13:40:29.614Z, pid: 76648] > /home/peaches/anaconda3/bin/python -m dvc --version - FAILED with code 1 (15ms)
/home/peaches/anaconda3/bin/python: No module named dvc

[version: 1.2.29, 2025-11-27T13:40:29.618Z, pid: 0] > dvc --version - INITIALIZED
[version: 1.2.29, 2025-11-27T13:40:29.619Z, pid: 0] > dvc --version - FAILED (5ms)
Command failed with ENOENT: dvc --version
spawn dvc ENOENT
[version: 1.2.29, 2025-11-27T13:40:34.625Z, pid: 76650] > /home/peaches/anaconda3/bin/python -m dvc --version - INITIALIZED
[version: 1.2.29, 2025-11-27T13:40:34.635Z, pid: 76650] > /home/peaches/anaconda3/bin/python -m dvc --version - FAILED with code 1 (15ms)
/home/peaches/anaconda3/bin/python: No module named dvc

[version: 1.2.29, 2025-11-27T13:40:34.639Z, pid: 0] > dvc --version - INITIALIZED
[version: 1.2.29, 2025-11-27T13:40:34.640Z, pid: 0] > dvc --version - FAILED (5ms)
Command failed with ENOENT: dvc --version
spawn dvc ENOENT
[version: 1.2.29, 2025-11-27T13:40:39.646Z, pid: 76653] > /home/peaches/anaconda3/bin/python -m dvc --version - INITIALIZED
[version: 1.2.29, 2025-11-27T13:40:39.655Z, pid: 76653] > /home/peaches/anaconda3/bin/python -m dvc --version - FAILED with code 1 (14ms)
/home/peaches/anaconda3/bin/python: No module named dvc

[version: 1.2.29, 2025-11-27T13:40:39.660Z, pid: 0] > dvc --version - INITIALIZED
[version: 1.2.29, 2025-11-27T13:40:39.660Z, pid: 0] > dvc --version - FAILED (4ms)
Command failed with ENOENT: dvc --version
spawn dvc ENOENT
[version: 1.2.29, 2025-11-27T13:40:44.667Z, pid: 76655] > /home/peaches/anaconda3/bin/python -m dvc --version - INITIALIZED
[version: 1.2.29, 2025-11-27T13:40:44.676Z, pid: 76655] > /home/peaches/anaconda3/bin/python -m dvc --version - FAILED with code 1 (15ms)
/home/peaches/anaconda3/bin/python: No module named dvc

[version: 1.2.29, 2025-11-27T13:40:44.681Z, pid: 0] > dvc --version - INITIALIZED
[version: 1.2.29, 2025-11-27T13:40:44.682Z, pid: 0] > dvc --version - FAILED (6ms)
Command failed with ENOENT: dvc --version
spawn dvc ENOENT
[version: 1.2.29, 2025-11-27T13:40:49.688Z, pid: 76657] > /home/peaches/anaconda3/bin/python -m dvc --version - INITIALIZED
[version: 1.2.29, 2025-11-27T13:40:49.697Z, pid: 76657] > /home/peaches/anaconda3/bin/python -m dvc --version - FAILED with code 1 (15ms)
/home/peaches/anaconda3/bin/python: No module named dvc

[version: 1.2.29, 2025-11-27T13:40:49.702Z, pid: 0] > dvc --version - INITIALIZED
[version: 1.2.29, 2025-11-27T13:40:49.703Z, pid: 0] > dvc --version - FAILED (5ms)
Command failed with ENOENT: dvc --version
spawn dvc ENOENT
[version: 1.2.29, 2025-11-27T13:40:54.708Z, pid: 76661] > /home/peaches/anaconda3/bin/python -m dvc --version - INITIALIZED
[version: 1.2.29, 2025-11-27T13:40:54.718Z, pid: 76661] > /home/peaches/anaconda3/bin/python -m dvc --version - FAILED with code 1 (14ms)
/home/peaches/anaconda3/bin/python: No module named dvc

[version: 1.2.29, 2025-11-27T13:40:54.722Z, pid: 0] > dvc --version - INITIALIZED
[version: 1.2.29, 2025-11-27T13:40:54.723Z, pid: 0] > dvc --version - FAILED (5ms)
Command failed with ENOENT: dvc --version
spawn dvc ENOENT
[version: 1.2.29, 2025-11-27T13:40:59.728Z, pid: 76663] > /home/peaches/anaconda3/bin/python -m dvc --version - INITIALIZED
[version: 1.2.29, 2025-11-27T13:40:59.737Z, pid: 76663] > /home/peaches/anaconda3/bin/python -m dvc --version - FAILED with code 1 (14ms)
/home/peaches/anaconda3/bin/python: No module named dvc

[version: 1.2.29, 2025-11-27T13:40:59.742Z, pid: 0] > dvc --version - INITIALIZED
[version: 1.2.29, 2025-11-27T13:40:59.743Z, pid: 0] > dvc --version - FAILED (5ms)
Command failed with ENOENT: dvc --version
spawn dvc ENOENT
[version: 1.2.29, 2025-11-27T13:41:04.748Z, pid: 76665] > /home/peaches/anaconda3/bin/python -m dvc --version - INITIALIZED
[version: 1.2.29, 2025-11-27T13:41:04.758Z, pid: 76665] > /home/peaches/anaconda3/bin/python -m dvc --version - FAILED with code 1 (14ms)
/home/peaches/anaconda3/bin/python: No module named dvc

[version: 1.2.29, 2025-11-27T13:41:04.762Z, pid: 0] > dvc --version - INITIALIZED
[version: 1.2.29, 2025-11-27T13:41:04.763Z, pid: 0] > dvc --version - FAILED (5ms)
Command failed with ENOENT: dvc --version
spawn dvc ENOENT
[version: 1.2.29, 2025-11-27T13:41:09.768Z, pid: 76667] > /home/peaches/anaconda3/bin/python -m dvc --version - INITIALIZED
[version: 1.2.29, 2025-11-27T13:41:09.778Z, pid: 76667] > /home/peaches/anaconda3/bin/python -m dvc --version - FAILED with code 1 (15ms)
/home/peaches/anaconda3/bin/python: No module named dvc

[version: 1.2.29, 2025-11-27T13:41:09.783Z, pid: 0] > dvc --version - INITIALIZED
[version: 1.2.29, 2025-11-27T13:41:09.783Z, pid: 0] > dvc --version - FAILED (5ms)
Command failed with ENOENT: dvc --version
spawn dvc ENOENT
[version: 1.2.29, 2025-11-27T13:41:14.789Z, pid: 76669] > /home/peaches/anaconda3/bin/python -m dvc --version - INITIALIZED
[version: 1.2.29, 2025-11-27T13:41:14.798Z, pid: 76669] > /home/peaches/anaconda3/bin/python -m dvc --version - FAILED with code 1 (15ms)
/home/peaches/anaconda3/bin/python: No module named dvc

[version: 1.2.29, 2025-11-27T13:41:14.803Z, pid: 0] > dvc --version - INITIALIZED
[version: 1.2.29, 2025-11-27T13:41:14.804Z, pid: 0] > dvc --version - FAILED (5ms)
Command failed with ENOENT: dvc --version
spawn dvc ENOENT
[version: 1.2.29, 2025-11-27T13:41:19.810Z, pid: 76671] > /home/peaches/anaconda3/bin/python -m dvc --version - INITIALIZED
[version: 1.2.29, 2025-11-27T13:41:19.820Z, pid: 76671] > /home/peaches/anaconda3/bin/python -m dvc --version - FAILED with code 1 (15ms)
/home/peaches/anaconda3/bin/python: No module named dvc

[version: 1.2.29, 2025-11-27T13:41:19.824Z, pid: 0] > dvc --version - INITIALIZED
[version: 1.2.29, 2025-11-27T13:41:19.825Z, pid: 0] > dvc --version - FAILED (5ms)
Command failed with ENOENT: dvc --version
spawn dvc ENOENT
[version: 1.2.29, 2025-11-27T13:41:24.831Z, pid: 76673] > /home/peaches/anaconda3/bin/python -m dvc --version - INITIALIZED
[version: 1.2.29, 2025-11-27T13:41:24.840Z, pid: 76673] > /home/peaches/anaconda3/bin/python -m dvc --version - FAILED with code 1 (15ms)
/home/peaches/anaconda3/bin/python: No module named dvc

[version: 1.2.29, 2025-11-27T13:41:24.844Z, pid: 0] > dvc --version - INITIALIZED
[version: 1.2.29, 2025-11-27T13:41:24.845Z, pid: 0] > dvc --version - FAILED (5ms)
Command failed with ENOENT: dvc --version
spawn dvc ENOENT
[version: 1.2.29, 2025-11-27T13:41:29.851Z, pid: 76675] > /home/peaches/anaconda3/bin/python -m dvc --version - INITIALIZED
[version: 1.2.29, 2025-11-27T13:41:29.860Z, pid: 76675] > /home/peaches/anaconda3/bin/python -m dvc --version - FAILED with code 1 (15ms)
/home/peaches/anaconda3/bin/python: No module named dvc

[version: 1.2.29, 2025-11-27T13:41:29.864Z, pid: 0] > dvc --version - INITIALIZED
[version: 1.2.29, 2025-11-27T13:41:29.865Z, pid: 0] > dvc --version - FAILED (4ms)
Command failed with ENOENT: dvc --version
spawn dvc ENOENT
[version: 1.2.29, 2025-11-27T13:41:34.870Z, pid: 76677] > /home/peaches/anaconda3/bin/python -m dvc --version - INITIALIZED
[version: 1.2.29, 2025-11-27T13:41:34.879Z, pid: 76677] > /home/peaches/anaconda3/bin/python -m dvc --version - FAILED with code 1 (13ms)
/home/peaches/anaconda3/bin/python: No module named dvc

[version: 1.2.29, 2025-11-27T13:41:34.884Z, pid: 0] > dvc --version - INITIALIZED
[version: 1.2.29, 2025-11-27T13:41:34.885Z, pid: 0] > dvc --version - FAILED (5ms)
Command failed with ENOENT: dvc --version
spawn dvc ENOENT
[version: 1.2.29, 2025-11-27T13:41:39.891Z, pid: 76679] > /home/peaches/anaconda3/bin/python -m dvc --version - INITIALIZED
[version: 1.2.29, 2025-11-27T13:41:39.900Z, pid: 76679] > /home/peaches/anaconda3/bin/python -m dvc --version - FAILED with code 1 (14ms)
/home/peaches/anaconda3/bin/python: No module named dvc

[version: 1.2.29, 2025-11-27T13:41:39.904Z, pid: 0] > dvc --version - INITIALIZED
[version: 1.2.29, 2025-11-27T13:41:39.905Z, pid: 0] > dvc --version - FAILED (5ms)
Command failed with ENOENT: dvc --version
spawn dvc ENOENT
[version: 1.2.29, 2025-11-27T13:41:44.912Z, pid: 76682] > /home/peaches/anaconda3/bin/python -m dvc --version - INITIALIZED
[version: 1.2.29, 2025-11-27T13:41:44.921Z, pid: 76682] > /home/peaches/anaconda3/bin/python -m dvc --version - FAILED with code 1 (15ms)
/home/peaches/anaconda3/bin/python: No module named dvc

[version: 1.2.29, 2025-11-27T13:41:44.926Z, pid: 0] > dvc --version - INITIALIZED
[version: 1.2.29, 2025-11-27T13:41:44.926Z, pid: 0] > dvc --version - FAILED (4ms)
Command failed with ENOENT: dvc --version
spawn dvc ENOENT
[version: 1.2.29, 2025-11-27T13:41:49.931Z, pid: 76684] > /home/peaches/anaconda3/bin/python -m dvc --version - INITIALIZED
[version: 1.2.29, 2025-11-27T13:41:49.941Z, pid: 76684] > /home/peaches/anaconda3/bin/python -m dvc --version - FAILED with code 1 (15ms)
/home/peaches/anaconda3/bin/python: No module named dvc

[version: 1.2.29, 2025-11-27T13:41:49.945Z, pid: 0] > dvc --version - INITIALIZED
[version: 1.2.29, 2025-11-27T13:41:49.946Z, pid: 0] > dvc --version - FAILED (5ms)
Command failed with ENOENT: dvc --version
spawn dvc ENOENT
[version: 1.2.29, 2025-11-27T13:41:54.951Z, pid: 76688] > /home/peaches/anaconda3/bin/python -m dvc --version - INITIALIZED
[version: 1.2.29, 2025-11-27T13:41:54.961Z, pid: 76688] > /home/peaches/anaconda3/bin/python -m dvc --version - FAILED with code 1 (15ms)
/home/peaches/anaconda3/bin/python: No module named dvc

[version: 1.2.29, 2025-11-27T13:41:54.965Z, pid: 0] > dvc --version - INITIALIZED
[version: 1.2.29, 2025-11-27T13:41:54.966Z, pid: 0] > dvc --version - FAILED (5ms)
Command failed with ENOENT: dvc --version
spawn dvc ENOENT
[version: 1.2.29, 2025-11-27T13:41:59.972Z, pid: 76690] > /home/peaches/anaconda3/bin/python -m dvc --version - INITIALIZED
[version: 1.2.29, 2025-11-27T13:41:59.981Z, pid: 76690] > /home/peaches/anaconda3/bin/python -m dvc --version - FAILED with code 1 (14ms)
/home/peaches/anaconda3/bin/python: No module named dvc

[version: 1.2.29, 2025-11-27T13:41:59.986Z, pid: 0] > dvc --version - INITIALIZED
[version: 1.2.29, 2025-11-27T13:41:59.987Z, pid: 0] > dvc --version - FAILED (6ms)
Command failed with ENOENT: dvc --version
spawn dvc ENOENT
[version: 1.2.29, 2025-11-27T13:42:04.993Z, pid: 76692] > /home/peaches/anaconda3/bin/python -m dvc --version - INITIALIZED
[version: 1.2.29, 2025-11-27T13:42:05.002Z, pid: 76692] > /home/peaches/anaconda3/bin/python -m dvc --version - FAILED with code 1 (15ms)
/home/peaches/anaconda3/bin/python: No module named dvc

[version: 1.2.29, 2025-11-27T13:42:05.007Z, pid: 0] > dvc --version - INITIALIZED
[version: 1.2.29, 2025-11-27T13:42:05.008Z, pid: 0] > dvc --version - FAILED (5ms)
Command failed with ENOENT: dvc --version
spawn dvc ENOENT
[version: 1.2.29, 2025-11-27T13:42:10.014Z, pid: 76694] > /home/peaches/anaconda3/bin/python -m dvc --version - INITIALIZED
[version: 1.2.29, 2025-11-27T13:42:10.023Z, pid: 76694] > /home/peaches/anaconda3/bin/python -m dvc --version - FAILED with code 1 (15ms)
/home/peaches/anaconda3/bin/python: No module named dvc

[version: 1.2.29, 2025-11-27T13:42:10.028Z, pid: 0] > dvc --version - INITIALIZED
[version: 1.2.29, 2025-11-27T13:42:10.029Z, pid: 0] > dvc --version - FAILED (5ms)
Command failed with ENOENT: dvc --version
spawn dvc ENOENT
[version: 1.2.29, 2025-11-27T13:42:15.035Z, pid: 76697] > /home/peaches/anaconda3/bin/python -m dvc --version - INITIALIZED
[version: 1.2.29, 2025-11-27T13:42:15.045Z, pid: 76697] > /home/peaches/anaconda3/bin/python -m dvc --version - FAILED with code 1 (15ms)
/home/peaches/anaconda3/bin/python: No module named dvc

[version: 1.2.29, 2025-11-27T13:42:15.049Z, pid: 0] > dvc --version - INITIALIZED
[version: 1.2.29, 2025-11-27T13:42:15.050Z, pid: 0] > dvc --version - FAILED (5ms)
Command failed with ENOENT: dvc --version
spawn dvc ENOENT
[version: 1.2.29, 2025-11-27T13:42:20.055Z, pid: 76699] > /home/peaches/anaconda3/bin/python -m dvc --version - INITIALIZED
[version: 1.2.29, 2025-11-27T13:42:20.064Z, pid: 76699] > /home/peaches/anaconda3/bin/python -m dvc --version - FAILED with code 1 (14ms)
/home/peaches/anaconda3/bin/python: No module named dvc

[version: 1.2.29, 2025-11-27T13:42:20.069Z, pid: 0] > dvc --version - INITIALIZED
[version: 1.2.29, 2025-11-27T13:42:20.070Z, pid: 0] > dvc --version - FAILED (6ms)
Command failed with ENOENT: dvc --version
spawn dvc ENOENT
[version: 1.2.29, 2025-11-27T13:42:25.077Z, pid: 76701] > /home/peaches/anaconda3/bin/python -m dvc --version - INITIALIZED
[version: 1.2.29, 2025-11-27T13:42:25.086Z, pid: 76701] > /home/peaches/anaconda3/bin/python -m dvc --version - FAILED with code 1 (15ms)
/home/peaches/anaconda3/bin/python: No module named dvc

[version: 1.2.29, 2025-11-27T13:42:25.091Z, pid: 0] > dvc --version - INITIALIZED
[version: 1.2.29, 2025-11-27T13:42:25.092Z, pid: 0] > dvc --version - FAILED (5ms)
Command failed with ENOENT: dvc --version
spawn dvc ENOENT
[version: 1.2.29, 2025-11-27T13:42:30.098Z, pid: 76703] > /home/peaches/anaconda3/bin/python -m dvc --version - INITIALIZED
[version: 1.2.29, 2025-11-27T13:42:30.108Z, pid: 76703] > /home/peaches/anaconda3/bin/python -m dvc --version - FAILED with code 1 (15ms)
/home/peaches/anaconda3/bin/python: No module named dvc

[version: 1.2.29, 2025-11-27T13:42:30.113Z, pid: 0] > dvc --version - INITIALIZED
[version: 1.2.29, 2025-11-27T13:42:30.114Z, pid: 0] > dvc --version - FAILED (5ms)
Command failed with ENOENT: dvc --version
spawn dvc ENOENT
[version: 1.2.29, 2025-11-27T13:42:35.120Z, pid: 76705] > /home/peaches/anaconda3/bin/python -m dvc --version - INITIALIZED
[version: 1.2.29, 2025-11-27T13:42:35.129Z, pid: 76705] > /home/peaches/anaconda3/bin/python -m dvc --version - FAILED with code 1 (15ms)
/home/peaches/anaconda3/bin/python: No module named dvc

[version: 1.2.29, 2025-11-27T13:42:35.133Z, pid: 0] > dvc --version - INITIALIZED
[version: 1.2.29, 2025-11-27T13:42:35.134Z, pid: 0] > dvc --version - FAILED (5ms)
Command failed with ENOENT: dvc --version
spawn dvc ENOENT
[version: 1.2.29, 2025-11-27T13:42:40.139Z, pid: 76708] > /home/peaches/anaconda3/bin/python -m dvc --version - INITIALIZED
[version: 1.2.29, 2025-11-27T13:42:40.149Z, pid: 76708] > /home/peaches/anaconda3/bin/python -m dvc --version - FAILED with code 1 (15ms)
/home/peaches/anaconda3/bin/python: No module named dvc

[version: 1.2.29, 2025-11-27T13:42:40.153Z, pid: 0] > dvc --version - INITIALIZED
[version: 1.2.29, 2025-11-27T13:42:40.154Z, pid: 0] > dvc --version - FAILED (5ms)
Command failed with ENOENT: dvc --version
spawn dvc ENOENT
[version: 1.2.29, 2025-11-27T13:42:45.160Z, pid: 76710] > /home/peaches/anaconda3/bin/python -m dvc --version - INITIALIZED
[version: 1.2.29, 2025-11-27T13:42:45.170Z, pid: 76710] > /home/peaches/anaconda3/bin/python -m dvc --version - FAILED with code 1 (15ms)
/home/peaches/anaconda3/bin/python: No module named dvc

[version: 1.2.29, 2025-11-27T13:42:45.175Z, pid: 0] > dvc --version - INITIALIZED
[version: 1.2.29, 2025-11-27T13:42:45.176Z, pid: 0] > dvc --version - FAILED (6ms)
Command failed with ENOENT: dvc --version
spawn dvc ENOENT
[version: 1.2.29, 2025-11-27T13:42:50.184Z, pid: 76712] > /home/peaches/anaconda3/bin/python -m dvc --version - INITIALIZED
[version: 1.2.29, 2025-11-27T13:42:50.193Z, pid: 76712] > /home/peaches/anaconda3/bin/python -m dvc --version - FAILED with code 1 (16ms)
/home/peaches/anaconda3/bin/python: No module named dvc

[version: 1.2.29, 2025-11-27T13:42:50.197Z, pid: 0] > dvc --version - INITIALIZED
[version: 1.2.29, 2025-11-27T13:42:50.198Z, pid: 0] > dvc --version - FAILED (5ms)
Command failed with ENOENT: dvc --version
spawn dvc ENOENT
[version: 1.2.29, 2025-11-27T13:42:55.205Z, pid: 76716] > /home/peaches/anaconda3/bin/python -m dvc --version - INITIALIZED
[version: 1.2.29, 2025-11-27T13:42:55.214Z, pid: 76716] > /home/peaches/anaconda3/bin/python -m dvc --version - FAILED with code 1 (15ms)
/home/peaches/anaconda3/bin/python: No module named dvc

[version: 1.2.29, 2025-11-27T13:42:55.218Z, pid: 0] > dvc --version - INITIALIZED
[version: 1.2.29, 2025-11-27T13:42:55.219Z, pid: 0] > dvc --version - FAILED (5ms)
Command failed with ENOENT: dvc --version
spawn dvc ENOENT
[version: 1.2.29, 2025-11-27T13:43:00.224Z, pid: 76718] > /home/peaches/anaconda3/bin/python -m dvc --version - INITIALIZED
[version: 1.2.29, 2025-11-27T13:43:00.233Z, pid: 76718] > /home/peaches/anaconda3/bin/python -m dvc --version - FAILED with code 1 (14ms)
/home/peaches/anaconda3/bin/python: No module named dvc

[version: 1.2.29, 2025-11-27T13:43:00.238Z, pid: 0] > dvc --version - INITIALIZED
[version: 1.2.29, 2025-11-27T13:43:00.239Z, pid: 0] > dvc --version - FAILED (5ms)
Command failed with ENOENT: dvc --version
spawn dvc ENOENT
[version: 1.2.29, 2025-11-27T13:43:05.244Z, pid: 76722] > /home/peaches/anaconda3/bin/python -m dvc --version - INITIALIZED
[version: 1.2.29, 2025-11-27T13:43:05.253Z, pid: 76722] > /home/peaches/anaconda3/bin/python -m dvc --version - FAILED with code 1 (14ms)
/home/peaches/anaconda3/bin/python: No module named dvc

[version: 1.2.29, 2025-11-27T13:43:05.257Z, pid: 0] > dvc --version - INITIALIZED
[version: 1.2.29, 2025-11-27T13:43:05.258Z, pid: 0] > dvc --version - FAILED (5ms)
Command failed with ENOENT: dvc --version
spawn dvc ENOENT
[version: 1.2.29, 2025-11-27T13:43:10.264Z, pid: 76724] > /home/peaches/anaconda3/bin/python -m dvc --version - INITIALIZED
[version: 1.2.29, 2025-11-27T13:43:10.273Z, pid: 76724] > /home/peaches/anaconda3/bin/python -m dvc --version - FAILED with code 1 (14ms)
/home/peaches/anaconda3/bin/python: No module named dvc

[version: 1.2.29, 2025-11-27T13:43:10.278Z, pid: 0] > dvc --version - INITIALIZED
[version: 1.2.29, 2025-11-27T13:43:10.278Z, pid: 0] > dvc --version - FAILED (5ms)
Command failed with ENOENT: dvc --version
spawn dvc ENOENT
[version: 1.2.29, 2025-11-27T13:43:15.285Z, pid: 76726] > /home/peaches/anaconda3/bin/python -m dvc --version - INITIALIZED
[version: 1.2.29, 2025-11-27T13:43:15.294Z, pid: 76726] > /home/peaches/anaconda3/bin/python -m dvc --version - FAILED with code 1 (15ms)
/home/peaches/anaconda3/bin/python: No module named dvc

[version: 1.2.29, 2025-11-27T13:43:15.299Z, pid: 0] > dvc --version - INITIALIZED
[version: 1.2.29, 2025-11-27T13:43:15.300Z, pid: 0] > dvc --version - FAILED (5ms)
Command failed with ENOENT: dvc --version
spawn dvc ENOENT
[version: 1.2.29, 2025-11-27T13:43:20.305Z, pid: 76728] > /home/peaches/anaconda3/bin/python -m dvc --version - INITIALIZED
[version: 1.2.29, 2025-11-27T13:43:20.314Z, pid: 76728] > /home/peaches/anaconda3/bin/python -m dvc --version - FAILED with code 1 (14ms)
/home/peaches/anaconda3/bin/python: No module named dvc

[version: 1.2.29, 2025-11-27T13:43:20.318Z, pid: 0] > dvc --version - INITIALIZED
[version: 1.2.29, 2025-11-27T13:43:20.319Z, pid: 0] > dvc --version - FAILED (5ms)
Command failed with ENOENT: dvc --version
spawn dvc ENOENT
[version: 1.2.29, 2025-11-27T13:43:25.324Z, pid: 76730] > /home/peaches/anaconda3/bin/python -m dvc --version - INITIALIZED
[version: 1.2.29, 2025-11-27T13:43:25.334Z, pid: 76730] > /home/peaches/anaconda3/bin/python -m dvc --version - FAILED with code 1 (14ms)
/home/peaches/anaconda3/bin/python: No module named dvc

[version: 1.2.29, 2025-11-27T13:43:25.338Z, pid: 0] > dvc --version - INITIALIZED
[version: 1.2.29, 2025-11-27T13:43:25.339Z, pid: 0] > dvc --version - FAILED (5ms)
Command failed with ENOENT: dvc --version
spawn dvc ENOENT
[version: 1.2.29, 2025-11-27T13:43:30.344Z, pid: 76732] > /home/peaches/anaconda3/bin/python -m dvc --version - INITIALIZED
[version: 1.2.29, 2025-11-27T13:43:30.353Z, pid: 76732] > /home/peaches/anaconda3/bin/python -m dvc --version - FAILED with code 1 (14ms)
/home/peaches/anaconda3/bin/python: No module named dvc

[version: 1.2.29, 2025-11-27T13:43:30.358Z, pid: 0] > dvc --version - INITIALIZED
[version: 1.2.29, 2025-11-27T13:43:30.359Z, pid: 0] > dvc --version - FAILED (5ms)
Command failed with ENOENT: dvc --version
spawn dvc ENOENT
[version: 1.2.29, 2025-11-27T13:43:35.366Z, pid: 76734] > /home/peaches/anaconda3/bin/python -m dvc --version - INITIALIZED
[version: 1.2.29, 2025-11-27T13:43:35.375Z, pid: 76734] > /home/peaches/anaconda3/bin/python -m dvc --version - FAILED with code 1 (15ms)
/home/peaches/anaconda3/bin/python: No module named dvc

[version: 1.2.29, 2025-11-27T13:43:35.379Z, pid: 0] > dvc --version - INITIALIZED
[version: 1.2.29, 2025-11-27T13:43:35.380Z, pid: 0] > dvc --version - FAILED (5ms)
Command failed with ENOENT: dvc --version
spawn dvc ENOENT
[version: 1.2.29, 2025-11-27T13:43:40.386Z, pid: 76736] > /home/peaches/anaconda3/bin/python -m dvc --version - INITIALIZED
[version: 1.2.29, 2025-11-27T13:43:40.395Z, pid: 76736] > /home/peaches/anaconda3/bin/python -m dvc --version - FAILED with code 1 (14ms)
/home/peaches/anaconda3/bin/python: No module named dvc

[version: 1.2.29, 2025-11-27T13:43:40.400Z, pid: 0] > dvc --version - INITIALIZED
[version: 1.2.29, 2025-11-27T13:43:40.401Z, pid: 0] > dvc --version - FAILED (5ms)
Command failed with ENOENT: dvc --version
spawn dvc ENOENT
[version: 1.2.29, 2025-11-27T13:43:45.407Z, pid: 76738] > /home/peaches/anaconda3/bin/python -m dvc --version - INITIALIZED
[version: 1.2.29, 2025-11-27T13:43:45.417Z, pid: 76738] > /home/peaches/anaconda3/bin/python -m dvc --version - FAILED with code 1 (15ms)
/home/peaches/anaconda3/bin/python: No module named dvc

[version: 1.2.29, 2025-11-27T13:43:45.421Z, pid: 0] > dvc --version - INITIALIZED
[version: 1.2.29, 2025-11-27T13:43:45.422Z, pid: 0] > dvc --version - FAILED (4ms)
Command failed with ENOENT: dvc --version
spawn dvc ENOENT
[version: 1.2.29, 2025-11-27T13:43:50.427Z, pid: 76740] > /home/peaches/anaconda3/bin/python -m dvc --version - INITIALIZED
[version: 1.2.29, 2025-11-27T13:43:50.437Z, pid: 76740] > /home/peaches/anaconda3/bin/python -m dvc --version - FAILED with code 1 (15ms)
/home/peaches/anaconda3/bin/python: No module named dvc

[version: 1.2.29, 2025-11-27T13:43:50.441Z, pid: 0] > dvc --version - INITIALIZED
[version: 1.2.29, 2025-11-27T13:43:50.442Z, pid: 0] > dvc --version - FAILED (5ms)
Command failed with ENOENT: dvc --version
spawn dvc ENOENT
[version: 1.2.29, 2025-11-27T13:43:55.448Z, pid: 76744] > /home/peaches/anaconda3/bin/python -m dvc --version - INITIALIZED
[version: 1.2.29, 2025-11-27T13:43:55.459Z, pid: 76744] > /home/peaches/anaconda3/bin/python -m dvc --version - FAILED with code 1 (17ms)
/home/peaches/anaconda3/bin/python: No module named dvc

[version: 1.2.29, 2025-11-27T13:43:55.463Z, pid: 0] > dvc --version - INITIALIZED
[version: 1.2.29, 2025-11-27T13:43:55.464Z, pid: 0] > dvc --version - FAILED (5ms)
Command failed with ENOENT: dvc --version
spawn dvc ENOENT
[version: 1.2.29, 2025-11-27T13:44:00.471Z, pid: 76746] > /home/peaches/anaconda3/bin/python -m dvc --version - INITIALIZED
[version: 1.2.29, 2025-11-27T13:44:00.480Z, pid: 76746] > /home/peaches/anaconda3/bin/python -m dvc --version - FAILED with code 1 (15ms)
/home/peaches/anaconda3/bin/python: No module named dvc

[version: 1.2.29, 2025-11-27T13:44:00.485Z, pid: 0] > dvc --version - INITIALIZED
[version: 1.2.29, 2025-11-27T13:44:00.486Z, pid: 0] > dvc --version - FAILED (5ms)
Command failed with ENOENT: dvc --version
spawn dvc ENOENT
[version: 1.2.29, 2025-11-27T13:44:05.492Z, pid: 76748] > /home/peaches/anaconda3/bin/python -m dvc --version - INITIALIZED
[version: 1.2.29, 2025-11-27T13:44:05.503Z, pid: 76748] > /home/peaches/anaconda3/bin/python -m dvc --version - FAILED with code 1 (17ms)
/home/peaches/anaconda3/bin/python: No module named dvc

[version: 1.2.29, 2025-11-27T13:44:05.508Z, pid: 0] > dvc --version - INITIALIZED
[version: 1.2.29, 2025-11-27T13:44:05.509Z, pid: 0] > dvc --version - FAILED (5ms)
Command failed with ENOENT: dvc --version
spawn dvc ENOENT
[version: 1.2.29, 2025-11-27T13:44:10.515Z, pid: 76752] > /home/peaches/anaconda3/bin/python -m dvc --version - INITIALIZED
[version: 1.2.29, 2025-11-27T13:44:10.526Z, pid: 76752] > /home/peaches/anaconda3/bin/python -m dvc --version - FAILED with code 1 (16ms)
/home/peaches/anaconda3/bin/python: No module named dvc

[version: 1.2.29, 2025-11-27T13:44:10.531Z, pid: 0] > dvc --version - INITIALIZED
[version: 1.2.29, 2025-11-27T13:44:10.532Z, pid: 0] > dvc --version - FAILED (5ms)
Command failed with ENOENT: dvc --version
spawn dvc ENOENT
[version: 1.2.29, 2025-11-27T13:44:15.536Z, pid: 76754] > /home/peaches/anaconda3/bin/python -m dvc --version - INITIALIZED
[version: 1.2.29, 2025-11-27T13:44:15.546Z, pid: 76754] > /home/peaches/anaconda3/bin/python -m dvc --version - FAILED with code 1 (14ms)
/home/peaches/anaconda3/bin/python: No module named dvc

[version: 1.2.29, 2025-11-27T13:44:15.551Z, pid: 0] > dvc --version - INITIALIZED
[version: 1.2.29, 2025-11-27T13:44:15.552Z, pid: 0] > dvc --version - FAILED (5ms)
Command failed with ENOENT: dvc --version
spawn dvc ENOENT
[version: 1.2.29, 2025-11-27T13:44:20.558Z, pid: 76756] > /home/peaches/anaconda3/bin/python -m dvc --version - INITIALIZED
[version: 1.2.29, 2025-11-27T13:44:20.568Z, pid: 76756] > /home/peaches/anaconda3/bin/python -m dvc --version - FAILED with code 1 (15ms)
/home/peaches/anaconda3/bin/python: No module named dvc

[version: 1.2.29, 2025-11-27T13:44:20.573Z, pid: 0] > dvc --version - INITIALIZED
[version: 1.2.29, 2025-11-27T13:44:20.573Z, pid: 0] > dvc --version - FAILED (4ms)
Command failed with ENOENT: dvc --version
spawn dvc ENOENT
[version: 1.2.29, 2025-11-27T13:44:25.578Z, pid: 76758] > /home/peaches/anaconda3/bin/python -m dvc --version - INITIALIZED
[version: 1.2.29, 2025-11-27T13:44:25.589Z, pid: 76758] > /home/peaches/anaconda3/bin/python -m dvc --version - FAILED with code 1 (15ms)
/home/peaches/anaconda3/bin/python: No module named dvc

[version: 1.2.29, 2025-11-27T13:44:25.594Z, pid: 0] > dvc --version - INITIALIZED
[version: 1.2.29, 2025-11-27T13:44:25.594Z, pid: 0] > dvc --version - FAILED (5ms)
Command failed with ENOENT: dvc --version
spawn dvc ENOENT
[version: 1.2.29, 2025-11-27T13:44:30.600Z, pid: 76760] > /home/peaches/anaconda3/bin/python -m dvc --version - INITIALIZED
[version: 1.2.29, 2025-11-27T13:44:30.610Z, pid: 76760] > /home/peaches/anaconda3/bin/python -m dvc --version - FAILED with code 1 (15ms)
/home/peaches/anaconda3/bin/python: No module named dvc

[version: 1.2.29, 2025-11-27T13:44:30.614Z, pid: 0] > dvc --version - INITIALIZED
[version: 1.2.29, 2025-11-27T13:44:30.615Z, pid: 0] > dvc --version - FAILED (5ms)
Command failed with ENOENT: dvc --version
spawn dvc ENOENT
[version: 1.2.29, 2025-11-27T13:44:35.620Z, pid: 76762] > /home/peaches/anaconda3/bin/python -m dvc --version - INITIALIZED
[version: 1.2.29, 2025-11-27T13:44:35.630Z, pid: 76762] > /home/peaches/anaconda3/bin/python -m dvc --version - FAILED with code 1 (14ms)
/home/peaches/anaconda3/bin/python: No module named dvc

[version: 1.2.29, 2025-11-27T13:44:35.634Z, pid: 0] > dvc --version - INITIALIZED
[version: 1.2.29, 2025-11-27T13:44:35.635Z, pid: 0] > dvc --version - FAILED (5ms)
Command failed with ENOENT: dvc --version
spawn dvc ENOENT
[version: 1.2.29, 2025-11-27T13:44:40.641Z, pid: 76765] > /home/peaches/anaconda3/bin/python -m dvc --version - INITIALIZED
[version: 1.2.29, 2025-11-27T13:44:40.651Z, pid: 76765] > /home/peaches/anaconda3/bin/python -m dvc --version - FAILED with code 1 (15ms)
/home/peaches/anaconda3/bin/python: No module named dvc

[version: 1.2.29, 2025-11-27T13:44:40.655Z, pid: 0] > dvc --version - INITIALIZED
[version: 1.2.29, 2025-11-27T13:44:40.656Z, pid: 0] > dvc --version - FAILED (5ms)
Command failed with ENOENT: dvc --version
spawn dvc ENOENT
[version: 1.2.29, 2025-11-27T13:44:45.662Z, pid: 76767] > /home/peaches/anaconda3/bin/python -m dvc --version - INITIALIZED
[version: 1.2.29, 2025-11-27T13:44:45.672Z, pid: 76767] > /home/peaches/anaconda3/bin/python -m dvc --version - FAILED with code 1 (15ms)
/home/peaches/anaconda3/bin/python: No module named dvc

[version: 1.2.29, 2025-11-27T13:44:45.676Z, pid: 0] > dvc --version - INITIALIZED
[version: 1.2.29, 2025-11-27T13:44:45.677Z, pid: 0] > dvc --version - FAILED (5ms)
Command failed with ENOENT: dvc --version
spawn dvc ENOENT
[version: 1.2.29, 2025-11-27T13:44:50.682Z, pid: 76769] > /home/peaches/anaconda3/bin/python -m dvc --version - INITIALIZED
[version: 1.2.29, 2025-11-27T13:44:50.691Z, pid: 76769] > /home/peaches/anaconda3/bin/python -m dvc --version - FAILED with code 1 (14ms)
/home/peaches/anaconda3/bin/python: No module named dvc

[version: 1.2.29, 2025-11-27T13:44:50.696Z, pid: 0] > dvc --version - INITIALIZED
[version: 1.2.29, 2025-11-27T13:44:50.697Z, pid: 0] > dvc --version - FAILED (5ms)
Command failed with ENOENT: dvc --version
spawn dvc ENOENT
[version: 1.2.29, 2025-11-27T13:44:55.704Z, pid: 76773] > /home/peaches/anaconda3/bin/python -m dvc --version - INITIALIZED
[version: 1.2.29, 2025-11-27T13:44:55.713Z, pid: 76773] > /home/peaches/anaconda3/bin/python -m dvc --version - FAILED with code 1 (15ms)
/home/peaches/anaconda3/bin/python: No module named dvc

[version: 1.2.29, 2025-11-27T13:44:55.717Z, pid: 0] > dvc --version - INITIALIZED
[version: 1.2.29, 2025-11-27T13:44:55.718Z, pid: 0] > dvc --version - FAILED (5ms)
Command failed with ENOENT: dvc --version
spawn dvc ENOENT
[version: 1.2.29, 2025-11-27T13:45:00.724Z, pid: 76775] > /home/peaches/anaconda3/bin/python -m dvc --version - INITIALIZED
[version: 1.2.29, 2025-11-27T13:45:00.734Z, pid: 76775] > /home/peaches/anaconda3/bin/python -m dvc --version - FAILED with code 1 (15ms)
/home/peaches/anaconda3/bin/python: No module named dvc

[version: 1.2.29, 2025-11-27T13:45:00.738Z, pid: 0] > dvc --version - INITIALIZED
[version: 1.2.29, 2025-11-27T13:45:00.739Z, pid: 0] > dvc --version - FAILED (5ms)
Command failed with ENOENT: dvc --version
spawn dvc ENOENT
[version: 1.2.29, 2025-11-27T13:45:05.745Z, pid: 76777] > /home/peaches/anaconda3/bin/python -m dvc --version - INITIALIZED
[version: 1.2.29, 2025-11-27T13:45:05.754Z, pid: 76777] > /home/peaches/anaconda3/bin/python -m dvc --version - FAILED with code 1 (15ms)
/home/peaches/anaconda3/bin/python: No module named dvc

[version: 1.2.29, 2025-11-27T13:45:05.759Z, pid: 0] > dvc --version - INITIALIZED
[version: 1.2.29, 2025-11-27T13:45:05.760Z, pid: 0] > dvc --version - FAILED (5ms)
Command failed with ENOENT: dvc --version
spawn dvc ENOENT
[version: 1.2.29, 2025-11-27T13:45:10.766Z, pid: 76779] > /home/peaches/anaconda3/bin/python -m dvc --version - INITIALIZED
[version: 1.2.29, 2025-11-27T13:45:10.775Z, pid: 76779] > /home/peaches/anaconda3/bin/python -m dvc --version - FAILED with code 1 (14ms)
/home/peaches/anaconda3/bin/python: No module named dvc

[version: 1.2.29, 2025-11-27T13:45:10.780Z, pid: 0] > dvc --version - INITIALIZED
[version: 1.2.29, 2025-11-27T13:45:10.781Z, pid: 0] > dvc --version - FAILED (5ms)
Command failed with ENOENT: dvc --version
spawn dvc ENOENT
[version: 1.2.29, 2025-11-27T13:45:15.787Z, pid: 76781] > /home/peaches/anaconda3/bin/python -m dvc --version - INITIALIZED
[version: 1.2.29, 2025-11-27T13:45:15.796Z, pid: 76781] > /home/peaches/anaconda3/bin/python -m dvc --version - FAILED with code 1 (14ms)
/home/peaches/anaconda3/bin/python: No module named dvc

[version: 1.2.29, 2025-11-27T13:45:15.801Z, pid: 0] > dvc --version - INITIALIZED
[version: 1.2.29, 2025-11-27T13:45:15.802Z, pid: 0] > dvc --version - FAILED (5ms)
Command failed with ENOENT: dvc --version
spawn dvc ENOENT
[version: 1.2.29, 2025-11-27T13:45:20.808Z, pid: 76783] > /home/peaches/anaconda3/bin/python -m dvc --version - INITIALIZED
[version: 1.2.29, 2025-11-27T13:45:20.817Z, pid: 76783] > /home/peaches/anaconda3/bin/python -m dvc --version - FAILED with code 1 (14ms)
/home/peaches/anaconda3/bin/python: No module named dvc

[version: 1.2.29, 2025-11-27T13:45:20.822Z, pid: 0] > dvc --version - INITIALIZED
[version: 1.2.29, 2025-11-27T13:45:20.823Z, pid: 0] > dvc --version - FAILED (5ms)
Command failed with ENOENT: dvc --version
spawn dvc ENOENT
[version: 1.2.29, 2025-11-27T13:45:25.828Z, pid: 76785] > /home/peaches/anaconda3/bin/python -m dvc --version - INITIALIZED
[version: 1.2.29, 2025-11-27T13:45:25.838Z, pid: 76785] > /home/peaches/anaconda3/bin/python -m dvc --version - FAILED with code 1 (15ms)
/home/peaches/anaconda3/bin/python: No module named dvc

[version: 1.2.29, 2025-11-27T13:45:25.842Z, pid: 0] > dvc --version - INITIALIZED
[version: 1.2.29, 2025-11-27T13:45:25.843Z, pid: 0] > dvc --version - FAILED (5ms)
Command failed with ENOENT: dvc --version
spawn dvc ENOENT
[version: 1.2.29, 2025-11-27T13:45:30.849Z, pid: 76787] > /home/peaches/anaconda3/bin/python -m dvc --version - INITIALIZED
[version: 1.2.29, 2025-11-27T13:45:30.859Z, pid: 76787] > /home/peaches/anaconda3/bin/python -m dvc --version - FAILED with code 1 (16ms)
/home/peaches/anaconda3/bin/python: No module named dvc

[version: 1.2.29, 2025-11-27T13:45:30.863Z, pid: 0] > dvc --version - INITIALIZED
[version: 1.2.29, 2025-11-27T13:45:30.864Z, pid: 0] > dvc --version - FAILED (5ms)
Command failed with ENOENT: dvc --version
spawn dvc ENOENT
[version: 1.2.29, 2025-11-27T13:45:35.871Z, pid: 76789] > /home/peaches/anaconda3/bin/python -m dvc --version - INITIALIZED
[version: 1.2.29, 2025-11-27T13:45:35.880Z, pid: 76789] > /home/peaches/anaconda3/bin/python -m dvc --version - FAILED with code 1 (15ms)
/home/peaches/anaconda3/bin/python: No module named dvc

[version: 1.2.29, 2025-11-27T13:45:35.885Z, pid: 0] > dvc --version - INITIALIZED
[version: 1.2.29, 2025-11-27T13:45:35.886Z, pid: 0] > dvc --version - FAILED (5ms)
Command failed with ENOENT: dvc --version
spawn dvc ENOENT
[version: 1.2.29, 2025-11-27T13:45:40.893Z, pid: 76791] > /home/peaches/anaconda3/bin/python -m dvc --version - INITIALIZED
[version: 1.2.29, 2025-11-27T13:45:40.902Z, pid: 76791] > /home/peaches/anaconda3/bin/python -m dvc --version - FAILED with code 1 (16ms)
/home/peaches/anaconda3/bin/python: No module named dvc

[version: 1.2.29, 2025-11-27T13:45:40.906Z, pid: 0] > dvc --version - INITIALIZED
[version: 1.2.29, 2025-11-27T13:45:40.907Z, pid: 0] > dvc --version - FAILED (5ms)
Command failed with ENOENT: dvc --version
spawn dvc ENOENT
[version: 1.2.29, 2025-11-27T13:45:45.912Z, pid: 76793] > /home/peaches/anaconda3/bin/python -m dvc --version - INITIALIZED
[version: 1.2.29, 2025-11-27T13:45:45.922Z, pid: 76793] > /home/peaches/anaconda3/bin/python -m dvc --version - FAILED with code 1 (14ms)
/home/peaches/anaconda3/bin/python: No module named dvc

[version: 1.2.29, 2025-11-27T13:45:45.926Z, pid: 0] > dvc --version - INITIALIZED
[version: 1.2.29, 2025-11-27T13:45:45.927Z, pid: 0] > dvc --version - FAILED (5ms)
Command failed with ENOENT: dvc --version
spawn dvc ENOENT
[version: 1.2.29, 2025-11-27T13:45:50.933Z, pid: 76796] > /home/peaches/anaconda3/bin/python -m dvc --version - INITIALIZED
[version: 1.2.29, 2025-11-27T13:45:50.942Z, pid: 76796] > /home/peaches/anaconda3/bin/python -m dvc --version - FAILED with code 1 (15ms)
/home/peaches/anaconda3/bin/python: No module named dvc

[version: 1.2.29, 2025-11-27T13:45:50.947Z, pid: 0] > dvc --version - INITIALIZED
[version: 1.2.29, 2025-11-27T13:45:50.948Z, pid: 0] > dvc --version - FAILED (4ms)
Command failed with ENOENT: dvc --version
spawn dvc ENOENT
[version: 1.2.29, 2025-11-27T13:45:55.954Z, pid: 76800] > /home/peaches/anaconda3/bin/python -m dvc --version - INITIALIZED
[version: 1.2.29, 2025-11-27T13:45:55.963Z, pid: 76800] > /home/peaches/anaconda3/bin/python -m dvc --version - FAILED with code 1 (14ms)
/home/peaches/anaconda3/bin/python: No module named dvc

[version: 1.2.29, 2025-11-27T13:45:55.968Z, pid: 0] > dvc --version - INITIALIZED
[version: 1.2.29, 2025-11-27T13:45:55.968Z, pid: 0] > dvc --version - FAILED (4ms)
Command failed with ENOENT: dvc --version
spawn dvc ENOENT
[version: 1.2.29, 2025-11-27T13:46:00.975Z, pid: 76802] > /home/peaches/anaconda3/bin/python -m dvc --version - INITIALIZED
[version: 1.2.29, 2025-11-27T13:46:00.985Z, pid: 76802] > /home/peaches/anaconda3/bin/python -m dvc --version - FAILED with code 1 (17ms)
/home/peaches/anaconda3/bin/python: No module named dvc

[version: 1.2.29, 2025-11-27T13:46:00.989Z, pid: 0] > dvc --version - INITIALIZED
[version: 1.2.29, 2025-11-27T13:46:00.990Z, pid: 0] > dvc --version - FAILED (5ms)
Command failed with ENOENT: dvc --version
spawn dvc ENOENT
[version: 1.2.29, 2025-11-27T13:46:05.996Z, pid: 76804] > /home/peaches/anaconda3/bin/python -m dvc --version - INITIALIZED
[version: 1.2.29, 2025-11-27T13:46:06.006Z, pid: 76804] > /home/peaches/anaconda3/bin/python -m dvc --version - FAILED with code 1 (15ms)
/home/peaches/anaconda3/bin/python: No module named dvc

[version: 1.2.29, 2025-11-27T13:46:06.010Z, pid: 0] > dvc --version - INITIALIZED
[version: 1.2.29, 2025-11-27T13:46:06.011Z, pid: 0] > dvc --version - FAILED (5ms)
Command failed with ENOENT: dvc --version
spawn dvc ENOENT
[version: 1.2.29, 2025-11-27T13:46:11.016Z, pid: 76806] > /home/peaches/anaconda3/bin/python -m dvc --version - INITIALIZED
[version: 1.2.29, 2025-11-27T13:46:11.026Z, pid: 76806] > /home/peaches/anaconda3/bin/python -m dvc --version - FAILED with code 1 (13ms)
/home/peaches/anaconda3/bin/python: No module named dvc

[version: 1.2.29, 2025-11-27T13:46:11.030Z, pid: 0] > dvc --version - INITIALIZED
[version: 1.2.29, 2025-11-27T13:46:11.031Z, pid: 0] > dvc --version - FAILED (5ms)
Command failed with ENOENT: dvc --version
spawn dvc ENOENT
[version: 1.2.29, 2025-11-27T13:46:16.036Z, pid: 76808] > /home/peaches/anaconda3/bin/python -m dvc --version - INITIALIZED
[version: 1.2.29, 2025-11-27T13:46:16.046Z, pid: 76808] > /home/peaches/anaconda3/bin/python -m dvc --version - FAILED with code 1 (14ms)
/home/peaches/anaconda3/bin/python: No module named dvc

[version: 1.2.29, 2025-11-27T13:46:16.051Z, pid: 0] > dvc --version - INITIALIZED
[version: 1.2.29, 2025-11-27T13:46:16.051Z, pid: 0] > dvc --version - FAILED (4ms)
Command failed with ENOENT: dvc --version
spawn dvc ENOENT
[version: 1.2.29, 2025-11-27T13:46:21.056Z, pid: 76810] > /home/peaches/anaconda3/bin/python -m dvc --version - INITIALIZED
[version: 1.2.29, 2025-11-27T13:46:21.065Z, pid: 76810] > /home/peaches/anaconda3/bin/python -m dvc --version - FAILED with code 1 (14ms)
/home/peaches/anaconda3/bin/python: No module named dvc

[version: 1.2.29, 2025-11-27T13:46:21.070Z, pid: 0] > dvc --version - INITIALIZED
[version: 1.2.29, 2025-11-27T13:46:21.071Z, pid: 0] > dvc --version - FAILED (4ms)
Command failed with ENOENT: dvc --version
spawn dvc ENOENT
[version: 1.2.29, 2025-11-27T13:46:26.078Z, pid: 76812] > /home/peaches/anaconda3/bin/python -m dvc --version - INITIALIZED
[version: 1.2.29, 2025-11-27T13:46:26.087Z, pid: 76812] > /home/peaches/anaconda3/bin/python -m dvc --version - FAILED with code 1 (15ms)
/home/peaches/anaconda3/bin/python: No module named dvc

[version: 1.2.29, 2025-11-27T13:46:26.091Z, pid: 0] > dvc --version - INITIALIZED
[version: 1.2.29, 2025-11-27T13:46:26.092Z, pid: 0] > dvc --version - FAILED (5ms)
Command failed with ENOENT: dvc --version
spawn dvc ENOENT
[version: 1.2.29, 2025-11-27T13:46:31.098Z, pid: 76814] > /home/peaches/anaconda3/bin/python -m dvc --version - INITIALIZED
[version: 1.2.29, 2025-11-27T13:46:31.107Z, pid: 76814] > /home/peaches/anaconda3/bin/python -m dvc --version - FAILED with code 1 (14ms)
/home/peaches/anaconda3/bin/python: No module named dvc

[version: 1.2.29, 2025-11-27T13:46:31.112Z, pid: 0] > dvc --version - INITIALIZED
[version: 1.2.29, 2025-11-27T13:46:31.113Z, pid: 0] > dvc --version - FAILED (5ms)
Command failed with ENOENT: dvc --version
spawn dvc ENOENT
[version: 1.2.29, 2025-11-27T13:46:36.119Z, pid: 76816] > /home/peaches/anaconda3/bin/python -m dvc --version - INITIALIZED
[version: 1.2.29, 2025-11-27T13:46:36.128Z, pid: 76816] > /home/peaches/anaconda3/bin/python -m dvc --version - FAILED with code 1 (15ms)
/home/peaches/anaconda3/bin/python: No module named dvc

[version: 1.2.29, 2025-11-27T13:46:36.132Z, pid: 0] > dvc --version - INITIALIZED
[version: 1.2.29, 2025-11-27T13:46:36.133Z, pid: 0] > dvc --version - FAILED (5ms)
Command failed with ENOENT: dvc --version
spawn dvc ENOENT
[version: 1.2.29, 2025-11-27T13:46:41.139Z, pid: 76820] > /home/peaches/anaconda3/bin/python -m dvc --version - INITIALIZED
[version: 1.2.29, 2025-11-27T13:46:41.148Z, pid: 76820] > /home/peaches/anaconda3/bin/python -m dvc --version - FAILED with code 1 (14ms)
/home/peaches/anaconda3/bin/python: No module named dvc

[version: 1.2.29, 2025-11-27T13:46:41.153Z, pid: 0] > dvc --version - INITIALIZED
[version: 1.2.29, 2025-11-27T13:46:41.154Z, pid: 0] > dvc --version - FAILED (4ms)
Command failed with ENOENT: dvc --version
spawn dvc ENOENT
[version: 1.2.29, 2025-11-27T13:46:46.159Z, pid: 76823] > /home/peaches/anaconda3/bin/python -m dvc --version - INITIALIZED
[version: 1.2.29, 2025-11-27T13:46:46.169Z, pid: 76823] > /home/peaches/anaconda3/bin/python -m dvc --version - FAILED with code 1 (15ms)
/home/peaches/anaconda3/bin/python: No module named dvc

[version: 1.2.29, 2025-11-27T13:46:46.173Z, pid: 0] > dvc --version - INITIALIZED
[version: 1.2.29, 2025-11-27T13:46:46.174Z, pid: 0] > dvc --version - FAILED (4ms)
Command failed with ENOENT: dvc --version
spawn dvc ENOENT
[version: 1.2.29, 2025-11-27T13:46:51.181Z, pid: 76825] > /home/peaches/anaconda3/bin/python -m dvc --version - INITIALIZED
[version: 1.2.29, 2025-11-27T13:46:51.190Z, pid: 76825] > /home/peaches/anaconda3/bin/python -m dvc --version - FAILED with code 1 (15ms)
/home/peaches/anaconda3/bin/python: No module named dvc

[version: 1.2.29, 2025-11-27T13:46:51.195Z, pid: 0] > dvc --version - INITIALIZED
[version: 1.2.29, 2025-11-27T13:46:51.195Z, pid: 0] > dvc --version - FAILED (4ms)
Command failed with ENOENT: dvc --version
spawn dvc ENOENT
[version: 1.2.29, 2025-11-27T13:46:56.202Z, pid: 76829] > /home/peaches/anaconda3/bin/python -m dvc --version - INITIALIZED
[version: 1.2.29, 2025-11-27T13:46:56.211Z, pid: 76829] > /home/peaches/anaconda3/bin/python -m dvc --version - FAILED with code 1 (15ms)
/home/peaches/anaconda3/bin/python: No module named dvc

[version: 1.2.29, 2025-11-27T13:46:56.216Z, pid: 0] > dvc --version - INITIALIZED
[version: 1.2.29, 2025-11-27T13:46:56.217Z, pid: 0] > dvc --version - FAILED (5ms)
Command failed with ENOENT: dvc --version
spawn dvc ENOENT
[version: 1.2.29, 2025-11-27T13:47:01.222Z, pid: 76831] > /home/peaches/anaconda3/bin/python -m dvc --version - INITIALIZED
[version: 1.2.29, 2025-11-27T13:47:01.232Z, pid: 76831] > /home/peaches/anaconda3/bin/python -m dvc --version - FAILED with code 1 (14ms)
/home/peaches/anaconda3/bin/python: No module named dvc

[version: 1.2.29, 2025-11-27T13:47:01.237Z, pid: 0] > dvc --version - INITIALIZED
[version: 1.2.29, 2025-11-27T13:47:01.237Z, pid: 0] > dvc --version - FAILED (5ms)
Command failed with ENOENT: dvc --version
spawn dvc ENOENT
[version: 1.2.29, 2025-11-27T13:47:06.242Z, pid: 76833] > /home/peaches/anaconda3/bin/python -m dvc --version - INITIALIZED
[version: 1.2.29, 2025-11-27T13:47:06.251Z, pid: 76833] > /home/peaches/anaconda3/bin/python -m dvc --version - FAILED with code 1 (14ms)
/home/peaches/anaconda3/bin/python: No module named dvc

[version: 1.2.29, 2025-11-27T13:47:06.256Z, pid: 0] > dvc --version - INITIALIZED
[version: 1.2.29, 2025-11-27T13:47:06.257Z, pid: 0] > dvc --version - FAILED (5ms)
Command failed with ENOENT: dvc --version
spawn dvc ENOENT
[version: 1.2.29, 2025-11-27T13:47:11.263Z, pid: 76835] > /home/peaches/anaconda3/bin/python -m dvc --version - INITIALIZED
[version: 1.2.29, 2025-11-27T13:47:11.273Z, pid: 76835] > /home/peaches/anaconda3/bin/python -m dvc --version - FAILED with code 1 (15ms)
/home/peaches/anaconda3/bin/python: No module named dvc

[version: 1.2.29, 2025-11-27T13:47:11.278Z, pid: 0] > dvc --version - INITIALIZED
[version: 1.2.29, 2025-11-27T13:47:11.278Z, pid: 0] > dvc --version - FAILED (5ms)
Command failed with ENOENT: dvc --version
spawn dvc ENOENT
[version: 1.2.29, 2025-11-27T13:47:16.284Z, pid: 76838] > /home/peaches/anaconda3/bin/python -m dvc --version - INITIALIZED
[version: 1.2.29, 2025-11-27T13:47:16.294Z, pid: 76838] > /home/peaches/anaconda3/bin/python -m dvc --version - FAILED with code 1 (16ms)
/home/peaches/anaconda3/bin/python: No module named dvc

[version: 1.2.29, 2025-11-27T13:47:16.299Z, pid: 0] > dvc --version - INITIALIZED
[version: 1.2.29, 2025-11-27T13:47:16.299Z, pid: 0] > dvc --version - FAILED (5ms)
Command failed with ENOENT: dvc --version
spawn dvc ENOENT
[version: 1.2.29, 2025-11-27T13:47:21.305Z, pid: 76840] > /home/peaches/anaconda3/bin/python -m dvc --version - INITIALIZED
[version: 1.2.29, 2025-11-27T13:47:21.314Z, pid: 76840] > /home/peaches/anaconda3/bin/python -m dvc --version - FAILED with code 1 (14ms)
/home/peaches/anaconda3/bin/python: No module named dvc

[version: 1.2.29, 2025-11-27T13:47:21.319Z, pid: 0] > dvc --version - INITIALIZED
[version: 1.2.29, 2025-11-27T13:47:21.319Z, pid: 0] > dvc --version - FAILED (5ms)
Command failed with ENOENT: dvc --version
spawn dvc ENOENT
[version: 1.2.29, 2025-11-27T13:47:26.324Z, pid: 76842] > /home/peaches/anaconda3/bin/python -m dvc --version - INITIALIZED
[version: 1.2.29, 2025-11-27T13:47:26.334Z, pid: 76842] > /home/peaches/anaconda3/bin/python -m dvc --version - FAILED with code 1 (14ms)
/home/peaches/anaconda3/bin/python: No module named dvc

[version: 1.2.29, 2025-11-27T13:47:26.338Z, pid: 0] > dvc --version - INITIALIZED
[version: 1.2.29, 2025-11-27T13:47:26.339Z, pid: 0] > dvc --version - FAILED (5ms)
Command failed with ENOENT: dvc --version
spawn dvc ENOENT
[version: 1.2.29, 2025-11-27T13:47:31.346Z, pid: 76844] > /home/peaches/anaconda3/bin/python -m dvc --version - INITIALIZED
[version: 1.2.29, 2025-11-27T13:47:31.355Z, pid: 76844] > /home/peaches/anaconda3/bin/python -m dvc --version - FAILED with code 1 (15ms)
/home/peaches/anaconda3/bin/python: No module named dvc

[version: 1.2.29, 2025-11-27T13:47:31.360Z, pid: 0] > dvc --version - INITIALIZED
[version: 1.2.29, 2025-11-27T13:47:31.361Z, pid: 0] > dvc --version - FAILED (5ms)
Command failed with ENOENT: dvc --version
spawn dvc ENOENT
[version: 1.2.29, 2025-11-27T13:47:36.368Z, pid: 76846] > /home/peaches/anaconda3/bin/python -m dvc --version - INITIALIZED
[version: 1.2.29, 2025-11-27T13:47:36.378Z, pid: 76846] > /home/peaches/anaconda3/bin/python -m dvc --version - FAILED with code 1 (16ms)
/home/peaches/anaconda3/bin/python: No module named dvc

[version: 1.2.29, 2025-11-27T13:47:36.382Z, pid: 0] > dvc --version - INITIALIZED
[version: 1.2.29, 2025-11-27T13:47:36.383Z, pid: 0] > dvc --version - FAILED (5ms)
Command failed with ENOENT: dvc --version
spawn dvc ENOENT
[version: 1.2.29, 2025-11-27T13:47:41.389Z, pid: 76848] > /home/peaches/anaconda3/bin/python -m dvc --version - INITIALIZED
[version: 1.2.29, 2025-11-27T13:47:41.399Z, pid: 76848] > /home/peaches/anaconda3/bin/python -m dvc --version - FAILED with code 1 (15ms)
/home/peaches/anaconda3/bin/python: No module named dvc

[version: 1.2.29, 2025-11-27T13:47:41.403Z, pid: 0] > dvc --version - INITIALIZED
[version: 1.2.29, 2025-11-27T13:47:41.404Z, pid: 0] > dvc --version - FAILED (5ms)
Command failed with ENOENT: dvc --version
spawn dvc ENOENT
[version: 1.2.29, 2025-11-27T13:47:46.410Z, pid: 76850] > /home/peaches/anaconda3/bin/python -m dvc --version - INITIALIZED
[version: 1.2.29, 2025-11-27T13:47:46.419Z, pid: 76850] > /home/peaches/anaconda3/bin/python -m dvc --version - FAILED with code 1 (14ms)
/home/peaches/anaconda3/bin/python: No module named dvc

[version: 1.2.29, 2025-11-27T13:47:46.424Z, pid: 0] > dvc --version - INITIALIZED
[version: 1.2.29, 2025-11-27T13:47:46.425Z, pid: 0] > dvc --version - FAILED (5ms)
Command failed with ENOENT: dvc --version
spawn dvc ENOENT
[version: 1.2.29, 2025-11-27T13:47:51.430Z, pid: 76852] > /home/peaches/anaconda3/bin/python -m dvc --version - INITIALIZED
[version: 1.2.29, 2025-11-27T13:47:51.440Z, pid: 76852] > /home/peaches/anaconda3/bin/python -m dvc --version - FAILED with code 1 (14ms)
/home/peaches/anaconda3/bin/python: No module named dvc

[version: 1.2.29, 2025-11-27T13:47:51.444Z, pid: 0] > dvc --version - INITIALIZED
[version: 1.2.29, 2025-11-27T13:47:51.445Z, pid: 0] > dvc --version - FAILED (5ms)
Command failed with ENOENT: dvc --version
spawn dvc ENOENT
[version: 1.2.29, 2025-11-27T13:47:56.450Z, pid: 76856] > /home/peaches/anaconda3/bin/python -m dvc --version - INITIALIZED
[version: 1.2.29, 2025-11-27T13:47:56.460Z, pid: 76856] > /home/peaches/anaconda3/bin/python -m dvc --version - FAILED with code 1 (15ms)
/home/peaches/anaconda3/bin/python: No module named dvc

[version: 1.2.29, 2025-11-27T13:47:56.464Z, pid: 0] > dvc --version - INITIALIZED
[version: 1.2.29, 2025-11-27T13:47:56.465Z, pid: 0] > dvc --version - FAILED (5ms)
Command failed with ENOENT: dvc --version
spawn dvc ENOENT
[version: 1.2.29, 2025-11-27T13:48:01.470Z, pid: 76861] > /home/peaches/anaconda3/bin/python -m dvc --version - INITIALIZED
[version: 1.2.29, 2025-11-27T13:48:01.480Z, pid: 76861] > /home/peaches/anaconda3/bin/python -m dvc --version - FAILED with code 1 (14ms)
/home/peaches/anaconda3/bin/python: No module named dvc

[version: 1.2.29, 2025-11-27T13:48:01.484Z, pid: 0] > dvc --version - INITIALIZED
[version: 1.2.29, 2025-11-27T13:48:01.485Z, pid: 0] > dvc --version - FAILED (5ms)
Command failed with ENOENT: dvc --version
spawn dvc ENOENT
[version: 1.2.29, 2025-11-27T13:48:06.491Z, pid: 76867] > /home/peaches/anaconda3/bin/python -m dvc --version - INITIALIZED
[version: 1.2.29, 2025-11-27T13:48:06.500Z, pid: 76867] > /home/peaches/anaconda3/bin/python -m dvc --version - FAILED with code 1 (14ms)
/home/peaches/anaconda3/bin/python: No module named dvc

[version: 1.2.29, 2025-11-27T13:48:06.505Z, pid: 0] > dvc --version - INITIALIZED
[version: 1.2.29, 2025-11-27T13:48:06.506Z, pid: 0] > dvc --version - FAILED (5ms)
Command failed with ENOENT: dvc --version
spawn dvc ENOENT
[version: 1.2.29, 2025-11-27T13:48:11.513Z, pid: 76869] > /home/peaches/anaconda3/bin/python -m dvc --version - INITIALIZED
[version: 1.2.29, 2025-11-27T13:48:11.522Z, pid: 76869] > /home/peaches/anaconda3/bin/python -m dvc --version - FAILED with code 1 (15ms)
/home/peaches/anaconda3/bin/python: No module named dvc

[version: 1.2.29, 2025-11-27T13:48:11.528Z, pid: 0] > dvc --version - INITIALIZED
[version: 1.2.29, 2025-11-27T13:48:11.529Z, pid: 0] > dvc --version - FAILED (6ms)
Command failed with ENOENT: dvc --version
spawn dvc ENOENT
[version: 1.2.29, 2025-11-27T13:48:16.534Z, pid: 76871] > /home/peaches/anaconda3/bin/python -m dvc --version - INITIALIZED
[version: 1.2.29, 2025-11-27T13:48:16.544Z, pid: 76871] > /home/peaches/anaconda3/bin/python -m dvc --version - FAILED with code 1 (15ms)
/home/peaches/anaconda3/bin/python: No module named dvc

[version: 1.2.29, 2025-11-27T13:48:16.548Z, pid: 0] > dvc --version - INITIALIZED
[version: 1.2.29, 2025-11-27T13:48:16.549Z, pid: 0] > dvc --version - FAILED (5ms)
Command failed with ENOENT: dvc --version
spawn dvc ENOENT
[version: 1.2.29, 2025-11-27T13:48:21.555Z, pid: 76873] > /home/peaches/anaconda3/bin/python -m dvc --version - INITIALIZED
[version: 1.2.29, 2025-11-27T13:48:21.565Z, pid: 76873] > /home/peaches/anaconda3/bin/python -m dvc --version - FAILED with code 1 (15ms)
/home/peaches/anaconda3/bin/python: No module named dvc

[version: 1.2.29, 2025-11-27T13:48:21.570Z, pid: 0] > dvc --version - INITIALIZED
[version: 1.2.29, 2025-11-27T13:48:21.571Z, pid: 0] > dvc --version - FAILED (6ms)
Command failed with ENOENT: dvc --version
spawn dvc ENOENT
[version: 1.2.29, 2025-11-27T13:48:26.576Z, pid: 76875] > /home/peaches/anaconda3/bin/python -m dvc --version - INITIALIZED
[version: 1.2.29, 2025-11-27T13:48:26.586Z, pid: 76875] > /home/peaches/anaconda3/bin/python -m dvc --version - FAILED with code 1 (15ms)
/home/peaches/anaconda3/bin/python: No module named dvc

[version: 1.2.29, 2025-11-27T13:48:26.590Z, pid: 0] > dvc --version - INITIALIZED
[version: 1.2.29, 2025-11-27T13:48:26.591Z, pid: 0] > dvc --version - FAILED (5ms)
Command failed with ENOENT: dvc --version
spawn dvc ENOENT
[version: 1.2.29, 2025-11-27T13:48:31.597Z, pid: 76877] > /home/peaches/anaconda3/bin/python -m dvc --version - INITIALIZED
[version: 1.2.29, 2025-11-27T13:48:31.607Z, pid: 76877] > /home/peaches/anaconda3/bin/python -m dvc --version - FAILED with code 1 (15ms)
/home/peaches/anaconda3/bin/python: No module named dvc

[version: 1.2.29, 2025-11-27T13:48:31.612Z, pid: 0] > dvc --version - INITIALIZED
[version: 1.2.29, 2025-11-27T13:48:31.613Z, pid: 0] > dvc --version - FAILED (6ms)
Command failed with ENOENT: dvc --version
spawn dvc ENOENT
[version: 1.2.29, 2025-11-27T13:48:36.620Z, pid: 76879] > /home/peaches/anaconda3/bin/python -m dvc --version - INITIALIZED
[version: 1.2.29, 2025-11-27T13:48:36.629Z, pid: 76879] > /home/peaches/anaconda3/bin/python -m dvc --version - FAILED with code 1 (15ms)
/home/peaches/anaconda3/bin/python: No module named dvc

[version: 1.2.29, 2025-11-27T13:48:36.634Z, pid: 0] > dvc --version - INITIALIZED
[version: 1.2.29, 2025-11-27T13:48:36.635Z, pid: 0] > dvc --version - FAILED (4ms)
Command failed with ENOENT: dvc --version
spawn dvc ENOENT
[version: 1.2.29, 2025-11-27T13:48:41.642Z, pid: 76882] > /home/peaches/anaconda3/bin/python -m dvc --version - INITIALIZED
[version: 1.2.29, 2025-11-27T13:48:41.652Z, pid: 76882] > /home/peaches/anaconda3/bin/python -m dvc --version - FAILED with code 1 (16ms)
/home/peaches/anaconda3/bin/python: No module named dvc

[version: 1.2.29, 2025-11-27T13:48:41.656Z, pid: 0] > dvc --version - INITIALIZED
[version: 1.2.29, 2025-11-27T13:48:41.657Z, pid: 0] > dvc --version - FAILED (5ms)
Command failed with ENOENT: dvc --version
spawn dvc ENOENT
[version: 1.2.29, 2025-11-27T13:48:46.663Z, pid: 76884] > /home/peaches/anaconda3/bin/python -m dvc --version - INITIALIZED
[version: 1.2.29, 2025-11-27T13:48:46.672Z, pid: 76884] > /home/peaches/anaconda3/bin/python -m dvc --version - FAILED with code 1 (15ms)
/home/peaches/anaconda3/bin/python: No module named dvc

[version: 1.2.29, 2025-11-27T13:48:46.677Z, pid: 0] > dvc --version - INITIALIZED
[version: 1.2.29, 2025-11-27T13:48:46.678Z, pid: 0] > dvc --version - FAILED (5ms)
Command failed with ENOENT: dvc --version
spawn dvc ENOENT
[version: 1.2.29, 2025-11-27T13:48:51.683Z, pid: 76886] > /home/peaches/anaconda3/bin/python -m dvc --version - INITIALIZED
[version: 1.2.29, 2025-11-27T13:48:51.693Z, pid: 76886] > /home/peaches/anaconda3/bin/python -m dvc --version - FAILED with code 1 (15ms)
/home/peaches/anaconda3/bin/python: No module named dvc

[version: 1.2.29, 2025-11-27T13:48:51.698Z, pid: 0] > dvc --version - INITIALIZED
[version: 1.2.29, 2025-11-27T13:48:51.698Z, pid: 0] > dvc --version - FAILED (5ms)
Command failed with ENOENT: dvc --version
spawn dvc ENOENT
[version: 1.2.29, 2025-11-27T13:48:56.703Z, pid: 76890] > /home/peaches/anaconda3/bin/python -m dvc --version - INITIALIZED
[version: 1.2.29, 2025-11-27T13:48:56.713Z, pid: 76890] > /home/peaches/anaconda3/bin/python -m dvc --version - FAILED with code 1 (14ms)
/home/peaches/anaconda3/bin/python: No module named dvc

[version: 1.2.29, 2025-11-27T13:48:56.717Z, pid: 0] > dvc --version - INITIALIZED
[version: 1.2.29, 2025-11-27T13:48:56.718Z, pid: 0] > dvc --version - FAILED (5ms)
Command failed with ENOENT: dvc --version
spawn dvc ENOENT
[version: 1.2.29, 2025-11-27T13:49:01.723Z, pid: 76892] > /home/peaches/anaconda3/bin/python -m dvc --version - INITIALIZED
[version: 1.2.29, 2025-11-27T13:49:01.733Z, pid: 76892] > /home/peaches/anaconda3/bin/python -m dvc --version - FAILED with code 1 (15ms)
/home/peaches/anaconda3/bin/python: No module named dvc

[version: 1.2.29, 2025-11-27T13:49:01.737Z, pid: 0] > dvc --version - INITIALIZED
[version: 1.2.29, 2025-11-27T13:49:01.738Z, pid: 0] > dvc --version - FAILED (5ms)
Command failed with ENOENT: dvc --version
spawn dvc ENOENT
[version: 1.2.29, 2025-11-27T13:49:06.743Z, pid: 76896] > /home/peaches/anaconda3/bin/python -m dvc --version - INITIALIZED
[version: 1.2.29, 2025-11-27T13:49:06.753Z, pid: 76896] > /home/peaches/anaconda3/bin/python -m dvc --version - FAILED with code 1 (15ms)
/home/peaches/anaconda3/bin/python: No module named dvc

[version: 1.2.29, 2025-11-27T13:49:06.757Z, pid: 0] > dvc --version - INITIALIZED
[version: 1.2.29, 2025-11-27T13:49:06.758Z, pid: 0] > dvc --version - FAILED (5ms)
Command failed with ENOENT: dvc --version
spawn dvc ENOENT
[version: 1.2.29, 2025-11-27T13:49:11.763Z, pid: 76898] > /home/peaches/anaconda3/bin/python -m dvc --version - INITIALIZED
[version: 1.2.29, 2025-11-27T13:49:11.772Z, pid: 76898] > /home/peaches/anaconda3/bin/python -m dvc --version - FAILED with code 1 (14ms)
/home/peaches/anaconda3/bin/python: No module named dvc

[version: 1.2.29, 2025-11-27T13:49:11.776Z, pid: 0] > dvc --version - INITIALIZED
[version: 1.2.29, 2025-11-27T13:49:11.777Z, pid: 0] > dvc --version - FAILED (5ms)
Command failed with ENOENT: dvc --version
spawn dvc ENOENT
[version: 1.2.29, 2025-11-27T13:49:16.783Z, pid: 76900] > /home/peaches/anaconda3/bin/python -m dvc --version - INITIALIZED
[version: 1.2.29, 2025-11-27T13:49:16.793Z, pid: 76900] > /home/peaches/anaconda3/bin/python -m dvc --version - FAILED with code 1 (15ms)
/home/peaches/anaconda3/bin/python: No module named dvc

[version: 1.2.29, 2025-11-27T13:49:16.797Z, pid: 0] > dvc --version - INITIALIZED
[version: 1.2.29, 2025-11-27T13:49:16.798Z, pid: 0] > dvc --version - FAILED (5ms)
Command failed with ENOENT: dvc --version
spawn dvc ENOENT
[version: 1.2.29, 2025-11-27T13:49:21.804Z, pid: 76902] > /home/peaches/anaconda3/bin/python -m dvc --version - INITIALIZED
[version: 1.2.29, 2025-11-27T13:49:21.814Z, pid: 76902] > /home/peaches/anaconda3/bin/python -m dvc --version - FAILED with code 1 (16ms)
/home/peaches/anaconda3/bin/python: No module named dvc

[version: 1.2.29, 2025-11-27T13:49:21.818Z, pid: 0] > dvc --version - INITIALIZED
[version: 1.2.29, 2025-11-27T13:49:21.819Z, pid: 0] > dvc --version - FAILED (5ms)
Command failed with ENOENT: dvc --version
spawn dvc ENOENT
[version: 1.2.29, 2025-11-27T13:49:26.826Z, pid: 76904] > /home/peaches/anaconda3/bin/python -m dvc --version - INITIALIZED
[version: 1.2.29, 2025-11-27T13:49:26.835Z, pid: 76904] > /home/peaches/anaconda3/bin/python -m dvc --version - FAILED with code 1 (15ms)
/home/peaches/anaconda3/bin/python: No module named dvc

[version: 1.2.29, 2025-11-27T13:49:26.840Z, pid: 0] > dvc --version - INITIALIZED
[version: 1.2.29, 2025-11-27T13:49:26.841Z, pid: 0] > dvc --version - FAILED (5ms)
Command failed with ENOENT: dvc --version
spawn dvc ENOENT
[version: 1.2.29, 2025-11-27T13:49:31.848Z, pid: 76906] > /home/peaches/anaconda3/bin/python -m dvc --version - INITIALIZED
[version: 1.2.29, 2025-11-27T13:49:31.858Z, pid: 76906] > /home/peaches/anaconda3/bin/python -m dvc --version - FAILED with code 1 (17ms)
/home/peaches/anaconda3/bin/python: No module named dvc

[version: 1.2.29, 2025-11-27T13:49:31.862Z, pid: 0] > dvc --version - INITIALIZED
[version: 1.2.29, 2025-11-27T13:49:31.863Z, pid: 0] > dvc --version - FAILED (5ms)
Command failed with ENOENT: dvc --version
spawn dvc ENOENT
[version: 1.2.29, 2025-11-27T13:49:36.868Z, pid: 76914] > /home/peaches/anaconda3/bin/python -m dvc --version - INITIALIZED
[version: 1.2.29, 2025-11-27T13:49:36.878Z, pid: 76914] > /home/peaches/anaconda3/bin/python -m dvc --version - FAILED with code 1 (14ms)
/home/peaches/anaconda3/bin/python: No module named dvc

[version: 1.2.29, 2025-11-27T13:49:36.882Z, pid: 0] > dvc --version - INITIALIZED
[version: 1.2.29, 2025-11-27T13:49:36.883Z, pid: 0] > dvc --version - FAILED (5ms)
Command failed with ENOENT: dvc --version
spawn dvc ENOENT
[version: 1.2.29, 2025-11-27T13:49:41.889Z, pid: 76916] > /home/peaches/anaconda3/bin/python -m dvc --version - INITIALIZED
[version: 1.2.29, 2025-11-27T13:49:41.898Z, pid: 76916] > /home/peaches/anaconda3/bin/python -m dvc --version - FAILED with code 1 (15ms)
/home/peaches/anaconda3/bin/python: No module named dvc

[version: 1.2.29, 2025-11-27T13:49:41.902Z, pid: 0] > dvc --version - INITIALIZED
[version: 1.2.29, 2025-11-27T13:49:41.903Z, pid: 0] > dvc --version - FAILED (5ms)
Command failed with ENOENT: dvc --version
spawn dvc ENOENT
[version: 1.2.29, 2025-11-27T13:49:46.908Z, pid: 76918] > /home/peaches/anaconda3/bin/python -m dvc --version - INITIALIZED
[version: 1.2.29, 2025-11-27T13:49:46.917Z, pid: 76918] > /home/peaches/anaconda3/bin/python -m dvc --version - FAILED with code 1 (14ms)
/home/peaches/anaconda3/bin/python: No module named dvc

[version: 1.2.29, 2025-11-27T13:49:46.922Z, pid: 0] > dvc --version - INITIALIZED
[version: 1.2.29, 2025-11-27T13:49:46.923Z, pid: 0] > dvc --version - FAILED (5ms)
Command failed with ENOENT: dvc --version
spawn dvc ENOENT
[version: 1.2.29, 2025-11-27T13:49:51.929Z, pid: 76920] > /home/peaches/anaconda3/bin/python -m dvc --version - INITIALIZED
[version: 1.2.29, 2025-11-27T13:49:51.939Z, pid: 76920] > /home/peaches/anaconda3/bin/python -m dvc --version - FAILED with code 1 (16ms)
/home/peaches/anaconda3/bin/python: No module named dvc

[version: 1.2.29, 2025-11-27T13:49:51.943Z, pid: 0] > dvc --version - INITIALIZED
[version: 1.2.29, 2025-11-27T13:49:51.944Z, pid: 0] > dvc --version - FAILED (5ms)
Command failed with ENOENT: dvc --version
spawn dvc ENOENT
[version: 1.2.29, 2025-11-27T13:49:56.950Z, pid: 76924] > /home/peaches/anaconda3/bin/python -m dvc --version - INITIALIZED
[version: 1.2.29, 2025-11-27T13:49:56.959Z, pid: 76924] > /home/peaches/anaconda3/bin/python -m dvc --version - FAILED with code 1 (15ms)
/home/peaches/anaconda3/bin/python: No module named dvc

[version: 1.2.29, 2025-11-27T13:49:56.964Z, pid: 0] > dvc --version - INITIALIZED
[version: 1.2.29, 2025-11-27T13:49:56.965Z, pid: 0] > dvc --version - FAILED (4ms)
Command failed with ENOENT: dvc --version
spawn dvc ENOENT
[version: 1.2.29, 2025-11-27T13:50:01.971Z, pid: 76926] > /home/peaches/anaconda3/bin/python -m dvc --version - INITIALIZED
[version: 1.2.29, 2025-11-27T13:50:01.980Z, pid: 76926] > /home/peaches/anaconda3/bin/python -m dvc --version - FAILED with code 1 (14ms)
/home/peaches/anaconda3/bin/python: No module named dvc

[version: 1.2.29, 2025-11-27T13:50:01.993Z, pid: 0] > dvc --version - INITIALIZED
[version: 1.2.29, 2025-11-27T13:50:01.994Z, pid: 0] > dvc --version - FAILED (5ms)
Command failed with ENOENT: dvc --version
spawn dvc ENOENT
[version: 1.2.29, 2025-11-27T13:50:07.000Z, pid: 76928] > /home/peaches/anaconda3/bin/python -m dvc --version - INITIALIZED
[version: 1.2.29, 2025-11-27T13:50:07.009Z, pid: 76928] > /home/peaches/anaconda3/bin/python -m dvc --version - FAILED with code 1 (14ms)
/home/peaches/anaconda3/bin/python: No module named dvc

[version: 1.2.29, 2025-11-27T13:50:07.013Z, pid: 0] > dvc --version - INITIALIZED
[version: 1.2.29, 2025-11-27T13:50:07.014Z, pid: 0] > dvc --version - FAILED (5ms)
Command failed with ENOENT: dvc --version
spawn dvc ENOENT
[version: 1.2.29, 2025-11-27T13:50:12.021Z, pid: 76930] > /home/peaches/anaconda3/bin/python -m dvc --version - INITIALIZED
[version: 1.2.29, 2025-11-27T13:50:12.030Z, pid: 76930] > /home/peaches/anaconda3/bin/python -m dvc --version - FAILED with code 1 (15ms)
/home/peaches/anaconda3/bin/python: No module named dvc

[version: 1.2.29, 2025-11-27T13:50:12.035Z, pid: 0] > dvc --version - INITIALIZED
[version: 1.2.29, 2025-11-27T13:50:12.036Z, pid: 0] > dvc --version - FAILED (5ms)
Command failed with ENOENT: dvc --version
spawn dvc ENOENT
[version: 1.2.29, 2025-11-27T13:50:17.042Z, pid: 76932] > /home/peaches/anaconda3/bin/python -m dvc --version - INITIALIZED
[version: 1.2.29, 2025-11-27T13:50:17.052Z, pid: 76932] > /home/peaches/anaconda3/bin/python -m dvc --version - FAILED with code 1 (16ms)
/home/peaches/anaconda3/bin/python: No module named dvc

[version: 1.2.29, 2025-11-27T13:50:17.056Z, pid: 0] > dvc --version - INITIALIZED
[version: 1.2.29, 2025-11-27T13:50:17.057Z, pid: 0] > dvc --version - FAILED (5ms)
Command failed with ENOENT: dvc --version
spawn dvc ENOENT
[version: 1.2.29, 2025-11-27T13:50:22.064Z, pid: 76934] > /home/peaches/anaconda3/bin/python -m dvc --version - INITIALIZED
[version: 1.2.29, 2025-11-27T13:50:22.073Z, pid: 76934] > /home/peaches/anaconda3/bin/python -m dvc --version - FAILED with code 1 (15ms)
/home/peaches/anaconda3/bin/python: No module named dvc

[version: 1.2.29, 2025-11-27T13:50:22.078Z, pid: 0] > dvc --version - INITIALIZED
[version: 1.2.29, 2025-11-27T13:50:22.079Z, pid: 0] > dvc --version - FAILED (5ms)
Command failed with ENOENT: dvc --version
spawn dvc ENOENT
[version: 1.2.29, 2025-11-27T13:50:27.085Z, pid: 76936] > /home/peaches/anaconda3/bin/python -m dvc --version - INITIALIZED
[version: 1.2.29, 2025-11-27T13:50:27.095Z, pid: 76936] > /home/peaches/anaconda3/bin/python -m dvc --version - FAILED with code 1 (16ms)
/home/peaches/anaconda3/bin/python: No module named dvc

[version: 1.2.29, 2025-11-27T13:50:27.100Z, pid: 0] > dvc --version - INITIALIZED
[version: 1.2.29, 2025-11-27T13:50:27.101Z, pid: 0] > dvc --version - FAILED (5ms)
Command failed with ENOENT: dvc --version
spawn dvc ENOENT
[version: 1.2.29, 2025-11-27T13:50:32.106Z, pid: 76938] > /home/peaches/anaconda3/bin/python -m dvc --version - INITIALIZED
[version: 1.2.29, 2025-11-27T13:50:32.116Z, pid: 76938] > /home/peaches/anaconda3/bin/python -m dvc --version - FAILED with code 1 (14ms)
/home/peaches/anaconda3/bin/python: No module named dvc

[version: 1.2.29, 2025-11-27T13:50:32.120Z, pid: 0] > dvc --version - INITIALIZED
[version: 1.2.29, 2025-11-27T13:50:32.121Z, pid: 0] > dvc --version - FAILED (5ms)
Command failed with ENOENT: dvc --version
spawn dvc ENOENT
[version: 1.2.29, 2025-11-27T13:50:37.127Z, pid: 76940] > /home/peaches/anaconda3/bin/python -m dvc --version - INITIALIZED
[version: 1.2.29, 2025-11-27T13:50:37.136Z, pid: 76940] > /home/peaches/anaconda3/bin/python -m dvc --version - FAILED with code 1 (14ms)
/home/peaches/anaconda3/bin/python: No module named dvc

[version: 1.2.29, 2025-11-27T13:50:37.141Z, pid: 0] > dvc --version - INITIALIZED
[version: 1.2.29, 2025-11-27T13:50:37.142Z, pid: 0] > dvc --version - FAILED (5ms)
Command failed with ENOENT: dvc --version
spawn dvc ENOENT
[version: 1.2.29, 2025-11-27T13:50:42.149Z, pid: 76943] > /home/peaches/anaconda3/bin/python -m dvc --version - INITIALIZED
[version: 1.2.29, 2025-11-27T13:50:42.158Z, pid: 76943] > /home/peaches/anaconda3/bin/python -m dvc --version - FAILED with code 1 (15ms)
/home/peaches/anaconda3/bin/python: No module named dvc

[version: 1.2.29, 2025-11-27T13:50:42.163Z, pid: 0] > dvc --version - INITIALIZED
[version: 1.2.29, 2025-11-27T13:50:42.164Z, pid: 0] > dvc --version - FAILED (6ms)
Command failed with ENOENT: dvc --version
spawn dvc ENOENT
[version: 1.2.29, 2025-11-27T13:50:47.170Z, pid: 76945] > /home/peaches/anaconda3/bin/python -m dvc --version - INITIALIZED
[version: 1.2.29, 2025-11-27T13:50:47.179Z, pid: 76945] > /home/peaches/anaconda3/bin/python -m dvc --version - FAILED with code 1 (14ms)
/home/peaches/anaconda3/bin/python: No module named dvc

[version: 1.2.29, 2025-11-27T13:50:47.185Z, pid: 0] > dvc --version - INITIALIZED
[version: 1.2.29, 2025-11-27T13:50:47.186Z, pid: 0] > dvc --version - FAILED (6ms)
Command failed with ENOENT: dvc --version
spawn dvc ENOENT
[version: 1.2.29, 2025-11-27T13:50:52.191Z, pid: 76947] > /home/peaches/anaconda3/bin/python -m dvc --version - INITIALIZED
[version: 1.2.29, 2025-11-27T13:50:52.201Z, pid: 76947] > /home/peaches/anaconda3/bin/python -m dvc --version - FAILED with code 1 (15ms)
/home/peaches/anaconda3/bin/python: No module named dvc

[version: 1.2.29, 2025-11-27T13:50:52.205Z, pid: 0] > dvc --version - INITIALIZED
[version: 1.2.29, 2025-11-27T13:50:52.206Z, pid: 0] > dvc --version - FAILED (5ms)
Command failed with ENOENT: dvc --version
spawn dvc ENOENT
[version: 1.2.29, 2025-11-27T13:50:57.212Z, pid: 76951] > /home/peaches/anaconda3/bin/python -m dvc --version - INITIALIZED
[version: 1.2.29, 2025-11-27T13:50:57.222Z, pid: 76951] > /home/peaches/anaconda3/bin/python -m dvc --version - FAILED with code 1 (15ms)
/home/peaches/anaconda3/bin/python: No module named dvc

[version: 1.2.29, 2025-11-27T13:50:57.226Z, pid: 0] > dvc --version - INITIALIZED
[version: 1.2.29, 2025-11-27T13:50:57.227Z, pid: 0] > dvc --version - FAILED (5ms)
Command failed with ENOENT: dvc --version
spawn dvc ENOENT
[version: 1.2.29, 2025-11-27T13:51:02.234Z, pid: 76953] > /home/peaches/anaconda3/bin/python -m dvc --version - INITIALIZED
[version: 1.2.29, 2025-11-27T13:51:02.243Z, pid: 76953] > /home/peaches/anaconda3/bin/python -m dvc --version - FAILED with code 1 (15ms)
/home/peaches/anaconda3/bin/python: No module named dvc

[version: 1.2.29, 2025-11-27T13:51:02.248Z, pid: 0] > dvc --version - INITIALIZED
[version: 1.2.29, 2025-11-27T13:51:02.249Z, pid: 0] > dvc --version - FAILED (5ms)
Command failed with ENOENT: dvc --version
spawn dvc ENOENT
[version: 1.2.29, 2025-11-27T13:51:07.256Z, pid: 76955] > /home/peaches/anaconda3/bin/python -m dvc --version - INITIALIZED
[version: 1.2.29, 2025-11-27T13:51:07.265Z, pid: 76955] > /home/peaches/anaconda3/bin/python -m dvc --version - FAILED with code 1 (15ms)
/home/peaches/anaconda3/bin/python: No module named dvc

[version: 1.2.29, 2025-11-27T13:51:07.270Z, pid: 0] > dvc --version - INITIALIZED
[version: 1.2.29, 2025-11-27T13:51:07.271Z, pid: 0] > dvc --version - FAILED (5ms)
Command failed with ENOENT: dvc --version
spawn dvc ENOENT
[version: 1.2.29, 2025-11-27T13:51:12.277Z, pid: 76957] > /home/peaches/anaconda3/bin/python -m dvc --version - INITIALIZED
[version: 1.2.29, 2025-11-27T13:51:12.286Z, pid: 76957] > /home/peaches/anaconda3/bin/python -m dvc --version - FAILED with code 1 (15ms)
/home/peaches/anaconda3/bin/python: No module named dvc

[version: 1.2.29, 2025-11-27T13:51:12.291Z, pid: 0] > dvc --version - INITIALIZED
[version: 1.2.29, 2025-11-27T13:51:12.291Z, pid: 0] > dvc --version - FAILED (5ms)
Command failed with ENOENT: dvc --version
spawn dvc ENOENT
[version: 1.2.29, 2025-11-27T13:51:17.296Z, pid: 76959] > /home/peaches/anaconda3/bin/python -m dvc --version - INITIALIZED
[version: 1.2.29, 2025-11-27T13:51:17.306Z, pid: 76959] > /home/peaches/anaconda3/bin/python -m dvc --version - FAILED with code 1 (14ms)
/home/peaches/anaconda3/bin/python: No module named dvc

[version: 1.2.29, 2025-11-27T13:51:17.310Z, pid: 0] > dvc --version - INITIALIZED
[version: 1.2.29, 2025-11-27T13:51:17.311Z, pid: 0] > dvc --version - FAILED (5ms)
Command failed with ENOENT: dvc --version
spawn dvc ENOENT
[version: 1.2.29, 2025-11-27T13:51:22.317Z, pid: 76961] > /home/peaches/anaconda3/bin/python -m dvc --version - INITIALIZED
[version: 1.2.29, 2025-11-27T13:51:22.327Z, pid: 76961] > /home/peaches/anaconda3/bin/python -m dvc --version - FAILED with code 1 (15ms)
/home/peaches/anaconda3/bin/python: No module named dvc

[version: 1.2.29, 2025-11-27T13:51:22.331Z, pid: 0] > dvc --version - INITIALIZED
[version: 1.2.29, 2025-11-27T13:51:22.332Z, pid: 0] > dvc --version - FAILED (5ms)
Command failed with ENOENT: dvc --version
spawn dvc ENOENT
[version: 1.2.29, 2025-11-27T13:51:27.338Z, pid: 76963] > /home/peaches/anaconda3/bin/python -m dvc --version - INITIALIZED
[version: 1.2.29, 2025-11-27T13:51:27.347Z, pid: 76963] > /home/peaches/anaconda3/bin/python -m dvc --version - FAILED with code 1 (15ms)
/home/peaches/anaconda3/bin/python: No module named dvc

[version: 1.2.29, 2025-11-27T13:51:27.352Z, pid: 0] > dvc --version - INITIALIZED
[version: 1.2.29, 2025-11-27T13:51:27.353Z, pid: 0] > dvc --version - FAILED (5ms)
Command failed with ENOENT: dvc --version
spawn dvc ENOENT
[version: 1.2.29, 2025-11-27T13:51:32.359Z, pid: 76965] > /home/peaches/anaconda3/bin/python -m dvc --version - INITIALIZED
[version: 1.2.29, 2025-11-27T13:51:32.368Z, pid: 76965] > /home/peaches/anaconda3/bin/python -m dvc --version - FAILED with code 1 (15ms)
/home/peaches/anaconda3/bin/python: No module named dvc

[version: 1.2.29, 2025-11-27T13:51:32.372Z, pid: 0] > dvc --version - INITIALIZED
[version: 1.2.29, 2025-11-27T13:51:32.373Z, pid: 0] > dvc --version - FAILED (5ms)
Command failed with ENOENT: dvc --version
spawn dvc ENOENT
[version: 1.2.29, 2025-11-27T13:51:37.380Z, pid: 76967] > /home/peaches/anaconda3/bin/python -m dvc --version - INITIALIZED
[version: 1.2.29, 2025-11-27T13:51:37.389Z, pid: 76967] > /home/peaches/anaconda3/bin/python -m dvc --version - FAILED with code 1 (15ms)
/home/peaches/anaconda3/bin/python: No module named dvc

[version: 1.2.29, 2025-11-27T13:51:37.393Z, pid: 0] > dvc --version - INITIALIZED
[version: 1.2.29, 2025-11-27T13:51:37.394Z, pid: 0] > dvc --version - FAILED (5ms)
Command failed with ENOENT: dvc --version
spawn dvc ENOENT
[version: 1.2.29, 2025-11-27T13:51:42.400Z, pid: 76969] > /home/peaches/anaconda3/bin/python -m dvc --version - INITIALIZED
[version: 1.2.29, 2025-11-27T13:51:42.410Z, pid: 76969] > /home/peaches/anaconda3/bin/python -m dvc --version - FAILED with code 1 (16ms)
/home/peaches/anaconda3/bin/python: No module named dvc

[version: 1.2.29, 2025-11-27T13:51:42.414Z, pid: 0] > dvc --version - INITIALIZED
[version: 1.2.29, 2025-11-27T13:51:42.415Z, pid: 0] > dvc --version - FAILED (5ms)
Command failed with ENOENT: dvc --version
spawn dvc ENOENT
[version: 1.2.29, 2025-11-27T13:51:47.420Z, pid: 76972] > /home/peaches/anaconda3/bin/python -m dvc --version - INITIALIZED
[version: 1.2.29, 2025-11-27T13:51:47.430Z, pid: 76972] > /home/peaches/anaconda3/bin/python -m dvc --version - FAILED with code 1 (15ms)
/home/peaches/anaconda3/bin/python: No module named dvc

[version: 1.2.29, 2025-11-27T13:51:47.434Z, pid: 0] > dvc --version - INITIALIZED
[version: 1.2.29, 2025-11-27T13:51:47.435Z, pid: 0] > dvc --version - FAILED (5ms)
Command failed with ENOENT: dvc --version
spawn dvc ENOENT
[version: 1.2.29, 2025-11-27T13:51:52.439Z, pid: 76974] > /home/peaches/anaconda3/bin/python -m dvc --version - INITIALIZED
[version: 1.2.29, 2025-11-27T13:51:52.449Z, pid: 76974] > /home/peaches/anaconda3/bin/python -m dvc --version - FAILED with code 1 (14ms)
/home/peaches/anaconda3/bin/python: No module named dvc

[version: 1.2.29, 2025-11-27T13:51:52.453Z, pid: 0] > dvc --version - INITIALIZED
[version: 1.2.29, 2025-11-27T13:51:52.454Z, pid: 0] > dvc --version - FAILED (5ms)
Command failed with ENOENT: dvc --version
spawn dvc ENOENT
[version: 1.2.29, 2025-11-27T13:51:57.460Z, pid: 76978] > /home/peaches/anaconda3/bin/python -m dvc --version - INITIALIZED
[version: 1.2.29, 2025-11-27T13:51:57.470Z, pid: 76978] > /home/peaches/anaconda3/bin/python -m dvc --version - FAILED with code 1 (15ms)
/home/peaches/anaconda3/bin/python: No module named dvc

[version: 1.2.29, 2025-11-27T13:51:57.474Z, pid: 0] > dvc --version - INITIALIZED
[version: 1.2.29, 2025-11-27T13:51:57.475Z, pid: 0] > dvc --version - FAILED (5ms)
Command failed with ENOENT: dvc --version
spawn dvc ENOENT
[version: 1.2.29, 2025-11-27T13:52:02.481Z, pid: 76980] > /home/peaches/anaconda3/bin/python -m dvc --version - INITIALIZED
[version: 1.2.29, 2025-11-27T13:52:02.491Z, pid: 76980] > /home/peaches/anaconda3/bin/python -m dvc --version - FAILED with code 1 (16ms)
/home/peaches/anaconda3/bin/python: No module named dvc

[version: 1.2.29, 2025-11-27T13:52:02.495Z, pid: 0] > dvc --version - INITIALIZED
[version: 1.2.29, 2025-11-27T13:52:02.496Z, pid: 0] > dvc --version - FAILED (5ms)
Command failed with ENOENT: dvc --version
spawn dvc ENOENT
[version: 1.2.29, 2025-11-27T13:52:07.501Z, pid: 76982] > /home/peaches/anaconda3/bin/python -m dvc --version - INITIALIZED
[version: 1.2.29, 2025-11-27T13:52:07.510Z, pid: 76982] > /home/peaches/anaconda3/bin/python -m dvc --version - FAILED with code 1 (14ms)
/home/peaches/anaconda3/bin/python: No module named dvc

[version: 1.2.29, 2025-11-27T13:52:07.514Z, pid: 0] > dvc --version - INITIALIZED
[version: 1.2.29, 2025-11-27T13:52:07.515Z, pid: 0] > dvc --version - FAILED (4ms)
Command failed with ENOENT: dvc --version
spawn dvc ENOENT
[version: 1.2.29, 2025-11-27T13:52:12.520Z, pid: 76984] > /home/peaches/anaconda3/bin/python -m dvc --version - INITIALIZED
[version: 1.2.29, 2025-11-27T13:52:12.530Z, pid: 76984] > /home/peaches/anaconda3/bin/python -m dvc --version - FAILED with code 1 (15ms)
/home/peaches/anaconda3/bin/python: No module named dvc

[version: 1.2.29, 2025-11-27T13:52:12.534Z, pid: 0] > dvc --version - INITIALIZED
[version: 1.2.29, 2025-11-27T13:52:12.535Z, pid: 0] > dvc --version - FAILED (5ms)
Command failed with ENOENT: dvc --version
spawn dvc ENOENT
[version: 1.2.29, 2025-11-27T13:52:17.542Z, pid: 76987] > /home/peaches/anaconda3/bin/python -m dvc --version - INITIALIZED
[version: 1.2.29, 2025-11-27T13:52:17.554Z, pid: 76987] > /home/peaches/anaconda3/bin/python -m dvc --version - FAILED with code 1 (19ms)
/home/peaches/anaconda3/bin/python: No module named dvc

[version: 1.2.29, 2025-11-27T13:52:17.559Z, pid: 0] > dvc --version - INITIALIZED
[version: 1.2.29, 2025-11-27T13:52:17.559Z, pid: 0] > dvc --version - FAILED (5ms)
Command failed with ENOENT: dvc --version
spawn dvc ENOENT
[version: 1.2.29, 2025-11-27T13:52:22.564Z, pid: 76989] > /home/peaches/anaconda3/bin/python -m dvc --version - INITIALIZED
[version: 1.2.29, 2025-11-27T13:52:22.574Z, pid: 76989] > /home/peaches/anaconda3/bin/python -m dvc --version - FAILED with code 1 (14ms)
/home/peaches/anaconda3/bin/python: No module named dvc

[version: 1.2.29, 2025-11-27T13:52:22.579Z, pid: 0] > dvc --version - INITIALIZED
[version: 1.2.29, 2025-11-27T13:52:22.580Z, pid: 0] > dvc --version - FAILED (5ms)
Command failed with ENOENT: dvc --version
spawn dvc ENOENT
[version: 1.2.29, 2025-11-27T13:52:27.586Z, pid: 76991] > /home/peaches/anaconda3/bin/python -m dvc --version - INITIALIZED
[version: 1.2.29, 2025-11-27T13:52:27.596Z, pid: 76991] > /home/peaches/anaconda3/bin/python -m dvc --version - FAILED with code 1 (15ms)
/home/peaches/anaconda3/bin/python: No module named dvc

[version: 1.2.29, 2025-11-27T13:52:27.601Z, pid: 0] > dvc --version - INITIALIZED
[version: 1.2.29, 2025-11-27T13:52:27.601Z, pid: 0] > dvc --version - FAILED (4ms)
Command failed with ENOENT: dvc --version
spawn dvc ENOENT
[version: 1.2.29, 2025-11-27T13:52:32.607Z, pid: 76993] > /home/peaches/anaconda3/bin/python -m dvc --version - INITIALIZED
[version: 1.2.29, 2025-11-27T13:52:32.616Z, pid: 76993] > /home/peaches/anaconda3/bin/python -m dvc --version - FAILED with code 1 (15ms)
/home/peaches/anaconda3/bin/python: No module named dvc

[version: 1.2.29, 2025-11-27T13:52:32.621Z, pid: 0] > dvc --version - INITIALIZED
[version: 1.2.29, 2025-11-27T13:52:32.622Z, pid: 0] > dvc --version - FAILED (5ms)
Command failed with ENOENT: dvc --version
spawn dvc ENOENT
[version: 1.2.29, 2025-11-27T13:52:37.627Z, pid: 76995] > /home/peaches/anaconda3/bin/python -m dvc --version - INITIALIZED
[version: 1.2.29, 2025-11-27T13:52:37.637Z, pid: 76995] > /home/peaches/anaconda3/bin/python -m dvc --version - FAILED with code 1 (14ms)
/home/peaches/anaconda3/bin/python: No module named dvc

[version: 1.2.29, 2025-11-27T13:52:37.641Z, pid: 0] > dvc --version - INITIALIZED
[version: 1.2.29, 2025-11-27T13:52:37.642Z, pid: 0] > dvc --version - FAILED (5ms)
Command failed with ENOENT: dvc --version
spawn dvc ENOENT
[version: 1.2.29, 2025-11-27T13:52:42.647Z, pid: 76998] > /home/peaches/anaconda3/bin/python -m dvc --version - INITIALIZED
[version: 1.2.29, 2025-11-27T13:52:42.657Z, pid: 76998] > /home/peaches/anaconda3/bin/python -m dvc --version - FAILED with code 1 (14ms)
/home/peaches/anaconda3/bin/python: No module named dvc

[version: 1.2.29, 2025-11-27T13:52:42.662Z, pid: 0] > dvc --version - INITIALIZED
[version: 1.2.29, 2025-11-27T13:52:42.663Z, pid: 0] > dvc --version - FAILED (5ms)
Command failed with ENOENT: dvc --version
spawn dvc ENOENT
[version: 1.2.29, 2025-11-27T13:52:47.669Z, pid: 77001] > /home/peaches/anaconda3/bin/python -m dvc --version - INITIALIZED
[version: 1.2.29, 2025-11-27T13:52:47.679Z, pid: 77001] > /home/peaches/anaconda3/bin/python -m dvc --version - FAILED with code 1 (15ms)
/home/peaches/anaconda3/bin/python: No module named dvc

[version: 1.2.29, 2025-11-27T13:52:47.683Z, pid: 0] > dvc --version - INITIALIZED
[version: 1.2.29, 2025-11-27T13:52:47.684Z, pid: 0] > dvc --version - FAILED (5ms)
Command failed with ENOENT: dvc --version
spawn dvc ENOENT
[version: 1.2.29, 2025-11-27T13:52:52.690Z, pid: 77003] > /home/peaches/anaconda3/bin/python -m dvc --version - INITIALIZED
[version: 1.2.29, 2025-11-27T13:52:52.699Z, pid: 77003] > /home/peaches/anaconda3/bin/python -m dvc --version - FAILED with code 1 (14ms)
/home/peaches/anaconda3/bin/python: No module named dvc

[version: 1.2.29, 2025-11-27T13:52:52.704Z, pid: 0] > dvc --version - INITIALIZED
[version: 1.2.29, 2025-11-27T13:52:52.705Z, pid: 0] > dvc --version - FAILED (6ms)
Command failed with ENOENT: dvc --version
spawn dvc ENOENT
[version: 1.2.29, 2025-11-27T13:52:57.710Z, pid: 77007] > /home/peaches/anaconda3/bin/python -m dvc --version - INITIALIZED
[version: 1.2.29, 2025-11-27T13:52:57.719Z, pid: 77007] > /home/peaches/anaconda3/bin/python -m dvc --version - FAILED with code 1 (14ms)
/home/peaches/anaconda3/bin/python: No module named dvc

[version: 1.2.29, 2025-11-27T13:52:57.724Z, pid: 0] > dvc --version - INITIALIZED
[version: 1.2.29, 2025-11-27T13:52:57.724Z, pid: 0] > dvc --version - FAILED (4ms)
Command failed with ENOENT: dvc --version
spawn dvc ENOENT
[version: 1.2.29, 2025-11-27T13:53:02.729Z, pid: 77009] > /home/peaches/anaconda3/bin/python -m dvc --version - INITIALIZED
[version: 1.2.29, 2025-11-27T13:53:02.739Z, pid: 77009] > /home/peaches/anaconda3/bin/python -m dvc --version - FAILED with code 1 (15ms)
/home/peaches/anaconda3/bin/python: No module named dvc

[version: 1.2.29, 2025-11-27T13:53:02.743Z, pid: 0] > dvc --version - INITIALIZED
[version: 1.2.29, 2025-11-27T13:53:02.744Z, pid: 0] > dvc --version - FAILED (5ms)
Command failed with ENOENT: dvc --version
spawn dvc ENOENT
[version: 1.2.29, 2025-11-27T13:53:07.749Z, pid: 77013] > /home/peaches/anaconda3/bin/python -m dvc --version - INITIALIZED
[version: 1.2.29, 2025-11-27T13:53:07.759Z, pid: 77013] > /home/peaches/anaconda3/bin/python -m dvc --version - FAILED with code 1 (15ms)
/home/peaches/anaconda3/bin/python: No module named dvc

[version: 1.2.29, 2025-11-27T13:53:07.763Z, pid: 0] > dvc --version - INITIALIZED
[version: 1.2.29, 2025-11-27T13:53:07.764Z, pid: 0] > dvc --version - FAILED (5ms)
Command failed with ENOENT: dvc --version
spawn dvc ENOENT
[version: 1.2.29, 2025-11-27T13:53:12.769Z, pid: 77015] > /home/peaches/anaconda3/bin/python -m dvc --version - INITIALIZED
[version: 1.2.29, 2025-11-27T13:53:12.778Z, pid: 77015] > /home/peaches/anaconda3/bin/python -m dvc --version - FAILED with code 1 (14ms)
/home/peaches/anaconda3/bin/python: No module named dvc

[version: 1.2.29, 2025-11-27T13:53:12.783Z, pid: 0] > dvc --version - INITIALIZED
[version: 1.2.29, 2025-11-27T13:53:12.784Z, pid: 0] > dvc --version - FAILED (5ms)
Command failed with ENOENT: dvc --version
spawn dvc ENOENT
[version: 1.2.29, 2025-11-27T13:53:17.791Z, pid: 77017] > /home/peaches/anaconda3/bin/python -m dvc --version - INITIALIZED
[version: 1.2.29, 2025-11-27T13:53:17.801Z, pid: 77017] > /home/peaches/anaconda3/bin/python -m dvc --version - FAILED with code 1 (16ms)
/home/peaches/anaconda3/bin/python: No module named dvc

[version: 1.2.29, 2025-11-27T13:53:17.805Z, pid: 0] > dvc --version - INITIALIZED
[version: 1.2.29, 2025-11-27T13:53:17.805Z, pid: 0] > dvc --version - FAILED (4ms)
Command failed with ENOENT: dvc --version
spawn dvc ENOENT
[version: 1.2.29, 2025-11-27T13:53:22.811Z, pid: 77019] > /home/peaches/anaconda3/bin/python -m dvc --version - INITIALIZED
[version: 1.2.29, 2025-11-27T13:53:22.820Z, pid: 77019] > /home/peaches/anaconda3/bin/python -m dvc --version - FAILED with code 1 (14ms)
/home/peaches/anaconda3/bin/python: No module named dvc

[version: 1.2.29, 2025-11-27T13:53:22.825Z, pid: 0] > dvc --version - INITIALIZED
[version: 1.2.29, 2025-11-27T13:53:22.826Z, pid: 0] > dvc --version - FAILED (6ms)
Command failed with ENOENT: dvc --version
spawn dvc ENOENT
[version: 1.2.29, 2025-11-27T13:53:27.832Z, pid: 77021] > /home/peaches/anaconda3/bin/python -m dvc --version - INITIALIZED
[version: 1.2.29, 2025-11-27T13:53:27.841Z, pid: 77021] > /home/peaches/anaconda3/bin/python -m dvc --version - FAILED with code 1 (14ms)
/home/peaches/anaconda3/bin/python: No module named dvc

[version: 1.2.29, 2025-11-27T13:53:27.846Z, pid: 0] > dvc --version - INITIALIZED
[version: 1.2.29, 2025-11-27T13:53:27.847Z, pid: 0] > dvc --version - FAILED (5ms)
Command failed with ENOENT: dvc --version
spawn dvc ENOENT
[version: 1.2.29, 2025-11-27T13:53:32.854Z, pid: 77023] > /home/peaches/anaconda3/bin/python -m dvc --version - INITIALIZED
[version: 1.2.29, 2025-11-27T13:53:32.863Z, pid: 77023] > /home/peaches/anaconda3/bin/python -m dvc --version - FAILED with code 1 (15ms)
/home/peaches/anaconda3/bin/python: No module named dvc

[version: 1.2.29, 2025-11-27T13:53:32.867Z, pid: 0] > dvc --version - INITIALIZED
[version: 1.2.29, 2025-11-27T13:53:32.868Z, pid: 0] > dvc --version - FAILED (5ms)
Command failed with ENOENT: dvc --version
spawn dvc ENOENT
[version: 1.2.29, 2025-11-27T13:53:37.874Z, pid: 77025] > /home/peaches/anaconda3/bin/python -m dvc --version - INITIALIZED
[version: 1.2.29, 2025-11-27T13:53:37.884Z, pid: 77025] > /home/peaches/anaconda3/bin/python -m dvc --version - FAILED with code 1 (15ms)
/home/peaches/anaconda3/bin/python: No module named dvc

[version: 1.2.29, 2025-11-27T13:53:37.889Z, pid: 0] > dvc --version - INITIALIZED
[version: 1.2.29, 2025-11-27T13:53:37.889Z, pid: 0] > dvc --version - FAILED (5ms)
Command failed with ENOENT: dvc --version
spawn dvc ENOENT
[version: 1.2.29, 2025-11-27T13:53:42.896Z, pid: 77027] > /home/peaches/anaconda3/bin/python -m dvc --version - INITIALIZED
[version: 1.2.29, 2025-11-27T13:53:42.905Z, pid: 77027] > /home/peaches/anaconda3/bin/python -m dvc --version - FAILED with code 1 (16ms)
/home/peaches/anaconda3/bin/python: No module named dvc

[version: 1.2.29, 2025-11-27T13:53:42.909Z, pid: 0] > dvc --version - INITIALIZED
[version: 1.2.29, 2025-11-27T13:53:42.910Z, pid: 0] > dvc --version - FAILED (5ms)
Command failed with ENOENT: dvc --version
spawn dvc ENOENT
[version: 1.2.29, 2025-11-27T13:53:47.916Z, pid: 77029] > /home/peaches/anaconda3/bin/python -m dvc --version - INITIALIZED
[version: 1.2.29, 2025-11-27T13:53:47.925Z, pid: 77029] > /home/peaches/anaconda3/bin/python -m dvc --version - FAILED with code 1 (14ms)
/home/peaches/anaconda3/bin/python: No module named dvc

[version: 1.2.29, 2025-11-27T13:53:47.930Z, pid: 0] > dvc --version - INITIALIZED
[version: 1.2.29, 2025-11-27T13:53:47.931Z, pid: 0] > dvc --version - FAILED (5ms)
Command failed with ENOENT: dvc --version
spawn dvc ENOENT
[version: 1.2.29, 2025-11-27T13:53:52.937Z, pid: 77031] > /home/peaches/anaconda3/bin/python -m dvc --version - INITIALIZED
[version: 1.2.29, 2025-11-27T13:53:52.946Z, pid: 77031] > /home/peaches/anaconda3/bin/python -m dvc --version - FAILED with code 1 (15ms)
/home/peaches/anaconda3/bin/python: No module named dvc

[version: 1.2.29, 2025-11-27T13:53:52.951Z, pid: 0] > dvc --version - INITIALIZED
[version: 1.2.29, 2025-11-27T13:53:52.952Z, pid: 0] > dvc --version - FAILED (6ms)
Command failed with ENOENT: dvc --version
spawn dvc ENOENT
[version: 1.2.29, 2025-11-27T13:53:57.957Z, pid: 77035] > /home/peaches/anaconda3/bin/python -m dvc --version - INITIALIZED
[version: 1.2.29, 2025-11-27T13:53:57.966Z, pid: 77035] > /home/peaches/anaconda3/bin/python -m dvc --version - FAILED with code 1 (14ms)
/home/peaches/anaconda3/bin/python: No module named dvc

[version: 1.2.29, 2025-11-27T13:53:57.971Z, pid: 0] > dvc --version - INITIALIZED
[version: 1.2.29, 2025-11-27T13:53:57.972Z, pid: 0] > dvc --version - FAILED (5ms)
Command failed with ENOENT: dvc --version
spawn dvc ENOENT
[version: 1.2.29, 2025-11-27T13:54:02.976Z, pid: 77037] > /home/peaches/anaconda3/bin/python -m dvc --version - INITIALIZED
[version: 1.2.29, 2025-11-27T13:54:02.985Z, pid: 77037] > /home/peaches/anaconda3/bin/python -m dvc --version - FAILED with code 1 (14ms)
/home/peaches/anaconda3/bin/python: No module named dvc

[version: 1.2.29, 2025-11-27T13:54:02.990Z, pid: 0] > dvc --version - INITIALIZED
[version: 1.2.29, 2025-11-27T13:54:02.991Z, pid: 0] > dvc --version - FAILED (5ms)
Command failed with ENOENT: dvc --version
spawn dvc ENOENT
[version: 1.2.29, 2025-11-27T13:54:07.996Z, pid: 77039] > /home/peaches/anaconda3/bin/python -m dvc --version - INITIALIZED
[version: 1.2.29, 2025-11-27T13:54:08.005Z, pid: 77039] > /home/peaches/anaconda3/bin/python -m dvc --version - FAILED with code 1 (14ms)
/home/peaches/anaconda3/bin/python: No module named dvc

[version: 1.2.29, 2025-11-27T13:54:08.010Z, pid: 0] > dvc --version - INITIALIZED
[version: 1.2.29, 2025-11-27T13:54:08.011Z, pid: 0] > dvc --version - FAILED (5ms)
Command failed with ENOENT: dvc --version
spawn dvc ENOENT
[version: 1.2.29, 2025-11-27T13:54:13.016Z, pid: 77041] > /home/peaches/anaconda3/bin/python -m dvc --version - INITIALIZED
[version: 1.2.29, 2025-11-27T13:54:13.025Z, pid: 77041] > /home/peaches/anaconda3/bin/python -m dvc --version - FAILED with code 1 (14ms)
/home/peaches/anaconda3/bin/python: No module named dvc

[version: 1.2.29, 2025-11-27T13:54:13.030Z, pid: 0] > dvc --version - INITIALIZED
[version: 1.2.29, 2025-11-27T13:54:13.031Z, pid: 0] > dvc --version - FAILED (5ms)
Command failed with ENOENT: dvc --version
spawn dvc ENOENT
[version: 1.2.29, 2025-11-27T13:54:18.038Z, pid: 77043] > /home/peaches/anaconda3/bin/python -m dvc --version - INITIALIZED
[version: 1.2.29, 2025-11-27T13:54:18.047Z, pid: 77043] > /home/peaches/anaconda3/bin/python -m dvc --version - FAILED with code 1 (15ms)
/home/peaches/anaconda3/bin/python: No module named dvc

[version: 1.2.29, 2025-11-27T13:54:18.052Z, pid: 0] > dvc --version - INITIALIZED
[version: 1.2.29, 2025-11-27T13:54:18.053Z, pid: 0] > dvc --version - FAILED (5ms)
Command failed with ENOENT: dvc --version
spawn dvc ENOENT
[version: 1.2.29, 2025-11-27T13:54:23.059Z, pid: 77045] > /home/peaches/anaconda3/bin/python -m dvc --version - INITIALIZED
[version: 1.2.29, 2025-11-27T13:54:23.068Z, pid: 77045] > /home/peaches/anaconda3/bin/python -m dvc --version - FAILED with code 1 (15ms)
/home/peaches/anaconda3/bin/python: No module named dvc

[version: 1.2.29, 2025-11-27T13:54:23.073Z, pid: 0] > dvc --version - INITIALIZED
[version: 1.2.29, 2025-11-27T13:54:23.074Z, pid: 0] > dvc --version - FAILED (6ms)
Command failed with ENOENT: dvc --version
spawn dvc ENOENT
[version: 1.2.29, 2025-11-27T13:54:28.081Z, pid: 77047] > /home/peaches/anaconda3/bin/python -m dvc --version - INITIALIZED
[version: 1.2.29, 2025-11-27T13:54:28.091Z, pid: 77047] > /home/peaches/anaconda3/bin/python -m dvc --version - FAILED with code 1 (17ms)
/home/peaches/anaconda3/bin/python: No module named dvc

[version: 1.2.29, 2025-11-27T13:54:28.095Z, pid: 0] > dvc --version - INITIALIZED
[version: 1.2.29, 2025-11-27T13:54:28.096Z, pid: 0] > dvc --version - FAILED (5ms)
Command failed with ENOENT: dvc --version
spawn dvc ENOENT
[version: 1.2.29, 2025-11-27T13:54:33.102Z, pid: 77049] > /home/peaches/anaconda3/bin/python -m dvc --version - INITIALIZED
[version: 1.2.29, 2025-11-27T13:54:33.111Z, pid: 77049] > /home/peaches/anaconda3/bin/python -m dvc --version - FAILED with code 1 (15ms)
/home/peaches/anaconda3/bin/python: No module named dvc

[version: 1.2.29, 2025-11-27T13:54:33.115Z, pid: 0] > dvc --version - INITIALIZED
[version: 1.2.29, 2025-11-27T13:54:33.116Z, pid: 0] > dvc --version - FAILED (5ms)
Command failed with ENOENT: dvc --version
spawn dvc ENOENT
[version: 1.2.29, 2025-11-27T13:54:38.121Z, pid: 77055] > /home/peaches/anaconda3/bin/python -m dvc --version - INITIALIZED
[version: 1.2.29, 2025-11-27T13:54:38.131Z, pid: 77055] > /home/peaches/anaconda3/bin/python -m dvc --version - FAILED with code 1 (15ms)
/home/peaches/anaconda3/bin/python: No module named dvc

[version: 1.2.29, 2025-11-27T13:54:38.136Z, pid: 0] > dvc --version - INITIALIZED
[version: 1.2.29, 2025-11-27T13:54:38.137Z, pid: 0] > dvc --version - FAILED (5ms)
Command failed with ENOENT: dvc --version
spawn dvc ENOENT
[version: 1.2.29, 2025-11-27T13:54:43.144Z, pid: 77059] > /home/peaches/anaconda3/bin/python -m dvc --version - INITIALIZED
[version: 1.2.29, 2025-11-27T13:54:43.154Z, pid: 77059] > /home/peaches/anaconda3/bin/python -m dvc --version - FAILED with code 1 (16ms)
/home/peaches/anaconda3/bin/python: No module named dvc

[version: 1.2.29, 2025-11-27T13:54:43.158Z, pid: 0] > dvc --version - INITIALIZED
[version: 1.2.29, 2025-11-27T13:54:43.159Z, pid: 0] > dvc --version - FAILED (5ms)
Command failed with ENOENT: dvc --version
spawn dvc ENOENT
[version: 1.2.29, 2025-11-27T13:54:48.165Z, pid: 77061] > /home/peaches/anaconda3/bin/python -m dvc --version - INITIALIZED
[version: 1.2.29, 2025-11-27T13:54:48.174Z, pid: 77061] > /home/peaches/anaconda3/bin/python -m dvc --version - FAILED with code 1 (15ms)
/home/peaches/anaconda3/bin/python: No module named dvc

[version: 1.2.29, 2025-11-27T13:54:48.179Z, pid: 0] > dvc --version - INITIALIZED
[version: 1.2.29, 2025-11-27T13:54:48.180Z, pid: 0] > dvc --version - FAILED (5ms)
Command failed with ENOENT: dvc --version
spawn dvc ENOENT
[version: 1.2.29, 2025-11-27T13:54:53.186Z, pid: 77063] > /home/peaches/anaconda3/bin/python -m dvc --version - INITIALIZED
[version: 1.2.29, 2025-11-27T13:54:53.196Z, pid: 77063] > /home/peaches/anaconda3/bin/python -m dvc --version - FAILED with code 1 (14ms)
/home/peaches/anaconda3/bin/python: No module named dvc

[version: 1.2.29, 2025-11-27T13:54:53.200Z, pid: 0] > dvc --version - INITIALIZED
[version: 1.2.29, 2025-11-27T13:54:53.201Z, pid: 0] > dvc --version - FAILED (5ms)
Command failed with ENOENT: dvc --version
spawn dvc ENOENT
[version: 1.2.29, 2025-11-27T13:54:58.207Z, pid: 77067] > /home/peaches/anaconda3/bin/python -m dvc --version - INITIALIZED
[version: 1.2.29, 2025-11-27T13:54:58.216Z, pid: 77067] > /home/peaches/anaconda3/bin/python -m dvc --version - FAILED with code 1 (14ms)
/home/peaches/anaconda3/bin/python: No module named dvc

[version: 1.2.29, 2025-11-27T13:54:58.220Z, pid: 0] > dvc --version - INITIALIZED
[version: 1.2.29, 2025-11-27T13:54:58.221Z, pid: 0] > dvc --version - FAILED (4ms)
Command failed with ENOENT: dvc --version
spawn dvc ENOENT
[version: 1.2.29, 2025-11-27T13:55:03.227Z, pid: 77069] > /home/peaches/anaconda3/bin/python -m dvc --version - INITIALIZED
[version: 1.2.29, 2025-11-27T13:55:03.236Z, pid: 77069] > /home/peaches/anaconda3/bin/python -m dvc --version - FAILED with code 1 (14ms)
/home/peaches/anaconda3/bin/python: No module named dvc

[version: 1.2.29, 2025-11-27T13:55:03.240Z, pid: 0] > dvc --version - INITIALIZED
[version: 1.2.29, 2025-11-27T13:55:03.241Z, pid: 0] > dvc --version - FAILED (5ms)
Command failed with ENOENT: dvc --version
spawn dvc ENOENT
[version: 1.2.29, 2025-11-27T13:55:08.247Z, pid: 77071] > /home/peaches/anaconda3/bin/python -m dvc --version - INITIALIZED
[version: 1.2.29, 2025-11-27T13:55:08.257Z, pid: 77071] > /home/peaches/anaconda3/bin/python -m dvc --version - FAILED with code 1 (16ms)
/home/peaches/anaconda3/bin/python: No module named dvc

[version: 1.2.29, 2025-11-27T13:55:08.262Z, pid: 0] > dvc --version - INITIALIZED
[version: 1.2.29, 2025-11-27T13:55:08.263Z, pid: 0] > dvc --version - FAILED (5ms)
Command failed with ENOENT: dvc --version
spawn dvc ENOENT
[version: 1.2.29, 2025-11-27T13:55:13.269Z, pid: 77073] > /home/peaches/anaconda3/bin/python -m dvc --version - INITIALIZED
[version: 1.2.29, 2025-11-27T13:55:13.278Z, pid: 77073] > /home/peaches/anaconda3/bin/python -m dvc --version - FAILED with code 1 (15ms)
/home/peaches/anaconda3/bin/python: No module named dvc

[version: 1.2.29, 2025-11-27T13:55:13.283Z, pid: 0] > dvc --version - INITIALIZED
[version: 1.2.29, 2025-11-27T13:55:13.284Z, pid: 0] > dvc --version - FAILED (5ms)
Command failed with ENOENT: dvc --version
spawn dvc ENOENT
[version: 1.2.29, 2025-11-27T13:55:18.289Z, pid: 77075] > /home/peaches/anaconda3/bin/python -m dvc --version - INITIALIZED
[version: 1.2.29, 2025-11-27T13:55:18.299Z, pid: 77075] > /home/peaches/anaconda3/bin/python -m dvc --version - FAILED with code 1 (14ms)
/home/peaches/anaconda3/bin/python: No module named dvc

[version: 1.2.29, 2025-11-27T13:55:18.304Z, pid: 0] > dvc --version - INITIALIZED
[version: 1.2.29, 2025-11-27T13:55:18.305Z, pid: 0] > dvc --version - FAILED (6ms)
Command failed with ENOENT: dvc --version
spawn dvc ENOENT
[version: 1.2.29, 2025-11-27T13:55:23.310Z, pid: 77077] > /home/peaches/anaconda3/bin/python -m dvc --version - INITIALIZED
[version: 1.2.29, 2025-11-27T13:55:23.319Z, pid: 77077] > /home/peaches/anaconda3/bin/python -m dvc --version - FAILED with code 1 (14ms)
/home/peaches/anaconda3/bin/python: No module named dvc

[version: 1.2.29, 2025-11-27T13:55:23.324Z, pid: 0] > dvc --version - INITIALIZED
[version: 1.2.29, 2025-11-27T13:55:23.325Z, pid: 0] > dvc --version - FAILED (4ms)
Command failed with ENOENT: dvc --version
spawn dvc ENOENT
[version: 1.2.29, 2025-11-27T13:55:28.331Z, pid: 77079] > /home/peaches/anaconda3/bin/python -m dvc --version - INITIALIZED
[version: 1.2.29, 2025-11-27T13:55:28.340Z, pid: 77079] > /home/peaches/anaconda3/bin/python -m dvc --version - FAILED with code 1 (14ms)
/home/peaches/anaconda3/bin/python: No module named dvc

[version: 1.2.29, 2025-11-27T13:55:28.345Z, pid: 0] > dvc --version - INITIALIZED
[version: 1.2.29, 2025-11-27T13:55:28.345Z, pid: 0] > dvc --version - FAILED (4ms)
Command failed with ENOENT: dvc --version
spawn dvc ENOENT
[version: 1.2.29, 2025-11-27T13:55:33.350Z, pid: 77081] > /home/peaches/anaconda3/bin/python -m dvc --version - INITIALIZED
[version: 1.2.29, 2025-11-27T13:55:33.360Z, pid: 77081] > /home/peaches/anaconda3/bin/python -m dvc --version - FAILED with code 1 (13ms)
/home/peaches/anaconda3/bin/python: No module named dvc

[version: 1.2.29, 2025-11-27T13:55:33.364Z, pid: 0] > dvc --version - INITIALIZED
[version: 1.2.29, 2025-11-27T13:55:33.365Z, pid: 0] > dvc --version - FAILED (5ms)
Command failed with ENOENT: dvc --version
spawn dvc ENOENT
[version: 1.2.29, 2025-11-27T13:55:38.371Z, pid: 77083] > /home/peaches/anaconda3/bin/python -m dvc --version - INITIALIZED
[version: 1.2.29, 2025-11-27T13:55:38.381Z, pid: 77083] > /home/peaches/anaconda3/bin/python -m dvc --version - FAILED with code 1 (15ms)
/home/peaches/anaconda3/bin/python: No module named dvc

[version: 1.2.29, 2025-11-27T13:55:38.385Z, pid: 0] > dvc --version - INITIALIZED
[version: 1.2.29, 2025-11-27T13:55:38.386Z, pid: 0] > dvc --version - FAILED (5ms)
Command failed with ENOENT: dvc --version
spawn dvc ENOENT
[version: 1.2.29, 2025-11-27T13:55:43.393Z, pid: 77085] > /home/peaches/anaconda3/bin/python -m dvc --version - INITIALIZED
[version: 1.2.29, 2025-11-27T13:55:43.402Z, pid: 77085] > /home/peaches/anaconda3/bin/python -m dvc --version - FAILED with code 1 (16ms)
/home/peaches/anaconda3/bin/python: No module named dvc

[version: 1.2.29, 2025-11-27T13:55:43.407Z, pid: 0] > dvc --version - INITIALIZED
[version: 1.2.29, 2025-11-27T13:55:43.407Z, pid: 0] > dvc --version - FAILED (4ms)
Command failed with ENOENT: dvc --version
spawn dvc ENOENT
[version: 1.2.29, 2025-11-27T13:55:48.414Z, pid: 77087] > /home/peaches/anaconda3/bin/python -m dvc --version - INITIALIZED
[version: 1.2.29, 2025-11-27T13:55:48.423Z, pid: 77087] > /home/peaches/anaconda3/bin/python -m dvc --version - FAILED with code 1 (15ms)
/home/peaches/anaconda3/bin/python: No module named dvc

[version: 1.2.29, 2025-11-27T13:55:48.428Z, pid: 0] > dvc --version - INITIALIZED
[version: 1.2.29, 2025-11-27T13:55:48.428Z, pid: 0] > dvc --version - FAILED (4ms)
Command failed with ENOENT: dvc --version
spawn dvc ENOENT
[version: 1.2.29, 2025-11-27T13:55:53.434Z, pid: 77089] > /home/peaches/anaconda3/bin/python -m dvc --version - INITIALIZED
[version: 1.2.29, 2025-11-27T13:55:53.443Z, pid: 77089] > /home/peaches/anaconda3/bin/python -m dvc --version - FAILED with code 1 (15ms)
/home/peaches/anaconda3/bin/python: No module named dvc

[version: 1.2.29, 2025-11-27T13:55:53.447Z, pid: 0] > dvc --version - INITIALIZED
[version: 1.2.29, 2025-11-27T13:55:53.448Z, pid: 0] > dvc --version - FAILED (5ms)
Command failed with ENOENT: dvc --version
spawn dvc ENOENT
[version: 1.2.29, 2025-11-27T13:55:58.454Z, pid: 77093] > /home/peaches/anaconda3/bin/python -m dvc --version - INITIALIZED
[version: 1.2.29, 2025-11-27T13:55:58.464Z, pid: 77093] > /home/peaches/anaconda3/bin/python -m dvc --version - FAILED with code 1 (15ms)
/home/peaches/anaconda3/bin/python: No module named dvc

[version: 1.2.29, 2025-11-27T13:55:58.468Z, pid: 0] > dvc --version - INITIALIZED
[version: 1.2.29, 2025-11-27T13:55:58.469Z, pid: 0] > dvc --version - FAILED (5ms)
Command failed with ENOENT: dvc --version
spawn dvc ENOENT
[version: 1.2.29, 2025-11-27T13:56:03.475Z, pid: 77095] > /home/peaches/anaconda3/bin/python -m dvc --version - INITIALIZED
[version: 1.2.29, 2025-11-27T13:56:03.485Z, pid: 77095] > /home/peaches/anaconda3/bin/python -m dvc --version - FAILED with code 1 (15ms)
/home/peaches/anaconda3/bin/python: No module named dvc

[version: 1.2.29, 2025-11-27T13:56:03.489Z, pid: 0] > dvc --version - INITIALIZED
[version: 1.2.29, 2025-11-27T13:56:03.490Z, pid: 0] > dvc --version - FAILED (5ms)
Command failed with ENOENT: dvc --version
spawn dvc ENOENT
[version: 1.2.29, 2025-11-27T13:56:08.497Z, pid: 77097] > /home/peaches/anaconda3/bin/python -m dvc --version - INITIALIZED
[version: 1.2.29, 2025-11-27T13:56:08.506Z, pid: 77097] > /home/peaches/anaconda3/bin/python -m dvc --version - FAILED with code 1 (16ms)
/home/peaches/anaconda3/bin/python: No module named dvc

[version: 1.2.29, 2025-11-27T13:56:08.511Z, pid: 0] > dvc --version - INITIALIZED
[version: 1.2.29, 2025-11-27T13:56:08.511Z, pid: 0] > dvc --version - FAILED (4ms)
Command failed with ENOENT: dvc --version
spawn dvc ENOENT
[version: 1.2.29, 2025-11-27T13:56:13.516Z, pid: 77099] > /home/peaches/anaconda3/bin/python -m dvc --version - INITIALIZED
[version: 1.2.29, 2025-11-27T13:56:13.526Z, pid: 77099] > /home/peaches/anaconda3/bin/python -m dvc --version - FAILED with code 1 (15ms)
/home/peaches/anaconda3/bin/python: No module named dvc

[version: 1.2.29, 2025-11-27T13:56:13.531Z, pid: 0] > dvc --version - INITIALIZED
[version: 1.2.29, 2025-11-27T13:56:13.532Z, pid: 0] > dvc --version - FAILED (6ms)
Command failed with ENOENT: dvc --version
spawn dvc ENOENT
[version: 1.2.29, 2025-11-27T13:56:18.537Z, pid: 77101] > /home/peaches/anaconda3/bin/python -m dvc --version - INITIALIZED
[version: 1.2.29, 2025-11-27T13:56:18.546Z, pid: 77101] > /home/peaches/anaconda3/bin/python -m dvc --version - FAILED with code 1 (14ms)
/home/peaches/anaconda3/bin/python: No module named dvc

[version: 1.2.29, 2025-11-27T13:56:18.550Z, pid: 0] > dvc --version - INITIALIZED
[version: 1.2.29, 2025-11-27T13:56:18.551Z, pid: 0] > dvc --version - FAILED (5ms)
Command failed with ENOENT: dvc --version
spawn dvc ENOENT
[version: 1.2.29, 2025-11-27T13:56:23.557Z, pid: 77103] > /home/peaches/anaconda3/bin/python -m dvc --version - INITIALIZED
[version: 1.2.29, 2025-11-27T13:56:23.567Z, pid: 77103] > /home/peaches/anaconda3/bin/python -m dvc --version - FAILED with code 1 (15ms)
/home/peaches/anaconda3/bin/python: No module named dvc

[version: 1.2.29, 2025-11-27T13:56:23.573Z, pid: 0] > dvc --version - INITIALIZED
[version: 1.2.29, 2025-11-27T13:56:23.574Z, pid: 0] > dvc --version - FAILED (7ms)
Command failed with ENOENT: dvc --version
spawn dvc ENOENT
[version: 1.2.29, 2025-11-27T13:56:28.580Z, pid: 77105] > /home/peaches/anaconda3/bin/python -m dvc --version - INITIALIZED
[version: 1.2.29, 2025-11-27T13:56:28.589Z, pid: 77105] > /home/peaches/anaconda3/bin/python -m dvc --version - FAILED with code 1 (14ms)
/home/peaches/anaconda3/bin/python: No module named dvc

[version: 1.2.29, 2025-11-27T13:56:28.594Z, pid: 0] > dvc --version - INITIALIZED
[version: 1.2.29, 2025-11-27T13:56:28.595Z, pid: 0] > dvc --version - FAILED (5ms)
Command failed with ENOENT: dvc --version
spawn dvc ENOENT
[version: 1.2.29, 2025-11-27T13:56:33.600Z, pid: 77107] > /home/peaches/anaconda3/bin/python -m dvc --version - INITIALIZED
[version: 1.2.29, 2025-11-27T13:56:33.609Z, pid: 77107] > /home/peaches/anaconda3/bin/python -m dvc --version - FAILED with code 1 (14ms)
/home/peaches/anaconda3/bin/python: No module named dvc

[version: 1.2.29, 2025-11-27T13:56:33.614Z, pid: 0] > dvc --version - INITIALIZED
[version: 1.2.29, 2025-11-27T13:56:33.615Z, pid: 0] > dvc --version - FAILED (4ms)
Command failed with ENOENT: dvc --version
spawn dvc ENOENT
[version: 1.2.29, 2025-11-27T13:56:38.620Z, pid: 77109] > /home/peaches/anaconda3/bin/python -m dvc --version - INITIALIZED
[version: 1.2.29, 2025-11-27T13:56:38.630Z, pid: 77109] > /home/peaches/anaconda3/bin/python -m dvc --version - FAILED with code 1 (15ms)
/home/peaches/anaconda3/bin/python: No module named dvc

[version: 1.2.29, 2025-11-27T13:56:38.635Z, pid: 0] > dvc --version - INITIALIZED
[version: 1.2.29, 2025-11-27T13:56:38.635Z, pid: 0] > dvc --version - FAILED (4ms)
Command failed with ENOENT: dvc --version
spawn dvc ENOENT
[version: 1.2.29, 2025-11-27T13:56:43.642Z, pid: 77113] > /home/peaches/anaconda3/bin/python -m dvc --version - INITIALIZED
[version: 1.2.29, 2025-11-27T13:56:43.651Z, pid: 77113] > /home/peaches/anaconda3/bin/python -m dvc --version - FAILED with code 1 (15ms)
/home/peaches/anaconda3/bin/python: No module named dvc

[version: 1.2.29, 2025-11-27T13:56:43.656Z, pid: 0] > dvc --version - INITIALIZED
[version: 1.2.29, 2025-11-27T13:56:43.657Z, pid: 0] > dvc --version - FAILED (5ms)
Command failed with ENOENT: dvc --version
spawn dvc ENOENT
[version: 1.2.29, 2025-11-27T13:56:48.660Z, pid: 77116] > /home/peaches/anaconda3/bin/python -m dvc --version - INITIALIZED
[version: 1.2.29, 2025-11-27T13:56:48.670Z, pid: 77116] > /home/peaches/anaconda3/bin/python -m dvc --version - FAILED with code 1 (14ms)
/home/peaches/anaconda3/bin/python: No module named dvc

[version: 1.2.29, 2025-11-27T13:56:48.675Z, pid: 0] > dvc --version - INITIALIZED
[version: 1.2.29, 2025-11-27T13:56:48.676Z, pid: 0] > dvc --version - FAILED (5ms)
Command failed with ENOENT: dvc --version
spawn dvc ENOENT
[version: 1.2.29, 2025-11-27T13:56:53.682Z, pid: 77118] > /home/peaches/anaconda3/bin/python -m dvc --version - INITIALIZED
[version: 1.2.29, 2025-11-27T13:56:53.691Z, pid: 77118] > /home/peaches/anaconda3/bin/python -m dvc --version - FAILED with code 1 (15ms)
/home/peaches/anaconda3/bin/python: No module named dvc

[version: 1.2.29, 2025-11-27T13:56:53.696Z, pid: 0] > dvc --version - INITIALIZED
[version: 1.2.29, 2025-11-27T13:56:53.697Z, pid: 0] > dvc --version - FAILED (5ms)
Command failed with ENOENT: dvc --version
spawn dvc ENOENT
[version: 1.2.29, 2025-11-27T13:56:58.702Z, pid: 77122] > /home/peaches/anaconda3/bin/python -m dvc --version - INITIALIZED
[version: 1.2.29, 2025-11-27T13:56:58.712Z, pid: 77122] > /home/peaches/anaconda3/bin/python -m dvc --version - FAILED with code 1 (14ms)
/home/peaches/anaconda3/bin/python: No module named dvc

[version: 1.2.29, 2025-11-27T13:56:58.717Z, pid: 0] > dvc --version - INITIALIZED
[version: 1.2.29, 2025-11-27T13:56:58.718Z, pid: 0] > dvc --version - FAILED (5ms)
Command failed with ENOENT: dvc --version
spawn dvc ENOENT
[version: 1.2.29, 2025-11-27T13:57:03.723Z, pid: 77124] > /home/peaches/anaconda3/bin/python -m dvc --version - INITIALIZED
[version: 1.2.29, 2025-11-27T13:57:03.733Z, pid: 77124] > /home/peaches/anaconda3/bin/python -m dvc --version - FAILED with code 1 (14ms)
/home/peaches/anaconda3/bin/python: No module named dvc

[version: 1.2.29, 2025-11-27T13:57:03.737Z, pid: 0] > dvc --version - INITIALIZED
[version: 1.2.29, 2025-11-27T13:57:03.738Z, pid: 0] > dvc --version - FAILED (5ms)
Command failed with ENOENT: dvc --version
spawn dvc ENOENT
[version: 1.2.29, 2025-11-27T13:57:08.743Z, pid: 77126] > /home/peaches/anaconda3/bin/python -m dvc --version - INITIALIZED
[version: 1.2.29, 2025-11-27T13:57:08.752Z, pid: 77126] > /home/peaches/anaconda3/bin/python -m dvc --version - FAILED with code 1 (13ms)
/home/peaches/anaconda3/bin/python: No module named dvc

[version: 1.2.29, 2025-11-27T13:57:08.757Z, pid: 0] > dvc --version - INITIALIZED
[version: 1.2.29, 2025-11-27T13:57:08.758Z, pid: 0] > dvc --version - FAILED (5ms)
Command failed with ENOENT: dvc --version
spawn dvc ENOENT
[version: 1.2.29, 2025-11-27T13:57:13.763Z, pid: 77129] > /home/peaches/anaconda3/bin/python -m dvc --version - INITIALIZED
[version: 1.2.29, 2025-11-27T13:57:13.772Z, pid: 77129] > /home/peaches/anaconda3/bin/python -m dvc --version - FAILED with code 1 (14ms)
/home/peaches/anaconda3/bin/python: No module named dvc

[version: 1.2.29, 2025-11-27T13:57:13.777Z, pid: 0] > dvc --version - INITIALIZED
[version: 1.2.29, 2025-11-27T13:57:13.778Z, pid: 0] > dvc --version - FAILED (4ms)
Command failed with ENOENT: dvc --version
spawn dvc ENOENT
[version: 1.2.29, 2025-11-27T13:57:18.783Z, pid: 77131] > /home/peaches/anaconda3/bin/python -m dvc --version - INITIALIZED
[version: 1.2.29, 2025-11-27T13:57:18.793Z, pid: 77131] > /home/peaches/anaconda3/bin/python -m dvc --version - FAILED with code 1 (15ms)
/home/peaches/anaconda3/bin/python: No module named dvc

[version: 1.2.29, 2025-11-27T13:57:18.798Z, pid: 0] > dvc --version - INITIALIZED
[version: 1.2.29, 2025-11-27T13:57:18.799Z, pid: 0] > dvc --version - FAILED (5ms)
Command failed with ENOENT: dvc --version
spawn dvc ENOENT
[version: 1.2.29, 2025-11-27T13:57:23.804Z, pid: 77133] > /home/peaches/anaconda3/bin/python -m dvc --version - INITIALIZED
[version: 1.2.29, 2025-11-27T13:57:23.813Z, pid: 77133] > /home/peaches/anaconda3/bin/python -m dvc --version - FAILED with code 1 (14ms)
/home/peaches/anaconda3/bin/python: No module named dvc

[version: 1.2.29, 2025-11-27T13:57:23.818Z, pid: 0] > dvc --version - INITIALIZED
[version: 1.2.29, 2025-11-27T13:57:23.818Z, pid: 0] > dvc --version - FAILED (4ms)
Command failed with ENOENT: dvc --version
spawn dvc ENOENT
[version: 1.2.29, 2025-11-27T13:57:28.823Z, pid: 77135] > /home/peaches/anaconda3/bin/python -m dvc --version - INITIALIZED
[version: 1.2.29, 2025-11-27T13:57:28.833Z, pid: 77135] > /home/peaches/anaconda3/bin/python -m dvc --version - FAILED with code 1 (15ms)
/home/peaches/anaconda3/bin/python: No module named dvc

[version: 1.2.29, 2025-11-27T13:57:28.838Z, pid: 0] > dvc --version - INITIALIZED
[version: 1.2.29, 2025-11-27T13:57:28.838Z, pid: 0] > dvc --version - FAILED (5ms)
Command failed with ENOENT: dvc --version
spawn dvc ENOENT
[version: 1.2.29, 2025-11-27T13:57:33.844Z, pid: 77137] > /home/peaches/anaconda3/bin/python -m dvc --version - INITIALIZED
[version: 1.2.29, 2025-11-27T13:57:33.854Z, pid: 77137] > /home/peaches/anaconda3/bin/python -m dvc --version - FAILED with code 1 (16ms)
/home/peaches/anaconda3/bin/python: No module named dvc

[version: 1.2.29, 2025-11-27T13:57:33.858Z, pid: 0] > dvc --version - INITIALIZED
[version: 1.2.29, 2025-11-27T13:57:33.859Z, pid: 0] > dvc --version - FAILED (5ms)
Command failed with ENOENT: dvc --version
spawn dvc ENOENT
[version: 1.2.29, 2025-11-27T13:57:38.864Z, pid: 77139] > /home/peaches/anaconda3/bin/python -m dvc --version - INITIALIZED
[version: 1.2.29, 2025-11-27T13:57:38.873Z, pid: 77139] > /home/peaches/anaconda3/bin/python -m dvc --version - FAILED with code 1 (14ms)
/home/peaches/anaconda3/bin/python: No module named dvc

[version: 1.2.29, 2025-11-27T13:57:38.878Z, pid: 0] > dvc --version - INITIALIZED
[version: 1.2.29, 2025-11-27T13:57:38.879Z, pid: 0] > dvc --version - FAILED (5ms)
Command failed with ENOENT: dvc --version
spawn dvc ENOENT
[version: 1.2.29, 2025-11-27T13:57:43.884Z, pid: 77141] > /home/peaches/anaconda3/bin/python -m dvc --version - INITIALIZED
[version: 1.2.29, 2025-11-27T13:57:43.893Z, pid: 77141] > /home/peaches/anaconda3/bin/python -m dvc --version - FAILED with code 1 (14ms)
/home/peaches/anaconda3/bin/python: No module named dvc

[version: 1.2.29, 2025-11-27T13:57:43.898Z, pid: 0] > dvc --version - INITIALIZED
[version: 1.2.29, 2025-11-27T13:57:43.899Z, pid: 0] > dvc --version - FAILED (5ms)
Command failed with ENOENT: dvc --version
spawn dvc ENOENT
[version: 1.2.29, 2025-11-27T13:57:48.905Z, pid: 77143] > /home/peaches/anaconda3/bin/python -m dvc --version - INITIALIZED
[version: 1.2.29, 2025-11-27T13:57:48.915Z, pid: 77143] > /home/peaches/anaconda3/bin/python -m dvc --version - FAILED with code 1 (15ms)
/home/peaches/anaconda3/bin/python: No module named dvc

[version: 1.2.29, 2025-11-27T13:57:48.919Z, pid: 0] > dvc --version - INITIALIZED
[version: 1.2.29, 2025-11-27T13:57:48.920Z, pid: 0] > dvc --version - FAILED (5ms)
Command failed with ENOENT: dvc --version
spawn dvc ENOENT
[version: 1.2.29, 2025-11-27T13:57:53.926Z, pid: 77145] > /home/peaches/anaconda3/bin/python -m dvc --version - INITIALIZED
[version: 1.2.29, 2025-11-27T13:57:53.935Z, pid: 77145] > /home/peaches/anaconda3/bin/python -m dvc --version - FAILED with code 1 (14ms)
/home/peaches/anaconda3/bin/python: No module named dvc

[version: 1.2.29, 2025-11-27T13:57:53.940Z, pid: 0] > dvc --version - INITIALIZED
[version: 1.2.29, 2025-11-27T13:57:53.941Z, pid: 0] > dvc --version - FAILED (6ms)
Command failed with ENOENT: dvc --version
spawn dvc ENOENT
[version: 1.2.29, 2025-11-27T13:57:58.946Z, pid: 77149] > /home/peaches/anaconda3/bin/python -m dvc --version - INITIALIZED
[version: 1.2.29, 2025-11-27T13:57:58.956Z, pid: 77149] > /home/peaches/anaconda3/bin/python -m dvc --version - FAILED with code 1 (14ms)
/home/peaches/anaconda3/bin/python: No module named dvc

[version: 1.2.29, 2025-11-27T13:57:58.960Z, pid: 0] > dvc --version - INITIALIZED
[version: 1.2.29, 2025-11-27T13:57:58.961Z, pid: 0] > dvc --version - FAILED (5ms)
Command failed with ENOENT: dvc --version
spawn dvc ENOENT
[version: 1.2.29, 2025-11-27T13:58:03.966Z, pid: 77152] > /home/peaches/anaconda3/bin/python -m dvc --version - INITIALIZED
[version: 1.2.29, 2025-11-27T13:58:03.976Z, pid: 77152] > /home/peaches/anaconda3/bin/python -m dvc --version - FAILED with code 1 (15ms)
/home/peaches/anaconda3/bin/python: No module named dvc

[version: 1.2.29, 2025-11-27T13:58:03.981Z, pid: 0] > dvc --version - INITIALIZED
[version: 1.2.29, 2025-11-27T13:58:03.981Z, pid: 0] > dvc --version - FAILED (4ms)
Command failed with ENOENT: dvc --version
spawn dvc ENOENT
[version: 1.2.29, 2025-11-27T13:58:08.986Z, pid: 77155] > /home/peaches/anaconda3/bin/python -m dvc --version - INITIALIZED
[version: 1.2.29, 2025-11-27T13:58:08.996Z, pid: 77155] > /home/peaches/anaconda3/bin/python -m dvc --version - FAILED with code 1 (15ms)
/home/peaches/anaconda3/bin/python: No module named dvc

[version: 1.2.29, 2025-11-27T13:58:09.000Z, pid: 0] > dvc --version - INITIALIZED
[version: 1.2.29, 2025-11-27T13:58:09.001Z, pid: 0] > dvc --version - FAILED (5ms)
Command failed with ENOENT: dvc --version
spawn dvc ENOENT
[version: 1.2.29, 2025-11-27T13:58:14.006Z, pid: 77157] > /home/peaches/anaconda3/bin/python -m dvc --version - INITIALIZED
[version: 1.2.29, 2025-11-27T13:58:14.016Z, pid: 77157] > /home/peaches/anaconda3/bin/python -m dvc --version - FAILED with code 1 (15ms)
/home/peaches/anaconda3/bin/python: No module named dvc

[version: 1.2.29, 2025-11-27T13:58:14.020Z, pid: 0] > dvc --version - INITIALIZED
[version: 1.2.29, 2025-11-27T13:58:14.021Z, pid: 0] > dvc --version - FAILED (5ms)
Command failed with ENOENT: dvc --version
spawn dvc ENOENT
[version: 1.2.29, 2025-11-27T13:58:19.027Z, pid: 77159] > /home/peaches/anaconda3/bin/python -m dvc --version - INITIALIZED
[version: 1.2.29, 2025-11-27T13:58:19.036Z, pid: 77159] > /home/peaches/anaconda3/bin/python -m dvc --version - FAILED with code 1 (14ms)
/home/peaches/anaconda3/bin/python: No module named dvc

[version: 1.2.29, 2025-11-27T13:58:19.041Z, pid: 0] > dvc --version - INITIALIZED
[version: 1.2.29, 2025-11-27T13:58:19.042Z, pid: 0] > dvc --version - FAILED (5ms)
Command failed with ENOENT: dvc --version
spawn dvc ENOENT
[version: 1.2.29, 2025-11-27T13:58:24.047Z, pid: 77161] > /home/peaches/anaconda3/bin/python -m dvc --version - INITIALIZED
[version: 1.2.29, 2025-11-27T13:58:24.056Z, pid: 77161] > /home/peaches/anaconda3/bin/python -m dvc --version - FAILED with code 1 (14ms)
/home/peaches/anaconda3/bin/python: No module named dvc

[version: 1.2.29, 2025-11-27T13:58:24.061Z, pid: 0] > dvc --version - INITIALIZED
[version: 1.2.29, 2025-11-27T13:58:24.062Z, pid: 0] > dvc --version - FAILED (4ms)
Command failed with ENOENT: dvc --version
spawn dvc ENOENT
[version: 1.2.29, 2025-11-27T13:58:29.066Z, pid: 77163] > /home/peaches/anaconda3/bin/python -m dvc --version - INITIALIZED
[version: 1.2.29, 2025-11-27T13:58:29.076Z, pid: 77163] > /home/peaches/anaconda3/bin/python -m dvc --version - FAILED with code 1 (14ms)
/home/peaches/anaconda3/bin/python: No module named dvc

[version: 1.2.29, 2025-11-27T13:58:29.081Z, pid: 0] > dvc --version - INITIALIZED
[version: 1.2.29, 2025-11-27T13:58:29.082Z, pid: 0] > dvc --version - FAILED (5ms)
Command failed with ENOENT: dvc --version
spawn dvc ENOENT
[version: 1.2.29, 2025-11-27T13:58:34.087Z, pid: 77165] > /home/peaches/anaconda3/bin/python -m dvc --version - INITIALIZED
[version: 1.2.29, 2025-11-27T13:58:34.096Z, pid: 77165] > /home/peaches/anaconda3/bin/python -m dvc --version - FAILED with code 1 (14ms)
/home/peaches/anaconda3/bin/python: No module named dvc

[version: 1.2.29, 2025-11-27T13:58:34.101Z, pid: 0] > dvc --version - INITIALIZED
[version: 1.2.29, 2025-11-27T13:58:34.101Z, pid: 0] > dvc --version - FAILED (4ms)
Command failed with ENOENT: dvc --version
spawn dvc ENOENT
[version: 1.2.29, 2025-11-27T13:58:39.106Z, pid: 77167] > /home/peaches/anaconda3/bin/python -m dvc --version - INITIALIZED
[version: 1.2.29, 2025-11-27T13:58:39.116Z, pid: 77167] > /home/peaches/anaconda3/bin/python -m dvc --version - FAILED with code 1 (15ms)
/home/peaches/anaconda3/bin/python: No module named dvc

[version: 1.2.29, 2025-11-27T13:58:39.120Z, pid: 0] > dvc --version - INITIALIZED
[version: 1.2.29, 2025-11-27T13:58:39.121Z, pid: 0] > dvc --version - FAILED (5ms)
Command failed with ENOENT: dvc --version
spawn dvc ENOENT
[version: 1.2.29, 2025-11-27T13:58:44.127Z, pid: 77170] > /home/peaches/anaconda3/bin/python -m dvc --version - INITIALIZED
[version: 1.2.29, 2025-11-27T13:58:44.136Z, pid: 77170] > /home/peaches/anaconda3/bin/python -m dvc --version - FAILED with code 1 (15ms)
/home/peaches/anaconda3/bin/python: No module named dvc

[version: 1.2.29, 2025-11-27T13:58:44.140Z, pid: 0] > dvc --version - INITIALIZED
[version: 1.2.29, 2025-11-27T13:58:44.141Z, pid: 0] > dvc --version - FAILED (5ms)
Command failed with ENOENT: dvc --version
spawn dvc ENOENT
[version: 1.2.29, 2025-11-27T13:58:49.148Z, pid: 77172] > /home/peaches/anaconda3/bin/python -m dvc --version - INITIALIZED
[version: 1.2.29, 2025-11-27T13:58:49.157Z, pid: 77172] > /home/peaches/anaconda3/bin/python -m dvc --version - FAILED with code 1 (16ms)
/home/peaches/anaconda3/bin/python: No module named dvc

[version: 1.2.29, 2025-11-27T13:58:49.161Z, pid: 0] > dvc --version - INITIALIZED
[version: 1.2.29, 2025-11-27T13:58:49.162Z, pid: 0] > dvc --version - FAILED (5ms)
Command failed with ENOENT: dvc --version
spawn dvc ENOENT
[version: 1.2.29, 2025-11-27T13:58:54.168Z, pid: 77174] > /home/peaches/anaconda3/bin/python -m dvc --version - INITIALIZED
[version: 1.2.29, 2025-11-27T13:58:54.177Z, pid: 77174] > /home/peaches/anaconda3/bin/python -m dvc --version - FAILED with code 1 (14ms)
/home/peaches/anaconda3/bin/python: No module named dvc

[version: 1.2.29, 2025-11-27T13:58:54.181Z, pid: 0] > dvc --version - INITIALIZED
[version: 1.2.29, 2025-11-27T13:58:54.182Z, pid: 0] > dvc --version - FAILED (5ms)
Command failed with ENOENT: dvc --version
spawn dvc ENOENT
[version: 1.2.29, 2025-11-27T13:58:59.187Z, pid: 77178] > /home/peaches/anaconda3/bin/python -m dvc --version - INITIALIZED
[version: 1.2.29, 2025-11-27T13:58:59.196Z, pid: 77178] > /home/peaches/anaconda3/bin/python -m dvc --version - FAILED with code 1 (13ms)
/home/peaches/anaconda3/bin/python: No module named dvc

[version: 1.2.29, 2025-11-27T13:58:59.201Z, pid: 0] > dvc --version - INITIALIZED
[version: 1.2.29, 2025-11-27T13:58:59.201Z, pid: 0] > dvc --version - FAILED (4ms)
Command failed with ENOENT: dvc --version
spawn dvc ENOENT
[version: 1.2.29, 2025-11-27T13:59:04.206Z, pid: 77180] > /home/peaches/anaconda3/bin/python -m dvc --version - INITIALIZED
[version: 1.2.29, 2025-11-27T13:59:04.216Z, pid: 77180] > /home/peaches/anaconda3/bin/python -m dvc --version - FAILED with code 1 (15ms)
/home/peaches/anaconda3/bin/python: No module named dvc

[version: 1.2.29, 2025-11-27T13:59:04.220Z, pid: 0] > dvc --version - INITIALIZED
[version: 1.2.29, 2025-11-27T13:59:04.221Z, pid: 0] > dvc --version - FAILED (5ms)
Command failed with ENOENT: dvc --version
spawn dvc ENOENT
[version: 1.2.29, 2025-11-27T13:59:09.227Z, pid: 77182] > /home/peaches/anaconda3/bin/python -m dvc --version - INITIALIZED
[version: 1.2.29, 2025-11-27T13:59:09.237Z, pid: 77182] > /home/peaches/anaconda3/bin/python -m dvc --version - FAILED with code 1 (15ms)
/home/peaches/anaconda3/bin/python: No module named dvc

[version: 1.2.29, 2025-11-27T13:59:09.241Z, pid: 0] > dvc --version - INITIALIZED
[version: 1.2.29, 2025-11-27T13:59:09.242Z, pid: 0] > dvc --version - FAILED (5ms)
Command failed with ENOENT: dvc --version
spawn dvc ENOENT
[version: 1.2.29, 2025-11-27T13:59:14.248Z, pid: 77184] > /home/peaches/anaconda3/bin/python -m dvc --version - INITIALIZED
[version: 1.2.29, 2025-11-27T13:59:14.258Z, pid: 77184] > /home/peaches/anaconda3/bin/python -m dvc --version - FAILED with code 1 (15ms)
/home/peaches/anaconda3/bin/python: No module named dvc

[version: 1.2.29, 2025-11-27T13:59:14.262Z, pid: 0] > dvc --version - INITIALIZED
[version: 1.2.29, 2025-11-27T13:59:14.263Z, pid: 0] > dvc --version - FAILED (5ms)
Command failed with ENOENT: dvc --version
spawn dvc ENOENT
[version: 1.2.29, 2025-11-27T13:59:19.268Z, pid: 77186] > /home/peaches/anaconda3/bin/python -m dvc --version - INITIALIZED
[version: 1.2.29, 2025-11-27T13:59:19.278Z, pid: 77186] > /home/peaches/anaconda3/bin/python -m dvc --version - FAILED with code 1 (14ms)
/home/peaches/anaconda3/bin/python: No module named dvc

[version: 1.2.29, 2025-11-27T13:59:19.282Z, pid: 0] > dvc --version - INITIALIZED
[version: 1.2.29, 2025-11-27T13:59:19.283Z, pid: 0] > dvc --version - FAILED (5ms)
Command failed with ENOENT: dvc --version
spawn dvc ENOENT
[version: 1.2.29, 2025-11-27T13:59:24.290Z, pid: 77188] > /home/peaches/anaconda3/bin/python -m dvc --version - INITIALIZED
[version: 1.2.29, 2025-11-27T13:59:24.299Z, pid: 77188] > /home/peaches/anaconda3/bin/python -m dvc --version - FAILED with code 1 (15ms)
/home/peaches/anaconda3/bin/python: No module named dvc

[version: 1.2.29, 2025-11-27T13:59:24.304Z, pid: 0] > dvc --version - INITIALIZED
[version: 1.2.29, 2025-11-27T13:59:24.305Z, pid: 0] > dvc --version - FAILED (5ms)
Command failed with ENOENT: dvc --version
spawn dvc ENOENT
[version: 1.2.29, 2025-11-27T13:59:29.311Z, pid: 77190] > /home/peaches/anaconda3/bin/python -m dvc --version - INITIALIZED
[version: 1.2.29, 2025-11-27T13:59:29.320Z, pid: 77190] > /home/peaches/anaconda3/bin/python -m dvc --version - FAILED with code 1 (14ms)
/home/peaches/anaconda3/bin/python: No module named dvc

[version: 1.2.29, 2025-11-27T13:59:29.325Z, pid: 0] > dvc --version - INITIALIZED
[version: 1.2.29, 2025-11-27T13:59:29.326Z, pid: 0] > dvc --version - FAILED (5ms)
Command failed with ENOENT: dvc --version
spawn dvc ENOENT
[version: 1.2.29, 2025-11-27T13:59:34.333Z, pid: 77192] > /home/peaches/anaconda3/bin/python -m dvc --version - INITIALIZED
[version: 1.2.29, 2025-11-27T13:59:34.342Z, pid: 77192] > /home/peaches/anaconda3/bin/python -m dvc --version - FAILED with code 1 (15ms)
/home/peaches/anaconda3/bin/python: No module named dvc

[version: 1.2.29, 2025-11-27T13:59:34.347Z, pid: 0] > dvc --version - INITIALIZED
[version: 1.2.29, 2025-11-27T13:59:34.347Z, pid: 0] > dvc --version - FAILED (5ms)
Command failed with ENOENT: dvc --version
spawn dvc ENOENT
[version: 1.2.29, 2025-11-27T13:59:39.353Z, pid: 77196] > /home/peaches/anaconda3/bin/python -m dvc --version - INITIALIZED
[version: 1.2.29, 2025-11-27T13:59:39.362Z, pid: 77196] > /home/peaches/anaconda3/bin/python -m dvc --version - FAILED with code 1 (14ms)
/home/peaches/anaconda3/bin/python: No module named dvc

[version: 1.2.29, 2025-11-27T13:59:39.366Z, pid: 0] > dvc --version - INITIALIZED
[version: 1.2.29, 2025-11-27T13:59:39.367Z, pid: 0] > dvc --version - FAILED (5ms)
Command failed with ENOENT: dvc --version
spawn dvc ENOENT
[version: 1.2.29, 2025-11-27T13:59:44.373Z, pid: 77199] > /home/peaches/anaconda3/bin/python -m dvc --version - INITIALIZED
[version: 1.2.29, 2025-11-27T13:59:44.382Z, pid: 77199] > /home/peaches/anaconda3/bin/python -m dvc --version - FAILED with code 1 (14ms)
/home/peaches/anaconda3/bin/python: No module named dvc

[version: 1.2.29, 2025-11-27T13:59:44.387Z, pid: 0] > dvc --version - INITIALIZED
[version: 1.2.29, 2025-11-27T13:59:44.388Z, pid: 0] > dvc --version - FAILED (4ms)
Command failed with ENOENT: dvc --version
spawn dvc ENOENT
[version: 1.2.29, 2025-11-27T13:59:49.393Z, pid: 77201] > /home/peaches/anaconda3/bin/python -m dvc --version - INITIALIZED
[version: 1.2.29, 2025-11-27T13:59:49.403Z, pid: 77201] > /home/peaches/anaconda3/bin/python -m dvc --version - FAILED with code 1 (15ms)
/home/peaches/anaconda3/bin/python: No module named dvc

[version: 1.2.29, 2025-11-27T13:59:49.408Z, pid: 0] > dvc --version - INITIALIZED
[version: 1.2.29, 2025-11-27T13:59:49.408Z, pid: 0] > dvc --version - FAILED (5ms)
Command failed with ENOENT: dvc --version
spawn dvc ENOENT
[version: 1.2.29, 2025-11-27T13:59:54.414Z, pid: 77205] > /home/peaches/anaconda3/bin/python -m dvc --version - INITIALIZED
[version: 1.2.29, 2025-11-27T13:59:54.424Z, pid: 77205] > /home/peaches/anaconda3/bin/python -m dvc --version - FAILED with code 1 (15ms)
/home/peaches/anaconda3/bin/python: No module named dvc

[version: 1.2.29, 2025-11-27T13:59:54.429Z, pid: 0] > dvc --version - INITIALIZED
[version: 1.2.29, 2025-11-27T13:59:54.429Z, pid: 0] > dvc --version - FAILED (4ms)
Command failed with ENOENT: dvc --version
spawn dvc ENOENT
[version: 1.2.29, 2025-11-27T13:59:59.436Z, pid: 77207] > /home/peaches/anaconda3/bin/python -m dvc --version - INITIALIZED
[version: 1.2.29, 2025-11-27T13:59:59.446Z, pid: 77207] > /home/peaches/anaconda3/bin/python -m dvc --version - FAILED with code 1 (16ms)
/home/peaches/anaconda3/bin/python: No module named dvc

[version: 1.2.29, 2025-11-27T13:59:59.451Z, pid: 0] > dvc --version - INITIALIZED
[version: 1.2.29, 2025-11-27T13:59:59.452Z, pid: 0] > dvc --version - FAILED (5ms)
Command failed with ENOENT: dvc --version
spawn dvc ENOENT
[version: 1.2.29, 2025-11-27T14:00:04.457Z, pid: 77209] > /home/peaches/anaconda3/bin/python -m dvc --version - INITIALIZED
[version: 1.2.29, 2025-11-27T14:00:04.466Z, pid: 77209] > /home/peaches/anaconda3/bin/python -m dvc --version - FAILED with code 1 (13ms)
/home/peaches/anaconda3/bin/python: No module named dvc

[version: 1.2.29, 2025-11-27T14:00:04.471Z, pid: 0] > dvc --version - INITIALIZED
[version: 1.2.29, 2025-11-27T14:00:04.472Z, pid: 0] > dvc --version - FAILED (4ms)
Command failed with ENOENT: dvc --version
spawn dvc ENOENT
[version: 1.2.29, 2025-11-27T14:00:09.479Z, pid: 77211] > /home/peaches/anaconda3/bin/python -m dvc --version - INITIALIZED
[version: 1.2.29, 2025-11-27T14:00:09.489Z, pid: 77211] > /home/peaches/anaconda3/bin/python -m dvc --version - FAILED with code 1 (16ms)
/home/peaches/anaconda3/bin/python: No module named dvc

[version: 1.2.29, 2025-11-27T14:00:09.493Z, pid: 0] > dvc --version - INITIALIZED
[version: 1.2.29, 2025-11-27T14:00:09.494Z, pid: 0] > dvc --version - FAILED (4ms)
Command failed with ENOENT: dvc --version
spawn dvc ENOENT
[version: 1.2.29, 2025-11-27T14:00:14.500Z, pid: 77213] > /home/peaches/anaconda3/bin/python -m dvc --version - INITIALIZED
[version: 1.2.29, 2025-11-27T14:00:14.510Z, pid: 77213] > /home/peaches/anaconda3/bin/python -m dvc --version - FAILED with code 1 (16ms)
/home/peaches/anaconda3/bin/python: No module named dvc

[version: 1.2.29, 2025-11-27T14:00:14.514Z, pid: 0] > dvc --version - INITIALIZED
[version: 1.2.29, 2025-11-27T14:00:14.515Z, pid: 0] > dvc --version - FAILED (5ms)
Command failed with ENOENT: dvc --version
spawn dvc ENOENT
[version: 1.2.29, 2025-11-27T14:00:19.520Z, pid: 77215] > /home/peaches/anaconda3/bin/python -m dvc --version - INITIALIZED
[version: 1.2.29, 2025-11-27T14:00:19.529Z, pid: 77215] > /home/peaches/anaconda3/bin/python -m dvc --version - FAILED with code 1 (14ms)
/home/peaches/anaconda3/bin/python: No module named dvc

[version: 1.2.29, 2025-11-27T14:00:19.534Z, pid: 0] > dvc --version - INITIALIZED
[version: 1.2.29, 2025-11-27T14:00:19.535Z, pid: 0] > dvc --version - FAILED (4ms)
Command failed with ENOENT: dvc --version
spawn dvc ENOENT
[version: 1.2.29, 2025-11-27T14:00:24.541Z, pid: 77218] > /home/peaches/anaconda3/bin/python -m dvc --version - INITIALIZED
[version: 1.2.29, 2025-11-27T14:00:24.551Z, pid: 77218] > /home/peaches/anaconda3/bin/python -m dvc --version - FAILED with code 1 (16ms)
/home/peaches/anaconda3/bin/python: No module named dvc

[version: 1.2.29, 2025-11-27T14:00:24.555Z, pid: 0] > dvc --version - INITIALIZED
[version: 1.2.29, 2025-11-27T14:00:24.556Z, pid: 0] > dvc --version - FAILED (5ms)
Command failed with ENOENT: dvc --version
spawn dvc ENOENT
[version: 1.2.29, 2025-11-27T14:00:29.561Z, pid: 77220] > /home/peaches/anaconda3/bin/python -m dvc --version - INITIALIZED
[version: 1.2.29, 2025-11-27T14:00:29.571Z, pid: 77220] > /home/peaches/anaconda3/bin/python -m dvc --version - FAILED with code 1 (15ms)
/home/peaches/anaconda3/bin/python: No module named dvc

[version: 1.2.29, 2025-11-27T14:00:29.575Z, pid: 0] > dvc --version - INITIALIZED
[version: 1.2.29, 2025-11-27T14:00:29.576Z, pid: 0] > dvc --version - FAILED (5ms)
Command failed with ENOENT: dvc --version
spawn dvc ENOENT
[version: 1.2.29, 2025-11-27T14:00:34.583Z, pid: 77222] > /home/peaches/anaconda3/bin/python -m dvc --version - INITIALIZED
[version: 1.2.29, 2025-11-27T14:00:34.592Z, pid: 77222] > /home/peaches/anaconda3/bin/python -m dvc --version - FAILED with code 1 (15ms)
/home/peaches/anaconda3/bin/python: No module named dvc

[version: 1.2.29, 2025-11-27T14:00:34.598Z, pid: 0] > dvc --version - INITIALIZED
[version: 1.2.29, 2025-11-27T14:00:34.599Z, pid: 0] > dvc --version - FAILED (7ms)
Command failed with ENOENT: dvc --version
spawn dvc ENOENT
[version: 1.2.29, 2025-11-27T14:00:39.604Z, pid: 77225] > /home/peaches/anaconda3/bin/python -m dvc --version - INITIALIZED
[version: 1.2.29, 2025-11-27T14:00:39.614Z, pid: 77225] > /home/peaches/anaconda3/bin/python -m dvc --version - FAILED with code 1 (14ms)
/home/peaches/anaconda3/bin/python: No module named dvc

[version: 1.2.29, 2025-11-27T14:00:39.619Z, pid: 0] > dvc --version - INITIALIZED
[version: 1.2.29, 2025-11-27T14:00:39.620Z, pid: 0] > dvc --version - FAILED (4ms)
Command failed with ENOENT: dvc --version
spawn dvc ENOENT
[version: 1.2.29, 2025-11-27T14:00:44.626Z, pid: 77227] > /home/peaches/anaconda3/bin/python -m dvc --version - INITIALIZED
[version: 1.2.29, 2025-11-27T14:00:44.637Z, pid: 77227] > /home/peaches/anaconda3/bin/python -m dvc --version - FAILED with code 1 (16ms)
/home/peaches/anaconda3/bin/python: No module named dvc

[version: 1.2.29, 2025-11-27T14:00:44.641Z, pid: 0] > dvc --version - INITIALIZED
[version: 1.2.29, 2025-11-27T14:00:44.642Z, pid: 0] > dvc --version - FAILED (5ms)
Command failed with ENOENT: dvc --version
spawn dvc ENOENT
[version: 1.2.29, 2025-11-27T14:00:49.647Z, pid: 77229] > /home/peaches/anaconda3/bin/python -m dvc --version - INITIALIZED
[version: 1.2.29, 2025-11-27T14:00:49.657Z, pid: 77229] > /home/peaches/anaconda3/bin/python -m dvc --version - FAILED with code 1 (15ms)
/home/peaches/anaconda3/bin/python: No module named dvc

[version: 1.2.29, 2025-11-27T14:00:49.662Z, pid: 0] > dvc --version - INITIALIZED
[version: 1.2.29, 2025-11-27T14:00:49.663Z, pid: 0] > dvc --version - FAILED (5ms)
Command failed with ENOENT: dvc --version
spawn dvc ENOENT
[version: 1.2.29, 2025-11-27T14:00:54.670Z, pid: 77233] > /home/peaches/anaconda3/bin/python -m dvc --version - INITIALIZED
[version: 1.2.29, 2025-11-27T14:00:54.680Z, pid: 77233] > /home/peaches/anaconda3/bin/python -m dvc --version - FAILED with code 1 (16ms)
/home/peaches/anaconda3/bin/python: No module named dvc

[version: 1.2.29, 2025-11-27T14:00:54.684Z, pid: 0] > dvc --version - INITIALIZED
[version: 1.2.29, 2025-11-27T14:00:54.685Z, pid: 0] > dvc --version - FAILED (5ms)
Command failed with ENOENT: dvc --version
spawn dvc ENOENT
[version: 1.2.29, 2025-11-27T14:00:59.691Z, pid: 77235] > /home/peaches/anaconda3/bin/python -m dvc --version - INITIALIZED
[version: 1.2.29, 2025-11-27T14:00:59.701Z, pid: 77235] > /home/peaches/anaconda3/bin/python -m dvc --version - FAILED with code 1 (15ms)
/home/peaches/anaconda3/bin/python: No module named dvc

[version: 1.2.29, 2025-11-27T14:00:59.706Z, pid: 0] > dvc --version - INITIALIZED
[version: 1.2.29, 2025-11-27T14:00:59.707Z, pid: 0] > dvc --version - FAILED (5ms)
Command failed with ENOENT: dvc --version
spawn dvc ENOENT
[version: 1.2.29, 2025-11-27T14:01:04.713Z, pid: 77237] > /home/peaches/anaconda3/bin/python -m dvc --version - INITIALIZED
[version: 1.2.29, 2025-11-27T14:01:04.722Z, pid: 77237] > /home/peaches/anaconda3/bin/python -m dvc --version - FAILED with code 1 (15ms)
/home/peaches/anaconda3/bin/python: No module named dvc

[version: 1.2.29, 2025-11-27T14:01:04.726Z, pid: 0] > dvc --version - INITIALIZED
[version: 1.2.29, 2025-11-27T14:01:04.727Z, pid: 0] > dvc --version - FAILED (5ms)
Command failed with ENOENT: dvc --version
spawn dvc ENOENT
[version: 1.2.29, 2025-11-27T14:01:09.732Z, pid: 77239] > /home/peaches/anaconda3/bin/python -m dvc --version - INITIALIZED
[version: 1.2.29, 2025-11-27T14:01:09.741Z, pid: 77239] > /home/peaches/anaconda3/bin/python -m dvc --version - FAILED with code 1 (13ms)
/home/peaches/anaconda3/bin/python: No module named dvc

[version: 1.2.29, 2025-11-27T14:01:09.746Z, pid: 0] > dvc --version - INITIALIZED
[version: 1.2.29, 2025-11-27T14:01:09.747Z, pid: 0] > dvc --version - FAILED (4ms)
Command failed with ENOENT: dvc --version
spawn dvc ENOENT
[version: 1.2.29, 2025-11-27T14:01:14.751Z, pid: 77241] > /home/peaches/anaconda3/bin/python -m dvc --version - INITIALIZED
[version: 1.2.29, 2025-11-27T14:01:14.760Z, pid: 77241] > /home/peaches/anaconda3/bin/python -m dvc --version - FAILED with code 1 (14ms)
/home/peaches/anaconda3/bin/python: No module named dvc

[version: 1.2.29, 2025-11-27T14:01:14.765Z, pid: 0] > dvc --version - INITIALIZED
[version: 1.2.29, 2025-11-27T14:01:14.765Z, pid: 0] > dvc --version - FAILED (4ms)
Command failed with ENOENT: dvc --version
spawn dvc ENOENT
[version: 1.2.29, 2025-11-27T14:01:19.771Z, pid: 77243] > /home/peaches/anaconda3/bin/python -m dvc --version - INITIALIZED
[version: 1.2.29, 2025-11-27T14:01:19.781Z, pid: 77243] > /home/peaches/anaconda3/bin/python -m dvc --version - FAILED with code 1 (15ms)
/home/peaches/anaconda3/bin/python: No module named dvc

[version: 1.2.29, 2025-11-27T14:01:19.785Z, pid: 0] > dvc --version - INITIALIZED
[version: 1.2.29, 2025-11-27T14:01:19.786Z, pid: 0] > dvc --version - FAILED (5ms)
Command failed with ENOENT: dvc --version
spawn dvc ENOENT
[version: 1.2.29, 2025-11-27T14:01:24.791Z, pid: 77245] > /home/peaches/anaconda3/bin/python -m dvc --version - INITIALIZED
[version: 1.2.29, 2025-11-27T14:01:24.800Z, pid: 77245] > /home/peaches/anaconda3/bin/python -m dvc --version - FAILED with code 1 (14ms)
/home/peaches/anaconda3/bin/python: No module named dvc

[version: 1.2.29, 2025-11-27T14:01:24.805Z, pid: 0] > dvc --version - INITIALIZED
[version: 1.2.29, 2025-11-27T14:01:24.806Z, pid: 0] > dvc --version - FAILED (5ms)
Command failed with ENOENT: dvc --version
spawn dvc ENOENT
[version: 1.2.29, 2025-11-27T14:01:29.812Z, pid: 77247] > /home/peaches/anaconda3/bin/python -m dvc --version - INITIALIZED
[version: 1.2.29, 2025-11-27T14:01:29.821Z, pid: 77247] > /home/peaches/anaconda3/bin/python -m dvc --version - FAILED with code 1 (14ms)
/home/peaches/anaconda3/bin/python: No module named dvc

[version: 1.2.29, 2025-11-27T14:01:29.826Z, pid: 0] > dvc --version - INITIALIZED
[version: 1.2.29, 2025-11-27T14:01:29.827Z, pid: 0] > dvc --version - FAILED (5ms)
Command failed with ENOENT: dvc --version
spawn dvc ENOENT
[version: 1.2.29, 2025-11-27T14:01:34.833Z, pid: 77249] > /home/peaches/anaconda3/bin/python -m dvc --version - INITIALIZED
[version: 1.2.29, 2025-11-27T14:01:34.842Z, pid: 77249] > /home/peaches/anaconda3/bin/python -m dvc --version - FAILED with code 1 (14ms)
/home/peaches/anaconda3/bin/python: No module named dvc

[version: 1.2.29, 2025-11-27T14:01:34.847Z, pid: 0] > dvc --version - INITIALIZED
[version: 1.2.29, 2025-11-27T14:01:34.848Z, pid: 0] > dvc --version - FAILED (5ms)
Command failed with ENOENT: dvc --version
spawn dvc ENOENT
[version: 1.2.29, 2025-11-27T14:01:39.854Z, pid: 77251] > /home/peaches/anaconda3/bin/python -m dvc --version - INITIALIZED
[version: 1.2.29, 2025-11-27T14:01:39.864Z, pid: 77251] > /home/peaches/anaconda3/bin/python -m dvc --version - FAILED with code 1 (16ms)
/home/peaches/anaconda3/bin/python: No module named dvc

[version: 1.2.29, 2025-11-27T14:01:39.868Z, pid: 0] > dvc --version - INITIALIZED
[version: 1.2.29, 2025-11-27T14:01:39.869Z, pid: 0] > dvc --version - FAILED (5ms)
Command failed with ENOENT: dvc --version
spawn dvc ENOENT
[version: 1.2.29, 2025-11-27T14:01:44.875Z, pid: 77253] > /home/peaches/anaconda3/bin/python -m dvc --version - INITIALIZED
[version: 1.2.29, 2025-11-27T14:01:44.884Z, pid: 77253] > /home/peaches/anaconda3/bin/python -m dvc --version - FAILED with code 1 (15ms)
/home/peaches/anaconda3/bin/python: No module named dvc

[version: 1.2.29, 2025-11-27T14:01:44.889Z, pid: 0] > dvc --version - INITIALIZED
[version: 1.2.29, 2025-11-27T14:01:44.890Z, pid: 0] > dvc --version - FAILED (5ms)
Command failed with ENOENT: dvc --version
spawn dvc ENOENT
[version: 1.2.29, 2025-11-27T14:01:49.896Z, pid: 77256] > /home/peaches/anaconda3/bin/python -m dvc --version - INITIALIZED
[version: 1.2.29, 2025-11-27T14:01:49.906Z, pid: 77256] > /home/peaches/anaconda3/bin/python -m dvc --version - FAILED with code 1 (16ms)
/home/peaches/anaconda3/bin/python: No module named dvc

[version: 1.2.29, 2025-11-27T14:01:49.910Z, pid: 0] > dvc --version - INITIALIZED
[version: 1.2.29, 2025-11-27T14:01:49.911Z, pid: 0] > dvc --version - FAILED (5ms)
Command failed with ENOENT: dvc --version
spawn dvc ENOENT
[version: 1.2.29, 2025-11-27T14:01:54.917Z, pid: 77260] > /home/peaches/anaconda3/bin/python -m dvc --version - INITIALIZED
[version: 1.2.29, 2025-11-27T14:01:54.926Z, pid: 77260] > /home/peaches/anaconda3/bin/python -m dvc --version - FAILED with code 1 (14ms)
/home/peaches/anaconda3/bin/python: No module named dvc

[version: 1.2.29, 2025-11-27T14:01:54.931Z, pid: 0] > dvc --version - INITIALIZED
[version: 1.2.29, 2025-11-27T14:01:54.932Z, pid: 0] > dvc --version - FAILED (6ms)
Command failed with ENOENT: dvc --version
spawn dvc ENOENT
[version: 1.2.29, 2025-11-27T14:01:59.938Z, pid: 77262] > /home/peaches/anaconda3/bin/python -m dvc --version - INITIALIZED
[version: 1.2.29, 2025-11-27T14:01:59.947Z, pid: 77262] > /home/peaches/anaconda3/bin/python -m dvc --version - FAILED with code 1 (14ms)
/home/peaches/anaconda3/bin/python: No module named dvc

[version: 1.2.29, 2025-11-27T14:01:59.951Z, pid: 0] > dvc --version - INITIALIZED
[version: 1.2.29, 2025-11-27T14:01:59.952Z, pid: 0] > dvc --version - FAILED (4ms)
Command failed with ENOENT: dvc --version
spawn dvc ENOENT
[version: 1.2.29, 2025-11-27T14:02:04.957Z, pid: 77264] > /home/peaches/anaconda3/bin/python -m dvc --version - INITIALIZED
[version: 1.2.29, 2025-11-27T14:02:04.967Z, pid: 77264] > /home/peaches/anaconda3/bin/python -m dvc --version - FAILED with code 1 (15ms)
/home/peaches/anaconda3/bin/python: No module named dvc

[version: 1.2.29, 2025-11-27T14:02:04.971Z, pid: 0] > dvc --version - INITIALIZED
[version: 1.2.29, 2025-11-27T14:02:04.972Z, pid: 0] > dvc --version - FAILED (5ms)
Command failed with ENOENT: dvc --version
spawn dvc ENOENT
[version: 1.2.29, 2025-11-27T14:02:09.978Z, pid: 77266] > /home/peaches/anaconda3/bin/python -m dvc --version - INITIALIZED
[version: 1.2.29, 2025-11-27T14:02:09.988Z, pid: 77266] > /home/peaches/anaconda3/bin/python -m dvc --version - FAILED with code 1 (14ms)
/home/peaches/anaconda3/bin/python: No module named dvc

[version: 1.2.29, 2025-11-27T14:02:09.992Z, pid: 0] > dvc --version - INITIALIZED
[version: 1.2.29, 2025-11-27T14:02:09.993Z, pid: 0] > dvc --version - FAILED (5ms)
Command failed with ENOENT: dvc --version
spawn dvc ENOENT
[version: 1.2.29, 2025-11-27T14:02:14.998Z, pid: 77269] > /home/peaches/anaconda3/bin/python -m dvc --version - INITIALIZED
[version: 1.2.29, 2025-11-27T14:02:15.007Z, pid: 77269] > /home/peaches/anaconda3/bin/python -m dvc --version - FAILED with code 1 (13ms)
/home/peaches/anaconda3/bin/python: No module named dvc

[version: 1.2.29, 2025-11-27T14:02:15.012Z, pid: 0] > dvc --version - INITIALIZED
[version: 1.2.29, 2025-11-27T14:02:15.013Z, pid: 0] > dvc --version - FAILED (4ms)
Command failed with ENOENT: dvc --version
spawn dvc ENOENT
[version: 1.2.29, 2025-11-27T14:02:20.018Z, pid: 77271] > /home/peaches/anaconda3/bin/python -m dvc --version - INITIALIZED
[version: 1.2.29, 2025-11-27T14:02:20.027Z, pid: 77271] > /home/peaches/anaconda3/bin/python -m dvc --version - FAILED with code 1 (14ms)
/home/peaches/anaconda3/bin/python: No module named dvc

[version: 1.2.29, 2025-11-27T14:02:20.032Z, pid: 0] > dvc --version - INITIALIZED
[version: 1.2.29, 2025-11-27T14:02:20.033Z, pid: 0] > dvc --version - FAILED (5ms)
Command failed with ENOENT: dvc --version
spawn dvc ENOENT
[version: 1.2.29, 2025-11-27T14:02:25.040Z, pid: 77273] > /home/peaches/anaconda3/bin/python -m dvc --version - INITIALIZED
[version: 1.2.29, 2025-11-27T14:02:25.049Z, pid: 77273] > /home/peaches/anaconda3/bin/python -m dvc --version - FAILED with code 1 (15ms)
/home/peaches/anaconda3/bin/python: No module named dvc

[version: 1.2.29, 2025-11-27T14:02:25.053Z, pid: 0] > dvc --version - INITIALIZED
[version: 1.2.29, 2025-11-27T14:02:25.054Z, pid: 0] > dvc --version - FAILED (5ms)
Command failed with ENOENT: dvc --version
spawn dvc ENOENT
[version: 1.2.29, 2025-11-27T14:02:30.059Z, pid: 77275] > /home/peaches/anaconda3/bin/python -m dvc --version - INITIALIZED
[version: 1.2.29, 2025-11-27T14:02:30.069Z, pid: 77275] > /home/peaches/anaconda3/bin/python -m dvc --version - FAILED with code 1 (14ms)
/home/peaches/anaconda3/bin/python: No module named dvc

[version: 1.2.29, 2025-11-27T14:02:30.073Z, pid: 0] > dvc --version - INITIALIZED
[version: 1.2.29, 2025-11-27T14:02:30.074Z, pid: 0] > dvc --version - FAILED (5ms)
Command failed with ENOENT: dvc --version
spawn dvc ENOENT
[version: 1.2.29, 2025-11-27T14:02:35.081Z, pid: 77277] > /home/peaches/anaconda3/bin/python -m dvc --version - INITIALIZED
[version: 1.2.29, 2025-11-27T14:02:35.090Z, pid: 77277] > /home/peaches/anaconda3/bin/python -m dvc --version - FAILED with code 1 (15ms)
/home/peaches/anaconda3/bin/python: No module named dvc

[version: 1.2.29, 2025-11-27T14:02:35.095Z, pid: 0] > dvc --version - INITIALIZED
[version: 1.2.29, 2025-11-27T14:02:35.096Z, pid: 0] > dvc --version - FAILED (5ms)
Command failed with ENOENT: dvc --version
spawn dvc ENOENT
[version: 1.2.29, 2025-11-27T14:02:40.102Z, pid: 77280] > /home/peaches/anaconda3/bin/python -m dvc --version - INITIALIZED
[version: 1.2.29, 2025-11-27T14:02:40.111Z, pid: 77280] > /home/peaches/anaconda3/bin/python -m dvc --version - FAILED with code 1 (15ms)
/home/peaches/anaconda3/bin/python: No module named dvc

[version: 1.2.29, 2025-11-27T14:02:40.116Z, pid: 0] > dvc --version - INITIALIZED
[version: 1.2.29, 2025-11-27T14:02:40.117Z, pid: 0] > dvc --version - FAILED (5ms)
Command failed with ENOENT: dvc --version
spawn dvc ENOENT
[version: 1.2.29, 2025-11-27T14:02:45.122Z, pid: 77282] > /home/peaches/anaconda3/bin/python -m dvc --version - INITIALIZED
[version: 1.2.29, 2025-11-27T14:02:45.131Z, pid: 77282] > /home/peaches/anaconda3/bin/python -m dvc --version - FAILED with code 1 (13ms)
/home/peaches/anaconda3/bin/python: No module named dvc

[version: 1.2.29, 2025-11-27T14:02:45.136Z, pid: 0] > dvc --version - INITIALIZED
[version: 1.2.29, 2025-11-27T14:02:45.137Z, pid: 0] > dvc --version - FAILED (5ms)
Command failed with ENOENT: dvc --version
spawn dvc ENOENT
[version: 1.2.29, 2025-11-27T14:02:50.142Z, pid: 77284] > /home/peaches/anaconda3/bin/python -m dvc --version - INITIALIZED
[version: 1.2.29, 2025-11-27T14:02:50.151Z, pid: 77284] > /home/peaches/anaconda3/bin/python -m dvc --version - FAILED with code 1 (14ms)
/home/peaches/anaconda3/bin/python: No module named dvc

[version: 1.2.29, 2025-11-27T14:02:50.156Z, pid: 0] > dvc --version - INITIALIZED
[version: 1.2.29, 2025-11-27T14:02:50.156Z, pid: 0] > dvc --version - FAILED (5ms)
Command failed with ENOENT: dvc --version
spawn dvc ENOENT
[version: 1.2.29, 2025-11-27T14:02:55.161Z, pid: 77288] > /home/peaches/anaconda3/bin/python -m dvc --version - INITIALIZED
[version: 1.2.29, 2025-11-27T14:02:55.171Z, pid: 77288] > /home/peaches/anaconda3/bin/python -m dvc --version - FAILED with code 1 (14ms)
/home/peaches/anaconda3/bin/python: No module named dvc

[version: 1.2.29, 2025-11-27T14:02:55.175Z, pid: 0] > dvc --version - INITIALIZED
[version: 1.2.29, 2025-11-27T14:02:55.176Z, pid: 0] > dvc --version - FAILED (5ms)
Command failed with ENOENT: dvc --version
spawn dvc ENOENT
[version: 1.2.29, 2025-11-27T14:03:00.182Z, pid: 77290] > /home/peaches/anaconda3/bin/python -m dvc --version - INITIALIZED
[version: 1.2.29, 2025-11-27T14:03:00.192Z, pid: 77290] > /home/peaches/anaconda3/bin/python -m dvc --version - FAILED with code 1 (16ms)
/home/peaches/anaconda3/bin/python: No module named dvc

[version: 1.2.29, 2025-11-27T14:03:00.197Z, pid: 0] > dvc --version - INITIALIZED
[version: 1.2.29, 2025-11-27T14:03:00.197Z, pid: 0] > dvc --version - FAILED (5ms)
Command failed with ENOENT: dvc --version
spawn dvc ENOENT
[version: 1.2.29, 2025-11-27T14:03:05.202Z, pid: 77293] > /home/peaches/anaconda3/bin/python -m dvc --version - INITIALIZED
[version: 1.2.29, 2025-11-27T14:03:05.211Z, pid: 77293] > /home/peaches/anaconda3/bin/python -m dvc --version - FAILED with code 1 (14ms)
/home/peaches/anaconda3/bin/python: No module named dvc

[version: 1.2.29, 2025-11-27T14:03:05.216Z, pid: 0] > dvc --version - INITIALIZED
[version: 1.2.29, 2025-11-27T14:03:05.217Z, pid: 0] > dvc --version - FAILED (5ms)
Command failed with ENOENT: dvc --version
spawn dvc ENOENT
[version: 1.2.29, 2025-11-27T14:03:10.223Z, pid: 77296] > /home/peaches/anaconda3/bin/python -m dvc --version - INITIALIZED
[version: 1.2.29, 2025-11-27T14:03:10.232Z, pid: 77296] > /home/peaches/anaconda3/bin/python -m dvc --version - FAILED with code 1 (15ms)
/home/peaches/anaconda3/bin/python: No module named dvc

[version: 1.2.29, 2025-11-27T14:03:10.236Z, pid: 0] > dvc --version - INITIALIZED
[version: 1.2.29, 2025-11-27T14:03:10.237Z, pid: 0] > dvc --version - FAILED (5ms)
Command failed with ENOENT: dvc --version
spawn dvc ENOENT
[version: 1.2.29, 2025-11-27T14:03:15.243Z, pid: 77298] > /home/peaches/anaconda3/bin/python -m dvc --version - INITIALIZED
[version: 1.2.29, 2025-11-27T14:03:15.252Z, pid: 77298] > /home/peaches/anaconda3/bin/python -m dvc --version - FAILED with code 1 (15ms)
/home/peaches/anaconda3/bin/python: No module named dvc

[version: 1.2.29, 2025-11-27T14:03:15.257Z, pid: 0] > dvc --version - INITIALIZED
[version: 1.2.29, 2025-11-27T14:03:15.258Z, pid: 0] > dvc --version - FAILED (5ms)
Command failed with ENOENT: dvc --version
spawn dvc ENOENT
[version: 1.2.29, 2025-11-27T14:03:20.265Z, pid: 77300] > /home/peaches/anaconda3/bin/python -m dvc --version - INITIALIZED
[version: 1.2.29, 2025-11-27T14:03:20.274Z, pid: 77300] > /home/peaches/anaconda3/bin/python -m dvc --version - FAILED with code 1 (16ms)
/home/peaches/anaconda3/bin/python: No module named dvc

[version: 1.2.29, 2025-11-27T14:03:20.279Z, pid: 0] > dvc --version - INITIALIZED
[version: 1.2.29, 2025-11-27T14:03:20.280Z, pid: 0] > dvc --version - FAILED (5ms)
Command failed with ENOENT: dvc --version
spawn dvc ENOENT
[version: 1.2.29, 2025-11-27T14:03:25.287Z, pid: 77302] > /home/peaches/anaconda3/bin/python -m dvc --version - INITIALIZED
[version: 1.2.29, 2025-11-27T14:03:25.296Z, pid: 77302] > /home/peaches/anaconda3/bin/python -m dvc --version - FAILED with code 1 (15ms)
/home/peaches/anaconda3/bin/python: No module named dvc

[version: 1.2.29, 2025-11-27T14:03:25.301Z, pid: 0] > dvc --version - INITIALIZED
[version: 1.2.29, 2025-11-27T14:03:25.302Z, pid: 0] > dvc --version - FAILED (5ms)
Command failed with ENOENT: dvc --version
spawn dvc ENOENT
[version: 1.2.29, 2025-11-27T14:03:30.307Z, pid: 77304] > /home/peaches/anaconda3/bin/python -m dvc --version - INITIALIZED
[version: 1.2.29, 2025-11-27T14:03:30.317Z, pid: 77304] > /home/peaches/anaconda3/bin/python -m dvc --version - FAILED with code 1 (14ms)
/home/peaches/anaconda3/bin/python: No module named dvc

[version: 1.2.29, 2025-11-27T14:03:30.321Z, pid: 0] > dvc --version - INITIALIZED
[version: 1.2.29, 2025-11-27T14:03:30.322Z, pid: 0] > dvc --version - FAILED (5ms)
Command failed with ENOENT: dvc --version
spawn dvc ENOENT
[version: 1.2.29, 2025-11-27T14:03:35.328Z, pid: 77306] > /home/peaches/anaconda3/bin/python -m dvc --version - INITIALIZED
[version: 1.2.29, 2025-11-27T14:03:35.337Z, pid: 77306] > /home/peaches/anaconda3/bin/python -m dvc --version - FAILED with code 1 (15ms)
/home/peaches/anaconda3/bin/python: No module named dvc

[version: 1.2.29, 2025-11-27T14:03:35.342Z, pid: 0] > dvc --version - INITIALIZED
[version: 1.2.29, 2025-11-27T14:03:35.343Z, pid: 0] > dvc --version - FAILED (5ms)
Command failed with ENOENT: dvc --version
spawn dvc ENOENT
[version: 1.2.29, 2025-11-27T14:03:40.348Z, pid: 77308] > /home/peaches/anaconda3/bin/python -m dvc --version - INITIALIZED
[version: 1.2.29, 2025-11-27T14:03:40.358Z, pid: 77308] > /home/peaches/anaconda3/bin/python -m dvc --version - FAILED with code 1 (14ms)
/home/peaches/anaconda3/bin/python: No module named dvc

[version: 1.2.29, 2025-11-27T14:03:40.362Z, pid: 0] > dvc --version - INITIALIZED
[version: 1.2.29, 2025-11-27T14:03:40.363Z, pid: 0] > dvc --version - FAILED (5ms)
Command failed with ENOENT: dvc --version
spawn dvc ENOENT
[version: 1.2.29, 2025-11-27T14:03:45.368Z, pid: 77310] > /home/peaches/anaconda3/bin/python -m dvc --version - INITIALIZED
[version: 1.2.29, 2025-11-27T14:03:45.377Z, pid: 77310] > /home/peaches/anaconda3/bin/python -m dvc --version - FAILED with code 1 (13ms)
/home/peaches/anaconda3/bin/python: No module named dvc

[version: 1.2.29, 2025-11-27T14:03:45.382Z, pid: 0] > dvc --version - INITIALIZED
[version: 1.2.29, 2025-11-27T14:03:45.383Z, pid: 0] > dvc --version - FAILED (4ms)
Command failed with ENOENT: dvc --version
spawn dvc ENOENT
[version: 1.2.29, 2025-11-27T14:03:50.388Z, pid: 77312] > /home/peaches/anaconda3/bin/python -m dvc --version - INITIALIZED
[version: 1.2.29, 2025-11-27T14:03:50.398Z, pid: 77312] > /home/peaches/anaconda3/bin/python -m dvc --version - FAILED with code 1 (15ms)
/home/peaches/anaconda3/bin/python: No module named dvc

[version: 1.2.29, 2025-11-27T14:03:50.402Z, pid: 0] > dvc --version - INITIALIZED
[version: 1.2.29, 2025-11-27T14:03:50.403Z, pid: 0] > dvc --version - FAILED (5ms)
Command failed with ENOENT: dvc --version
spawn dvc ENOENT
[version: 1.2.29, 2025-11-27T14:03:55.409Z, pid: 77317] > /home/peaches/anaconda3/bin/python -m dvc --version - INITIALIZED
[version: 1.2.29, 2025-11-27T14:03:55.419Z, pid: 77317] > /home/peaches/anaconda3/bin/python -m dvc --version - FAILED with code 1 (15ms)
/home/peaches/anaconda3/bin/python: No module named dvc

[version: 1.2.29, 2025-11-27T14:03:55.423Z, pid: 0] > dvc --version - INITIALIZED
[version: 1.2.29, 2025-11-27T14:03:55.424Z, pid: 0] > dvc --version - FAILED (5ms)
Command failed with ENOENT: dvc --version
spawn dvc ENOENT
[version: 1.2.29, 2025-11-27T14:04:00.430Z, pid: 77319] > /home/peaches/anaconda3/bin/python -m dvc --version - INITIALIZED
[version: 1.2.29, 2025-11-27T14:04:00.440Z, pid: 77319] > /home/peaches/anaconda3/bin/python -m dvc --version - FAILED with code 1 (15ms)
/home/peaches/anaconda3/bin/python: No module named dvc

[version: 1.2.29, 2025-11-27T14:04:00.444Z, pid: 0] > dvc --version - INITIALIZED
[version: 1.2.29, 2025-11-27T14:04:00.445Z, pid: 0] > dvc --version - FAILED (5ms)
Command failed with ENOENT: dvc --version
spawn dvc ENOENT
[version: 1.2.29, 2025-11-27T14:04:05.450Z, pid: 77321] > /home/peaches/anaconda3/bin/python -m dvc --version - INITIALIZED
[version: 1.2.29, 2025-11-27T14:04:05.459Z, pid: 77321] > /home/peaches/anaconda3/bin/python -m dvc --version - FAILED with code 1 (14ms)
/home/peaches/anaconda3/bin/python: No module named dvc

[version: 1.2.29, 2025-11-27T14:04:05.463Z, pid: 0] > dvc --version - INITIALIZED
[version: 1.2.29, 2025-11-27T14:04:05.464Z, pid: 0] > dvc --version - FAILED (4ms)
Command failed with ENOENT: dvc --version
spawn dvc ENOENT
[version: 1.2.29, 2025-11-27T14:04:10.470Z, pid: 77323] > /home/peaches/anaconda3/bin/python -m dvc --version - INITIALIZED
[version: 1.2.29, 2025-11-27T14:04:10.479Z, pid: 77323] > /home/peaches/anaconda3/bin/python -m dvc --version - FAILED with code 1 (14ms)
/home/peaches/anaconda3/bin/python: No module named dvc

[version: 1.2.29, 2025-11-27T14:04:10.483Z, pid: 0] > dvc --version - INITIALIZED
[version: 1.2.29, 2025-11-27T14:04:10.484Z, pid: 0] > dvc --version - FAILED (5ms)
Command failed with ENOENT: dvc --version
spawn dvc ENOENT
[version: 1.2.29, 2025-11-27T14:04:15.489Z, pid: 77325] > /home/peaches/anaconda3/bin/python -m dvc --version - INITIALIZED
[version: 1.2.29, 2025-11-27T14:04:15.499Z, pid: 77325] > /home/peaches/anaconda3/bin/python -m dvc --version - FAILED with code 1 (15ms)
/home/peaches/anaconda3/bin/python: No module named dvc

[version: 1.2.29, 2025-11-27T14:04:15.503Z, pid: 0] > dvc --version - INITIALIZED
[version: 1.2.29, 2025-11-27T14:04:15.504Z, pid: 0] > dvc --version - FAILED (4ms)
Command failed with ENOENT: dvc --version
spawn dvc ENOENT
[version: 1.2.29, 2025-11-27T14:04:20.509Z, pid: 77327] > /home/peaches/anaconda3/bin/python -m dvc --version - INITIALIZED
[version: 1.2.29, 2025-11-27T14:04:20.519Z, pid: 77327] > /home/peaches/anaconda3/bin/python -m dvc --version - FAILED with code 1 (14ms)
/home/peaches/anaconda3/bin/python: No module named dvc

[version: 1.2.29, 2025-11-27T14:04:20.524Z, pid: 0] > dvc --version - INITIALIZED
[version: 1.2.29, 2025-11-27T14:04:20.524Z, pid: 0] > dvc --version - FAILED (5ms)
Command failed with ENOENT: dvc --version
spawn dvc ENOENT
[version: 1.2.29, 2025-11-27T14:04:25.531Z, pid: 77329] > /home/peaches/anaconda3/bin/python -m dvc --version - INITIALIZED
[version: 1.2.29, 2025-11-27T14:04:25.540Z, pid: 77329] > /home/peaches/anaconda3/bin/python -m dvc --version - FAILED with code 1 (15ms)
/home/peaches/anaconda3/bin/python: No module named dvc

[version: 1.2.29, 2025-11-27T14:04:25.545Z, pid: 0] > dvc --version - INITIALIZED
[version: 1.2.29, 2025-11-27T14:04:25.546Z, pid: 0] > dvc --version - FAILED (5ms)
Command failed with ENOENT: dvc --version
spawn dvc ENOENT
[version: 1.2.29, 2025-11-27T14:04:30.552Z, pid: 77331] > /home/peaches/anaconda3/bin/python -m dvc --version - INITIALIZED
[version: 1.2.29, 2025-11-27T14:04:30.561Z, pid: 77331] > /home/peaches/anaconda3/bin/python -m dvc --version - FAILED with code 1 (15ms)
/home/peaches/anaconda3/bin/python: No module named dvc

[version: 1.2.29, 2025-11-27T14:04:30.566Z, pid: 0] > dvc --version - INITIALIZED
[version: 1.2.29, 2025-11-27T14:04:30.567Z, pid: 0] > dvc --version - FAILED (5ms)
Command failed with ENOENT: dvc --version
spawn dvc ENOENT
[version: 1.2.29, 2025-11-27T14:04:35.572Z, pid: 77333] > /home/peaches/anaconda3/bin/python -m dvc --version - INITIALIZED
[version: 1.2.29, 2025-11-27T14:04:35.582Z, pid: 77333] > /home/peaches/anaconda3/bin/python -m dvc --version - FAILED with code 1 (14ms)
/home/peaches/anaconda3/bin/python: No module named dvc

[version: 1.2.29, 2025-11-27T14:04:35.587Z, pid: 0] > dvc --version - INITIALIZED
[version: 1.2.29, 2025-11-27T14:04:35.587Z, pid: 0] > dvc --version - FAILED (5ms)
Command failed with ENOENT: dvc --version
spawn dvc ENOENT
[version: 1.2.29, 2025-11-27T14:04:40.592Z, pid: 77338] > /home/peaches/anaconda3/bin/python -m dvc --version - INITIALIZED
[version: 1.2.29, 2025-11-27T14:04:40.601Z, pid: 77338] > /home/peaches/anaconda3/bin/python -m dvc --version - FAILED with code 1 (14ms)
/home/peaches/anaconda3/bin/python: No module named dvc

[version: 1.2.29, 2025-11-27T14:04:40.606Z, pid: 0] > dvc --version - INITIALIZED
[version: 1.2.29, 2025-11-27T14:04:40.607Z, pid: 0] > dvc --version - FAILED (5ms)
Command failed with ENOENT: dvc --version
spawn dvc ENOENT
[version: 1.2.29, 2025-11-27T14:04:45.612Z, pid: 77340] > /home/peaches/anaconda3/bin/python -m dvc --version - INITIALIZED
[version: 1.2.29, 2025-11-27T14:04:45.621Z, pid: 77340] > /home/peaches/anaconda3/bin/python -m dvc --version - FAILED with code 1 (14ms)
/home/peaches/anaconda3/bin/python: No module named dvc

[version: 1.2.29, 2025-11-27T14:04:45.625Z, pid: 0] > dvc --version - INITIALIZED
[version: 1.2.29, 2025-11-27T14:04:45.626Z, pid: 0] > dvc --version - FAILED (4ms)
Command failed with ENOENT: dvc --version
spawn dvc ENOENT
[version: 1.2.29, 2025-11-27T14:04:50.633Z, pid: 77342] > /home/peaches/anaconda3/bin/python -m dvc --version - INITIALIZED
[version: 1.2.29, 2025-11-27T14:04:50.643Z, pid: 77342] > /home/peaches/anaconda3/bin/python -m dvc --version - FAILED with code 1 (16ms)
/home/peaches/anaconda3/bin/python: No module named dvc

[version: 1.2.29, 2025-11-27T14:04:50.647Z, pid: 0] > dvc --version - INITIALIZED
[version: 1.2.29, 2025-11-27T14:04:50.648Z, pid: 0] > dvc --version - FAILED (5ms)
Command failed with ENOENT: dvc --version
spawn dvc ENOENT
[version: 1.2.29, 2025-11-27T14:04:55.654Z, pid: 77346] > /home/peaches/anaconda3/bin/python -m dvc --version - INITIALIZED
[version: 1.2.29, 2025-11-27T14:04:55.663Z, pid: 77346] > /home/peaches/anaconda3/bin/python -m dvc --version - FAILED with code 1 (14ms)
/home/peaches/anaconda3/bin/python: No module named dvc

[version: 1.2.29, 2025-11-27T14:04:55.668Z, pid: 0] > dvc --version - INITIALIZED
[version: 1.2.29, 2025-11-27T14:04:55.669Z, pid: 0] > dvc --version - FAILED (5ms)
Command failed with ENOENT: dvc --version
spawn dvc ENOENT
[version: 1.2.29, 2025-11-27T14:05:00.676Z, pid: 77348] > /home/peaches/anaconda3/bin/python -m dvc --version - INITIALIZED
[version: 1.2.29, 2025-11-27T14:05:00.686Z, pid: 77348] > /home/peaches/anaconda3/bin/python -m dvc --version - FAILED with code 1 (16ms)
/home/peaches/anaconda3/bin/python: No module named dvc

[version: 1.2.29, 2025-11-27T14:05:00.690Z, pid: 0] > dvc --version - INITIALIZED
[version: 1.2.29, 2025-11-27T14:05:00.691Z, pid: 0] > dvc --version - FAILED (5ms)
Command failed with ENOENT: dvc --version
spawn dvc ENOENT
[version: 1.2.29, 2025-11-27T14:05:05.696Z, pid: 77350] > /home/peaches/anaconda3/bin/python -m dvc --version - INITIALIZED
[version: 1.2.29, 2025-11-27T14:05:05.705Z, pid: 77350] > /home/peaches/anaconda3/bin/python -m dvc --version - FAILED with code 1 (13ms)
/home/peaches/anaconda3/bin/python: No module named dvc

[version: 1.2.29, 2025-11-27T14:05:05.710Z, pid: 0] > dvc --version - INITIALIZED
[version: 1.2.29, 2025-11-27T14:05:05.711Z, pid: 0] > dvc --version - FAILED (5ms)
Command failed with ENOENT: dvc --version
spawn dvc ENOENT
[version: 1.2.29, 2025-11-27T14:05:10.716Z, pid: 77352] > /home/peaches/anaconda3/bin/python -m dvc --version - INITIALIZED
[version: 1.2.29, 2025-11-27T14:05:10.725Z, pid: 77352] > /home/peaches/anaconda3/bin/python -m dvc --version - FAILED with code 1 (13ms)
/home/peaches/anaconda3/bin/python: No module named dvc

[version: 1.2.29, 2025-11-27T14:05:10.730Z, pid: 0] > dvc --version - INITIALIZED
[version: 1.2.29, 2025-11-27T14:05:10.731Z, pid: 0] > dvc --version - FAILED (5ms)
Command failed with ENOENT: dvc --version
spawn dvc ENOENT
[version: 1.2.29, 2025-11-27T14:05:15.736Z, pid: 77354] > /home/peaches/anaconda3/bin/python -m dvc --version - INITIALIZED
[version: 1.2.29, 2025-11-27T14:05:15.746Z, pid: 77354] > /home/peaches/anaconda3/bin/python -m dvc --version - FAILED with code 1 (14ms)
/home/peaches/anaconda3/bin/python: No module named dvc

[version: 1.2.29, 2025-11-27T14:05:15.751Z, pid: 0] > dvc --version - INITIALIZED
[version: 1.2.29, 2025-11-27T14:05:15.752Z, pid: 0] > dvc --version - FAILED (5ms)
Command failed with ENOENT: dvc --version
spawn dvc ENOENT
[version: 1.2.29, 2025-11-27T14:05:20.756Z, pid: 77356] > /home/peaches/anaconda3/bin/python -m dvc --version - INITIALIZED
[version: 1.2.29, 2025-11-27T14:05:20.766Z, pid: 77356] > /home/peaches/anaconda3/bin/python -m dvc --version - FAILED with code 1 (15ms)
/home/peaches/anaconda3/bin/python: No module named dvc

[version: 1.2.29, 2025-11-27T14:05:20.770Z, pid: 0] > dvc --version - INITIALIZED
[version: 1.2.29, 2025-11-27T14:05:20.771Z, pid: 0] > dvc --version - FAILED (5ms)
Command failed with ENOENT: dvc --version
spawn dvc ENOENT
[version: 1.2.29, 2025-11-27T14:05:25.778Z, pid: 77358] > /home/peaches/anaconda3/bin/python -m dvc --version - INITIALIZED
[version: 1.2.29, 2025-11-27T14:05:25.788Z, pid: 77358] > /home/peaches/anaconda3/bin/python -m dvc --version - FAILED with code 1 (16ms)
/home/peaches/anaconda3/bin/python: No module named dvc

[version: 1.2.29, 2025-11-27T14:05:25.793Z, pid: 0] > dvc --version - INITIALIZED
[version: 1.2.29, 2025-11-27T14:05:25.794Z, pid: 0] > dvc --version - FAILED (5ms)
Command failed with ENOENT: dvc --version
spawn dvc ENOENT
[version: 1.2.29, 2025-11-27T14:05:30.799Z, pid: 77360] > /home/peaches/anaconda3/bin/python -m dvc --version - INITIALIZED
[version: 1.2.29, 2025-11-27T14:05:30.808Z, pid: 77360] > /home/peaches/anaconda3/bin/python -m dvc --version - FAILED with code 1 (14ms)
/home/peaches/anaconda3/bin/python: No module named dvc

[version: 1.2.29, 2025-11-27T14:05:30.813Z, pid: 0] > dvc --version - INITIALIZED
[version: 1.2.29, 2025-11-27T14:05:30.813Z, pid: 0] > dvc --version - FAILED (5ms)
Command failed with ENOENT: dvc --version
spawn dvc ENOENT
[version: 1.2.29, 2025-11-27T14:05:35.819Z, pid: 77362] > /home/peaches/anaconda3/bin/python -m dvc --version - INITIALIZED
[version: 1.2.29, 2025-11-27T14:05:35.829Z, pid: 77362] > /home/peaches/anaconda3/bin/python -m dvc --version - FAILED with code 1 (15ms)
/home/peaches/anaconda3/bin/python: No module named dvc

[version: 1.2.29, 2025-11-27T14:05:35.833Z, pid: 0] > dvc --version - INITIALIZED
[version: 1.2.29, 2025-11-27T14:05:35.834Z, pid: 0] > dvc --version - FAILED (5ms)
Command failed with ENOENT: dvc --version
spawn dvc ENOENT
[version: 1.2.29, 2025-11-27T14:05:40.840Z, pid: 77364] > /home/peaches/anaconda3/bin/python -m dvc --version - INITIALIZED
[version: 1.2.29, 2025-11-27T14:05:40.850Z, pid: 77364] > /home/peaches/anaconda3/bin/python -m dvc --version - FAILED with code 1 (15ms)
/home/peaches/anaconda3/bin/python: No module named dvc

[version: 1.2.29, 2025-11-27T14:05:40.854Z, pid: 0] > dvc --version - INITIALIZED
[version: 1.2.29, 2025-11-27T14:05:40.855Z, pid: 0] > dvc --version - FAILED (5ms)
Command failed with ENOENT: dvc --version
spawn dvc ENOENT
[version: 1.2.29, 2025-11-27T14:05:45.861Z, pid: 77366] > /home/peaches/anaconda3/bin/python -m dvc --version - INITIALIZED
[version: 1.2.29, 2025-11-27T14:05:45.870Z, pid: 77366] > /home/peaches/anaconda3/bin/python -m dvc --version - FAILED with code 1 (14ms)
/home/peaches/anaconda3/bin/python: No module named dvc

[version: 1.2.29, 2025-11-27T14:05:45.874Z, pid: 0] > dvc --version - INITIALIZED
[version: 1.2.29, 2025-11-27T14:05:45.875Z, pid: 0] > dvc --version - FAILED (5ms)
Command failed with ENOENT: dvc --version
spawn dvc ENOENT
[version: 1.2.29, 2025-11-27T14:05:50.882Z, pid: 77368] > /home/peaches/anaconda3/bin/python -m dvc --version - INITIALIZED
[version: 1.2.29, 2025-11-27T14:05:50.892Z, pid: 77368] > /home/peaches/anaconda3/bin/python -m dvc --version - FAILED with code 1 (16ms)
/home/peaches/anaconda3/bin/python: No module named dvc

[version: 1.2.29, 2025-11-27T14:05:50.896Z, pid: 0] > dvc --version - INITIALIZED
[version: 1.2.29, 2025-11-27T14:05:50.897Z, pid: 0] > dvc --version - FAILED (5ms)
Command failed with ENOENT: dvc --version
spawn dvc ENOENT
[version: 1.2.29, 2025-11-27T14:05:55.902Z, pid: 77372] > /home/peaches/anaconda3/bin/python -m dvc --version - INITIALIZED
[version: 1.2.29, 2025-11-27T14:05:55.912Z, pid: 77372] > /home/peaches/anaconda3/bin/python -m dvc --version - FAILED with code 1 (14ms)
/home/peaches/anaconda3/bin/python: No module named dvc

[version: 1.2.29, 2025-11-27T14:05:55.916Z, pid: 0] > dvc --version - INITIALIZED
[version: 1.2.29, 2025-11-27T14:05:55.917Z, pid: 0] > dvc --version - FAILED (5ms)
Command failed with ENOENT: dvc --version
spawn dvc ENOENT
[version: 1.2.29, 2025-11-27T14:06:00.924Z, pid: 77374] > /home/peaches/anaconda3/bin/python -m dvc --version - INITIALIZED
[version: 1.2.29, 2025-11-27T14:06:00.933Z, pid: 77374] > /home/peaches/anaconda3/bin/python -m dvc --version - FAILED with code 1 (16ms)
/home/peaches/anaconda3/bin/python: No module named dvc

[version: 1.2.29, 2025-11-27T14:06:00.938Z, pid: 0] > dvc --version - INITIALIZED
[version: 1.2.29, 2025-11-27T14:06:00.938Z, pid: 0] > dvc --version - FAILED (4ms)
Command failed with ENOENT: dvc --version
spawn dvc ENOENT
[version: 1.2.29, 2025-11-27T14:06:05.944Z, pid: 77376] > /home/peaches/anaconda3/bin/python -m dvc --version - INITIALIZED
[version: 1.2.29, 2025-11-27T14:06:05.953Z, pid: 77376] > /home/peaches/anaconda3/bin/python -m dvc --version - FAILED with code 1 (15ms)
/home/peaches/anaconda3/bin/python: No module named dvc

[version: 1.2.29, 2025-11-27T14:06:05.957Z, pid: 0] > dvc --version - INITIALIZED
[version: 1.2.29, 2025-11-27T14:06:05.958Z, pid: 0] > dvc --version - FAILED (5ms)
Command failed with ENOENT: dvc --version
spawn dvc ENOENT
[version: 1.2.29, 2025-11-27T14:06:10.964Z, pid: 77378] > /home/peaches/anaconda3/bin/python -m dvc --version - INITIALIZED
[version: 1.2.29, 2025-11-27T14:06:10.974Z, pid: 77378] > /home/peaches/anaconda3/bin/python -m dvc --version - FAILED with code 1 (16ms)
/home/peaches/anaconda3/bin/python: No module named dvc

[version: 1.2.29, 2025-11-27T14:06:10.978Z, pid: 0] > dvc --version - INITIALIZED
[version: 1.2.29, 2025-11-27T14:06:10.979Z, pid: 0] > dvc --version - FAILED (5ms)
Command failed with ENOENT: dvc --version
spawn dvc ENOENT
[version: 1.2.29, 2025-11-27T14:06:15.985Z, pid: 77380] > /home/peaches/anaconda3/bin/python -m dvc --version - INITIALIZED
[version: 1.2.29, 2025-11-27T14:06:15.995Z, pid: 77380] > /home/peaches/anaconda3/bin/python -m dvc --version - FAILED with code 1 (16ms)
/home/peaches/anaconda3/bin/python: No module named dvc

[version: 1.2.29, 2025-11-27T14:06:15.999Z, pid: 0] > dvc --version - INITIALIZED
[version: 1.2.29, 2025-11-27T14:06:16.000Z, pid: 0] > dvc --version - FAILED (5ms)
Command failed with ENOENT: dvc --version
spawn dvc ENOENT
[version: 1.2.29, 2025-11-27T14:06:21.006Z, pid: 77382] > /home/peaches/anaconda3/bin/python -m dvc --version - INITIALIZED
[version: 1.2.29, 2025-11-27T14:06:21.016Z, pid: 77382] > /home/peaches/anaconda3/bin/python -m dvc --version - FAILED with code 1 (15ms)
/home/peaches/anaconda3/bin/python: No module named dvc

[version: 1.2.29, 2025-11-27T14:06:21.020Z, pid: 0] > dvc --version - INITIALIZED
[version: 1.2.29, 2025-11-27T14:06:21.021Z, pid: 0] > dvc --version - FAILED (5ms)
Command failed with ENOENT: dvc --version
spawn dvc ENOENT
[version: 1.2.29, 2025-11-27T14:06:26.026Z, pid: 77384] > /home/peaches/anaconda3/bin/python -m dvc --version - INITIALIZED
[version: 1.2.29, 2025-11-27T14:06:26.035Z, pid: 77384] > /home/peaches/anaconda3/bin/python -m dvc --version - FAILED with code 1 (14ms)
/home/peaches/anaconda3/bin/python: No module named dvc

[version: 1.2.29, 2025-11-27T14:06:26.040Z, pid: 0] > dvc --version - INITIALIZED
[version: 1.2.29, 2025-11-27T14:06:26.040Z, pid: 0] > dvc --version - FAILED (5ms)
Command failed with ENOENT: dvc --version
spawn dvc ENOENT
[version: 1.2.29, 2025-11-27T14:06:31.046Z, pid: 77386] > /home/peaches/anaconda3/bin/python -m dvc --version - INITIALIZED
[version: 1.2.29, 2025-11-27T14:06:31.055Z, pid: 77386] > /home/peaches/anaconda3/bin/python -m dvc --version - FAILED with code 1 (14ms)
/home/peaches/anaconda3/bin/python: No module named dvc

[version: 1.2.29, 2025-11-27T14:06:31.060Z, pid: 0] > dvc --version - INITIALIZED
[version: 1.2.29, 2025-11-27T14:06:31.061Z, pid: 0] > dvc --version - FAILED (5ms)
Command failed with ENOENT: dvc --version
spawn dvc ENOENT
[version: 1.2.29, 2025-11-27T14:06:36.067Z, pid: 77389] > /home/peaches/anaconda3/bin/python -m dvc --version - INITIALIZED
[version: 1.2.29, 2025-11-27T14:06:36.076Z, pid: 77389] > /home/peaches/anaconda3/bin/python -m dvc --version - FAILED with code 1 (14ms)
/home/peaches/anaconda3/bin/python: No module named dvc

[version: 1.2.29, 2025-11-27T14:06:36.081Z, pid: 0] > dvc --version - INITIALIZED
[version: 1.2.29, 2025-11-27T14:06:36.082Z, pid: 0] > dvc --version - FAILED (5ms)
Command failed with ENOENT: dvc --version
spawn dvc ENOENT
[version: 1.2.29, 2025-11-27T14:06:41.089Z, pid: 77393] > /home/peaches/anaconda3/bin/python -m dvc --version - INITIALIZED
[version: 1.2.29, 2025-11-27T14:06:41.098Z, pid: 77393] > /home/peaches/anaconda3/bin/python -m dvc --version - FAILED with code 1 (15ms)
/home/peaches/anaconda3/bin/python: No module named dvc

[version: 1.2.29, 2025-11-27T14:06:41.102Z, pid: 0] > dvc --version - INITIALIZED
[version: 1.2.29, 2025-11-27T14:06:41.103Z, pid: 0] > dvc --version - FAILED (5ms)
Command failed with ENOENT: dvc --version
spawn dvc ENOENT
[version: 1.2.29, 2025-11-27T14:06:46.109Z, pid: 77395] > /home/peaches/anaconda3/bin/python -m dvc --version - INITIALIZED
[version: 1.2.29, 2025-11-27T14:06:46.119Z, pid: 77395] > /home/peaches/anaconda3/bin/python -m dvc --version - FAILED with code 1 (16ms)
/home/peaches/anaconda3/bin/python: No module named dvc

[version: 1.2.29, 2025-11-27T14:06:46.123Z, pid: 0] > dvc --version - INITIALIZED
[version: 1.2.29, 2025-11-27T14:06:46.124Z, pid: 0] > dvc --version - FAILED (5ms)
Command failed with ENOENT: dvc --version
spawn dvc ENOENT
[version: 1.2.29, 2025-11-27T14:06:51.130Z, pid: 77398] > /home/peaches/anaconda3/bin/python -m dvc --version - INITIALIZED
[version: 1.2.29, 2025-11-27T14:06:51.139Z, pid: 77398] > /home/peaches/anaconda3/bin/python -m dvc --version - FAILED with code 1 (15ms)
/home/peaches/anaconda3/bin/python: No module named dvc

[version: 1.2.29, 2025-11-27T14:06:51.144Z, pid: 0] > dvc --version - INITIALIZED
[version: 1.2.29, 2025-11-27T14:06:51.145Z, pid: 0] > dvc --version - FAILED (4ms)
Command failed with ENOENT: dvc --version
spawn dvc ENOENT
[version: 1.2.29, 2025-11-27T14:06:56.152Z, pid: 77402] > /home/peaches/anaconda3/bin/python -m dvc --version - INITIALIZED
[version: 1.2.29, 2025-11-27T14:06:56.161Z, pid: 77402] > /home/peaches/anaconda3/bin/python -m dvc --version - FAILED with code 1 (15ms)
/home/peaches/anaconda3/bin/python: No module named dvc

[version: 1.2.29, 2025-11-27T14:06:56.165Z, pid: 0] > dvc --version - INITIALIZED
[version: 1.2.29, 2025-11-27T14:06:56.166Z, pid: 0] > dvc --version - FAILED (5ms)
Command failed with ENOENT: dvc --version
spawn dvc ENOENT
[version: 1.2.29, 2025-11-27T14:07:01.172Z, pid: 77404] > /home/peaches/anaconda3/bin/python -m dvc --version - INITIALIZED
[version: 1.2.29, 2025-11-27T14:07:01.181Z, pid: 77404] > /home/peaches/anaconda3/bin/python -m dvc --version - FAILED with code 1 (15ms)
/home/peaches/anaconda3/bin/python: No module named dvc

[version: 1.2.29, 2025-11-27T14:07:01.186Z, pid: 0] > dvc --version - INITIALIZED
[version: 1.2.29, 2025-11-27T14:07:01.187Z, pid: 0] > dvc --version - FAILED (5ms)
Command failed with ENOENT: dvc --version
spawn dvc ENOENT
[version: 1.2.29, 2025-11-27T14:07:06.192Z, pid: 77406] > /home/peaches/anaconda3/bin/python -m dvc --version - INITIALIZED
[version: 1.2.29, 2025-11-27T14:07:06.202Z, pid: 77406] > /home/peaches/anaconda3/bin/python -m dvc --version - FAILED with code 1 (14ms)
/home/peaches/anaconda3/bin/python: No module named dvc

[version: 1.2.29, 2025-11-27T14:07:06.207Z, pid: 0] > dvc --version - INITIALIZED
[version: 1.2.29, 2025-11-27T14:07:06.207Z, pid: 0] > dvc --version - FAILED (5ms)
Command failed with ENOENT: dvc --version
spawn dvc ENOENT
[version: 1.2.29, 2025-11-27T14:07:11.213Z, pid: 77408] > /home/peaches/anaconda3/bin/python -m dvc --version - INITIALIZED
[version: 1.2.29, 2025-11-27T14:07:11.222Z, pid: 77408] > /home/peaches/anaconda3/bin/python -m dvc --version - FAILED with code 1 (14ms)
/home/peaches/anaconda3/bin/python: No module named dvc

[version: 1.2.29, 2025-11-27T14:07:11.227Z, pid: 0] > dvc --version - INITIALIZED
[version: 1.2.29, 2025-11-27T14:07:11.228Z, pid: 0] > dvc --version - FAILED (5ms)
Command failed with ENOENT: dvc --version
spawn dvc ENOENT
[version: 1.2.29, 2025-11-27T14:07:16.234Z, pid: 77411] > /home/peaches/anaconda3/bin/python -m dvc --version - INITIALIZED
[version: 1.2.29, 2025-11-27T14:07:16.243Z, pid: 77411] > /home/peaches/anaconda3/bin/python -m dvc --version - FAILED with code 1 (15ms)
/home/peaches/anaconda3/bin/python: No module named dvc

[version: 1.2.29, 2025-11-27T14:07:16.248Z, pid: 0] > dvc --version - INITIALIZED
[version: 1.2.29, 2025-11-27T14:07:16.249Z, pid: 0] > dvc --version - FAILED (5ms)
Command failed with ENOENT: dvc --version
spawn dvc ENOENT
[version: 1.2.29, 2025-11-27T14:07:21.255Z, pid: 77413] > /home/peaches/anaconda3/bin/python -m dvc --version - INITIALIZED
[version: 1.2.29, 2025-11-27T14:07:21.264Z, pid: 77413] > /home/peaches/anaconda3/bin/python -m dvc --version - FAILED with code 1 (14ms)
/home/peaches/anaconda3/bin/python: No module named dvc

[version: 1.2.29, 2025-11-27T14:07:21.269Z, pid: 0] > dvc --version - INITIALIZED
[version: 1.2.29, 2025-11-27T14:07:21.270Z, pid: 0] > dvc --version - FAILED (5ms)
Command failed with ENOENT: dvc --version
spawn dvc ENOENT
[version: 1.2.29, 2025-11-27T14:07:26.276Z, pid: 77415] > /home/peaches/anaconda3/bin/python -m dvc --version - INITIALIZED
[version: 1.2.29, 2025-11-27T14:07:26.286Z, pid: 77415] > /home/peaches/anaconda3/bin/python -m dvc --version - FAILED with code 1 (16ms)
/home/peaches/anaconda3/bin/python: No module named dvc

[version: 1.2.29, 2025-11-27T14:07:26.290Z, pid: 0] > dvc --version - INITIALIZED
[version: 1.2.29, 2025-11-27T14:07:26.291Z, pid: 0] > dvc --version - FAILED (5ms)
Command failed with ENOENT: dvc --version
spawn dvc ENOENT
[version: 1.2.29, 2025-11-27T14:07:31.296Z, pid: 77417] > /home/peaches/anaconda3/bin/python -m dvc --version - INITIALIZED
[version: 1.2.29, 2025-11-27T14:07:31.306Z, pid: 77417] > /home/peaches/anaconda3/bin/python -m dvc --version - FAILED with code 1 (14ms)
/home/peaches/anaconda3/bin/python: No module named dvc

[version: 1.2.29, 2025-11-27T14:07:31.311Z, pid: 0] > dvc --version - INITIALIZED
[version: 1.2.29, 2025-11-27T14:07:31.312Z, pid: 0] > dvc --version - FAILED (6ms)
Command failed with ENOENT: dvc --version
spawn dvc ENOENT
[version: 1.2.29, 2025-11-27T14:07:36.317Z, pid: 77419] > /home/peaches/anaconda3/bin/python -m dvc --version - INITIALIZED
[version: 1.2.29, 2025-11-27T14:07:36.327Z, pid: 77419] > /home/peaches/anaconda3/bin/python -m dvc --version - FAILED with code 1 (15ms)
/home/peaches/anaconda3/bin/python: No module named dvc

[version: 1.2.29, 2025-11-27T14:07:36.331Z, pid: 0] > dvc --version - INITIALIZED
[version: 1.2.29, 2025-11-27T14:07:36.332Z, pid: 0] > dvc --version - FAILED (4ms)
Command failed with ENOENT: dvc --version
spawn dvc ENOENT
[version: 1.2.29, 2025-11-27T14:07:41.337Z, pid: 77421] > /home/peaches/anaconda3/bin/python -m dvc --version - INITIALIZED
[version: 1.2.29, 2025-11-27T14:07:41.346Z, pid: 77421] > /home/peaches/anaconda3/bin/python -m dvc --version - FAILED with code 1 (14ms)
/home/peaches/anaconda3/bin/python: No module named dvc

[version: 1.2.29, 2025-11-27T14:07:41.351Z, pid: 0] > dvc --version - INITIALIZED
[version: 1.2.29, 2025-11-27T14:07:41.351Z, pid: 0] > dvc --version - FAILED (4ms)
Command failed with ENOENT: dvc --version
spawn dvc ENOENT
[version: 1.2.29, 2025-11-27T14:07:46.357Z, pid: 77423] > /home/peaches/anaconda3/bin/python -m dvc --version - INITIALIZED
[version: 1.2.29, 2025-11-27T14:07:46.366Z, pid: 77423] > /home/peaches/anaconda3/bin/python -m dvc --version - FAILED with code 1 (14ms)
/home/peaches/anaconda3/bin/python: No module named dvc

[version: 1.2.29, 2025-11-27T14:07:46.371Z, pid: 0] > dvc --version - INITIALIZED
[version: 1.2.29, 2025-11-27T14:07:46.371Z, pid: 0] > dvc --version - FAILED (4ms)
Command failed with ENOENT: dvc --version
spawn dvc ENOENT
[version: 1.2.29, 2025-11-27T14:07:51.376Z, pid: 77425] > /home/peaches/anaconda3/bin/python -m dvc --version - INITIALIZED
[version: 1.2.29, 2025-11-27T14:07:51.385Z, pid: 77425] > /home/peaches/anaconda3/bin/python -m dvc --version - FAILED with code 1 (14ms)
/home/peaches/anaconda3/bin/python: No module named dvc

[version: 1.2.29, 2025-11-27T14:07:51.390Z, pid: 0] > dvc --version - INITIALIZED
[version: 1.2.29, 2025-11-27T14:07:51.391Z, pid: 0] > dvc --version - FAILED (5ms)
Command failed with ENOENT: dvc --version
spawn dvc ENOENT
[version: 1.2.29, 2025-11-27T14:07:56.398Z, pid: 77429] > /home/peaches/anaconda3/bin/python -m dvc --version - INITIALIZED
[version: 1.2.29, 2025-11-27T14:07:56.408Z, pid: 77429] > /home/peaches/anaconda3/bin/python -m dvc --version - FAILED with code 1 (16ms)
/home/peaches/anaconda3/bin/python: No module named dvc

[version: 1.2.29, 2025-11-27T14:07:56.412Z, pid: 0] > dvc --version - INITIALIZED
[version: 1.2.29, 2025-11-27T14:07:56.413Z, pid: 0] > dvc --version - FAILED (5ms)
Command failed with ENOENT: dvc --version
spawn dvc ENOENT
[version: 1.2.29, 2025-11-27T14:08:01.418Z, pid: 77431] > /home/peaches/anaconda3/bin/python -m dvc --version - INITIALIZED
[version: 1.2.29, 2025-11-27T14:08:01.428Z, pid: 77431] > /home/peaches/anaconda3/bin/python -m dvc --version - FAILED with code 1 (15ms)
/home/peaches/anaconda3/bin/python: No module named dvc

[version: 1.2.29, 2025-11-27T14:08:01.432Z, pid: 0] > dvc --version - INITIALIZED
[version: 1.2.29, 2025-11-27T14:08:01.433Z, pid: 0] > dvc --version - FAILED (5ms)
Command failed with ENOENT: dvc --version
spawn dvc ENOENT
[version: 1.2.29, 2025-11-27T14:08:06.438Z, pid: 77434] > /home/peaches/anaconda3/bin/python -m dvc --version - INITIALIZED
[version: 1.2.29, 2025-11-27T14:08:06.447Z, pid: 77434] > /home/peaches/anaconda3/bin/python -m dvc --version - FAILED with code 1 (14ms)
/home/peaches/anaconda3/bin/python: No module named dvc

[version: 1.2.29, 2025-11-27T14:08:06.452Z, pid: 0] > dvc --version - INITIALIZED
[version: 1.2.29, 2025-11-27T14:08:06.453Z, pid: 0] > dvc --version - FAILED (5ms)
Command failed with ENOENT: dvc --version
spawn dvc ENOENT
[version: 1.2.29, 2025-11-27T14:08:11.459Z, pid: 77437] > /home/peaches/anaconda3/bin/python -m dvc --version - INITIALIZED
[version: 1.2.29, 2025-11-27T14:08:11.469Z, pid: 77437] > /home/peaches/anaconda3/bin/python -m dvc --version - FAILED with code 1 (15ms)
/home/peaches/anaconda3/bin/python: No module named dvc

[version: 1.2.29, 2025-11-27T14:08:11.473Z, pid: 0] > dvc --version - INITIALIZED
[version: 1.2.29, 2025-11-27T14:08:11.474Z, pid: 0] > dvc --version - FAILED (5ms)
Command failed with ENOENT: dvc --version
spawn dvc ENOENT
[version: 1.2.29, 2025-11-27T14:08:16.479Z, pid: 77439] > /home/peaches/anaconda3/bin/python -m dvc --version - INITIALIZED
[version: 1.2.29, 2025-11-27T14:08:16.489Z, pid: 77439] > /home/peaches/anaconda3/bin/python -m dvc --version - FAILED with code 1 (15ms)
/home/peaches/anaconda3/bin/python: No module named dvc

[version: 1.2.29, 2025-11-27T14:08:16.493Z, pid: 0] > dvc --version - INITIALIZED
[version: 1.2.29, 2025-11-27T14:08:16.494Z, pid: 0] > dvc --version - FAILED (4ms)
Command failed with ENOENT: dvc --version
spawn dvc ENOENT
[version: 1.2.29, 2025-11-27T14:08:21.499Z, pid: 77441] > /home/peaches/anaconda3/bin/python -m dvc --version - INITIALIZED
[version: 1.2.29, 2025-11-27T14:08:21.509Z, pid: 77441] > /home/peaches/anaconda3/bin/python -m dvc --version - FAILED with code 1 (15ms)
/home/peaches/anaconda3/bin/python: No module named dvc

[version: 1.2.29, 2025-11-27T14:08:21.514Z, pid: 0] > dvc --version - INITIALIZED
[version: 1.2.29, 2025-11-27T14:08:21.515Z, pid: 0] > dvc --version - FAILED (5ms)
Command failed with ENOENT: dvc --version
spawn dvc ENOENT
[version: 1.2.29, 2025-11-27T14:08:26.520Z, pid: 77443] > /home/peaches/anaconda3/bin/python -m dvc --version - INITIALIZED
[version: 1.2.29, 2025-11-27T14:08:26.529Z, pid: 77443] > /home/peaches/anaconda3/bin/python -m dvc --version - FAILED with code 1 (14ms)
/home/peaches/anaconda3/bin/python: No module named dvc

[version: 1.2.29, 2025-11-27T14:08:26.534Z, pid: 0] > dvc --version - INITIALIZED
[version: 1.2.29, 2025-11-27T14:08:26.534Z, pid: 0] > dvc --version - FAILED (4ms)
Command failed with ENOENT: dvc --version
spawn dvc ENOENT
[version: 1.2.29, 2025-11-27T14:08:31.540Z, pid: 77445] > /home/peaches/anaconda3/bin/python -m dvc --version - INITIALIZED
[version: 1.2.29, 2025-11-27T14:08:31.549Z, pid: 77445] > /home/peaches/anaconda3/bin/python -m dvc --version - FAILED with code 1 (14ms)
/home/peaches/anaconda3/bin/python: No module named dvc

[version: 1.2.29, 2025-11-27T14:08:31.553Z, pid: 0] > dvc --version - INITIALIZED
[version: 1.2.29, 2025-11-27T14:08:31.554Z, pid: 0] > dvc --version - FAILED (5ms)
Command failed with ENOENT: dvc --version
spawn dvc ENOENT
[version: 1.2.29, 2025-11-27T14:08:36.559Z, pid: 77447] > /home/peaches/anaconda3/bin/python -m dvc --version - INITIALIZED
[version: 1.2.29, 2025-11-27T14:08:36.569Z, pid: 77447] > /home/peaches/anaconda3/bin/python -m dvc --version - FAILED with code 1 (14ms)
/home/peaches/anaconda3/bin/python: No module named dvc

[version: 1.2.29, 2025-11-27T14:08:36.573Z, pid: 0] > dvc --version - INITIALIZED
[version: 1.2.29, 2025-11-27T14:08:36.574Z, pid: 0] > dvc --version - FAILED (5ms)
Command failed with ENOENT: dvc --version
spawn dvc ENOENT
[version: 1.2.29, 2025-11-27T14:08:41.580Z, pid: 77450] > /home/peaches/anaconda3/bin/python -m dvc --version - INITIALIZED
[version: 1.2.29, 2025-11-27T14:08:41.589Z, pid: 77450] > /home/peaches/anaconda3/bin/python -m dvc --version - FAILED with code 1 (15ms)
/home/peaches/anaconda3/bin/python: No module named dvc

[version: 1.2.29, 2025-11-27T14:08:41.593Z, pid: 0] > dvc --version - INITIALIZED
[version: 1.2.29, 2025-11-27T14:08:41.594Z, pid: 0] > dvc --version - FAILED (5ms)
Command failed with ENOENT: dvc --version
spawn dvc ENOENT
[version: 1.2.29, 2025-11-27T14:08:46.601Z, pid: 77463] > /home/peaches/anaconda3/bin/python -m dvc --version - INITIALIZED
[version: 1.2.29, 2025-11-27T14:08:46.611Z, pid: 77463] > /home/peaches/anaconda3/bin/python -m dvc --version - FAILED with code 1 (16ms)
/home/peaches/anaconda3/bin/python: No module named dvc

[version: 1.2.29, 2025-11-27T14:08:46.615Z, pid: 0] > dvc --version - INITIALIZED
[version: 1.2.29, 2025-11-27T14:08:46.616Z, pid: 0] > dvc --version - FAILED (5ms)
Command failed with ENOENT: dvc --version
spawn dvc ENOENT
[version: 1.2.29, 2025-11-27T14:08:51.623Z, pid: 77514] > /home/peaches/anaconda3/bin/python -m dvc --version - INITIALIZED
[version: 1.2.29, 2025-11-27T14:08:51.632Z, pid: 77514] > /home/peaches/anaconda3/bin/python -m dvc --version - FAILED with code 1 (15ms)
/home/peaches/anaconda3/bin/python: No module named dvc

[version: 1.2.29, 2025-11-27T14:08:51.637Z, pid: 0] > dvc --version - INITIALIZED
[version: 1.2.29, 2025-11-27T14:08:51.637Z, pid: 0] > dvc --version - FAILED (5ms)
Command failed with ENOENT: dvc --version
spawn dvc ENOENT
[version: 1.2.29, 2025-11-27T14:08:56.642Z, pid: 77568] > /home/peaches/anaconda3/bin/python -m dvc --version - INITIALIZED
[version: 1.2.29, 2025-11-27T14:08:56.652Z, pid: 77568] > /home/peaches/anaconda3/bin/python -m dvc --version - FAILED with code 1 (14ms)
/home/peaches/anaconda3/bin/python: No module named dvc

[version: 1.2.29, 2025-11-27T14:08:56.659Z, pid: 0] > dvc --version - INITIALIZED
[version: 1.2.29, 2025-11-27T14:08:56.660Z, pid: 0] > dvc --version - FAILED (8ms)
Command failed with ENOENT: dvc --version
spawn dvc ENOENT
[version: 1.2.29, 2025-11-27T14:09:01.667Z, pid: 77587] > /home/peaches/anaconda3/bin/python -m dvc --version - INITIALIZED
[version: 1.2.29, 2025-11-27T14:09:01.678Z, pid: 77587] > /home/peaches/anaconda3/bin/python -m dvc --version - FAILED with code 1 (16ms)
/home/peaches/anaconda3/bin/python: No module named dvc

[version: 1.2.29, 2025-11-27T14:09:01.683Z, pid: 0] > dvc --version - INITIALIZED
[version: 1.2.29, 2025-11-27T14:09:01.684Z, pid: 0] > dvc --version - FAILED (6ms)
Command failed with ENOENT: dvc --version
spawn dvc ENOENT
[version: 1.2.29, 2025-11-27T14:09:06.690Z, pid: 77607] > /home/peaches/anaconda3/bin/python -m dvc --version - INITIALIZED
[version: 1.2.29, 2025-11-27T14:09:06.700Z, pid: 77607] > /home/peaches/anaconda3/bin/python -m dvc --version - FAILED with code 1 (15ms)
/home/peaches/anaconda3/bin/python: No module named dvc

[version: 1.2.29, 2025-11-27T14:09:06.705Z, pid: 0] > dvc --version - INITIALIZED
[version: 1.2.29, 2025-11-27T14:09:06.706Z, pid: 0] > dvc --version - FAILED (6ms)
Command failed with ENOENT: dvc --version
spawn dvc ENOENT
[version: 1.2.29, 2025-11-27T14:09:11.711Z, pid: 77611] > /home/peaches/anaconda3/bin/python -m dvc --version - INITIALIZED
[version: 1.2.29, 2025-11-27T14:09:11.721Z, pid: 77611] > /home/peaches/anaconda3/bin/python -m dvc --version - FAILED with code 1 (14ms)
/home/peaches/anaconda3/bin/python: No module named dvc

[version: 1.2.29, 2025-11-27T14:09:11.726Z, pid: 0] > dvc --version - INITIALIZED
[version: 1.2.29, 2025-11-27T14:09:11.727Z, pid: 0] > dvc --version - FAILED (5ms)
Command failed with ENOENT: dvc --version
spawn dvc ENOENT
[version: 1.2.29, 2025-11-27T14:09:16.733Z, pid: 77624] > /home/peaches/anaconda3/bin/python -m dvc --version - INITIALIZED
[version: 1.2.29, 2025-11-27T14:09:16.744Z, pid: 77624] > /home/peaches/anaconda3/bin/python -m dvc --version - FAILED with code 1 (16ms)
/home/peaches/anaconda3/bin/python: No module named dvc

[version: 1.2.29, 2025-11-27T14:09:16.750Z, pid: 0] > dvc --version - INITIALIZED
[version: 1.2.29, 2025-11-27T14:09:16.751Z, pid: 0] > dvc --version - FAILED (6ms)
Command failed with ENOENT: dvc --version
spawn dvc ENOENT
[version: 1.2.29, 2025-11-27T14:09:21.756Z, pid: 77653] > /home/peaches/anaconda3/bin/python -m dvc --version - INITIALIZED
[version: 1.2.29, 2025-11-27T14:09:21.766Z, pid: 77653] > /home/peaches/anaconda3/bin/python -m dvc --version - FAILED with code 1 (15ms)
/home/peaches/anaconda3/bin/python: No module named dvc

[version: 1.2.29, 2025-11-27T14:09:21.770Z, pid: 0] > dvc --version - INITIALIZED
[version: 1.2.29, 2025-11-27T14:09:21.771Z, pid: 0] > dvc --version - FAILED (5ms)
Command failed with ENOENT: dvc --version
spawn dvc ENOENT
[version: 1.2.29, 2025-11-27T14:09:26.776Z, pid: 77655] > /home/peaches/anaconda3/bin/python -m dvc --version - INITIALIZED
[version: 1.2.29, 2025-11-27T14:09:26.790Z, pid: 77655] > /home/peaches/anaconda3/bin/python -m dvc --version - FAILED with code 1 (17ms)
/home/peaches/anaconda3/bin/python: No module named dvc

[version: 1.2.29, 2025-11-27T14:09:26.796Z, pid: 0] > dvc --version - INITIALIZED
[version: 1.2.29, 2025-11-27T14:09:26.797Z, pid: 0] > dvc --version - FAILED (7ms)
Command failed with ENOENT: dvc --version
spawn dvc ENOENT
[version: 1.2.29, 2025-11-27T14:09:31.802Z, pid: 77657] > /home/peaches/anaconda3/bin/python -m dvc --version - INITIALIZED
[version: 1.2.29, 2025-11-27T14:09:31.812Z, pid: 77657] > /home/peaches/anaconda3/bin/python -m dvc --version - FAILED with code 1 (14ms)
/home/peaches/anaconda3/bin/python: No module named dvc

[version: 1.2.29, 2025-11-27T14:09:31.817Z, pid: 0] > dvc --version - INITIALIZED
[version: 1.2.29, 2025-11-27T14:09:31.818Z, pid: 0] > dvc --version - FAILED (6ms)
Command failed with ENOENT: dvc --version
spawn dvc ENOENT
[version: 1.2.29, 2025-11-27T14:09:36.824Z, pid: 77666] > /home/peaches/anaconda3/bin/python -m dvc --version - INITIALIZED
[version: 1.2.29, 2025-11-27T14:09:36.835Z, pid: 77666] > /home/peaches/anaconda3/bin/python -m dvc --version - FAILED with code 1 (16ms)
/home/peaches/anaconda3/bin/python: No module named dvc

[version: 1.2.29, 2025-11-27T14:09:36.840Z, pid: 0] > dvc --version - INITIALIZED
[version: 1.2.29, 2025-11-27T14:09:36.841Z, pid: 0] > dvc --version - FAILED (4ms)
Command failed with ENOENT: dvc --version
spawn dvc ENOENT
[version: 1.2.29, 2025-11-27T14:09:41.845Z, pid: 77689] > /home/peaches/anaconda3/bin/python -m dvc --version - INITIALIZED
[version: 1.2.29, 2025-11-27T14:09:41.855Z, pid: 77689] > /home/peaches/anaconda3/bin/python -m dvc --version - FAILED with code 1 (15ms)
/home/peaches/anaconda3/bin/python: No module named dvc

[version: 1.2.29, 2025-11-27T14:09:41.860Z, pid: 0] > dvc --version - INITIALIZED
[version: 1.2.29, 2025-11-27T14:09:41.861Z, pid: 0] > dvc --version - FAILED (5ms)
Command failed with ENOENT: dvc --version
spawn dvc ENOENT
[version: 1.2.29, 2025-11-27T14:09:46.867Z, pid: 77698] > /home/peaches/anaconda3/bin/python -m dvc --version - INITIALIZED
[version: 1.2.29, 2025-11-27T14:09:46.877Z, pid: 77698] > /home/peaches/anaconda3/bin/python -m dvc --version - FAILED with code 1 (15ms)
/home/peaches/anaconda3/bin/python: No module named dvc

[version: 1.2.29, 2025-11-27T14:09:46.882Z, pid: 0] > dvc --version - INITIALIZED
[version: 1.2.29, 2025-11-27T14:09:46.883Z, pid: 0] > dvc --version - FAILED (5ms)
Command failed with ENOENT: dvc --version
spawn dvc ENOENT
[version: 1.2.29, 2025-11-27T14:09:51.889Z, pid: 77729] > /home/peaches/anaconda3/bin/python -m dvc --version - INITIALIZED
[version: 1.2.29, 2025-11-27T14:09:51.902Z, pid: 77729] > /home/peaches/anaconda3/bin/python -m dvc --version - FAILED with code 1 (17ms)
/home/peaches/anaconda3/bin/python: No module named dvc

[version: 1.2.29, 2025-11-27T14:09:51.909Z, pid: 0] > dvc --version - INITIALIZED
[version: 1.2.29, 2025-11-27T14:09:51.911Z, pid: 0] > dvc --version - FAILED (8ms)
Command failed with ENOENT: dvc --version
spawn dvc ENOENT
[version: 1.2.29, 2025-11-27T14:09:56.919Z, pid: 77962] > /home/peaches/anaconda3/bin/python -m dvc --version - INITIALIZED
[version: 1.2.29, 2025-11-27T14:09:56.929Z, pid: 77962] > /home/peaches/anaconda3/bin/python -m dvc --version - FAILED with code 1 (17ms)
/home/peaches/anaconda3/bin/python: No module named dvc

[version: 1.2.29, 2025-11-27T14:09:56.934Z, pid: 0] > dvc --version - INITIALIZED
[version: 1.2.29, 2025-11-27T14:09:56.936Z, pid: 0] > dvc --version - FAILED (6ms)
Command failed with ENOENT: dvc --version
spawn dvc ENOENT
[version: 1.2.29, 2025-11-27T14:10:01.941Z, pid: 77970] > /home/peaches/anaconda3/bin/python -m dvc --version - INITIALIZED
[version: 1.2.29, 2025-11-27T14:10:01.951Z, pid: 77970] > /home/peaches/anaconda3/bin/python -m dvc --version - FAILED with code 1 (15ms)
/home/peaches/anaconda3/bin/python: No module named dvc

[version: 1.2.29, 2025-11-27T14:10:01.956Z, pid: 0] > dvc --version - INITIALIZED
[version: 1.2.29, 2025-11-27T14:10:01.958Z, pid: 0] > dvc --version - FAILED (5ms)
Command failed with ENOENT: dvc --version
spawn dvc ENOENT
[version: 1.2.29, 2025-11-27T14:10:06.966Z, pid: 77973] > /home/peaches/anaconda3/bin/python -m dvc --version - INITIALIZED
[version: 1.2.29, 2025-11-27T14:10:06.978Z, pid: 77973] > /home/peaches/anaconda3/bin/python -m dvc --version - FAILED with code 1 (19ms)
/home/peaches/anaconda3/bin/python: No module named dvc

[version: 1.2.29, 2025-11-27T14:10:06.983Z, pid: 0] > dvc --version - INITIALIZED
[version: 1.2.29, 2025-11-27T14:10:06.985Z, pid: 0] > dvc --version - FAILED (6ms)
Command failed with ENOENT: dvc --version
spawn dvc ENOENT
[version: 1.2.29, 2025-11-27T14:10:11.991Z, pid: 78066] > /home/peaches/anaconda3/bin/python -m dvc --version - INITIALIZED
[version: 1.2.29, 2025-11-27T14:10:12.002Z, pid: 78066] > /home/peaches/anaconda3/bin/python -m dvc --version - FAILED with code 1 (17ms)
/home/peaches/anaconda3/bin/python: No module named dvc

[version: 1.2.29, 2025-11-27T14:10:12.007Z, pid: 0] > dvc --version - INITIALIZED
[version: 1.2.29, 2025-11-27T14:10:12.008Z, pid: 0] > dvc --version - FAILED (6ms)
Command failed with ENOENT: dvc --version
spawn dvc ENOENT
[version: 1.2.29, 2025-11-27T14:10:17.015Z, pid: 78124] > /home/peaches/anaconda3/bin/python -m dvc --version - INITIALIZED
[version: 1.2.29, 2025-11-27T14:10:17.026Z, pid: 78124] > /home/peaches/anaconda3/bin/python -m dvc --version - FAILED with code 1 (17ms)
/home/peaches/anaconda3/bin/python: No module named dvc

[version: 1.2.29, 2025-11-27T14:10:17.031Z, pid: 0] > dvc --version - INITIALIZED
[version: 1.2.29, 2025-11-27T14:10:17.033Z, pid: 0] > dvc --version - FAILED (6ms)
Command failed with ENOENT: dvc --version
spawn dvc ENOENT
[version: 1.2.29, 2025-11-27T14:10:22.038Z, pid: 78139] > /home/peaches/anaconda3/bin/python -m dvc --version - INITIALIZED
[version: 1.2.29, 2025-11-27T14:10:22.049Z, pid: 78139] > /home/peaches/anaconda3/bin/python -m dvc --version - FAILED with code 1 (15ms)
/home/peaches/anaconda3/bin/python: No module named dvc

[version: 1.2.29, 2025-11-27T14:10:22.053Z, pid: 0] > dvc --version - INITIALIZED
[version: 1.2.29, 2025-11-27T14:10:22.054Z, pid: 0] > dvc --version - FAILED (5ms)
Command failed with ENOENT: dvc --version
spawn dvc ENOENT
[version: 1.2.29, 2025-11-27T14:10:27.060Z, pid: 78171] > /home/peaches/anaconda3/bin/python -m dvc --version - INITIALIZED
[version: 1.2.29, 2025-11-27T14:10:27.070Z, pid: 78171] > /home/peaches/anaconda3/bin/python -m dvc --version - FAILED with code 1 (15ms)
/home/peaches/anaconda3/bin/python: No module named dvc

[version: 1.2.29, 2025-11-27T14:10:27.075Z, pid: 0] > dvc --version - INITIALIZED
[version: 1.2.29, 2025-11-27T14:10:27.076Z, pid: 0] > dvc --version - FAILED (5ms)
Command failed with ENOENT: dvc --version
spawn dvc ENOENT
[version: 1.2.29, 2025-11-27T14:10:32.082Z, pid: 78184] > /home/peaches/anaconda3/bin/python -m dvc --version - INITIALIZED
[version: 1.2.29, 2025-11-27T14:10:32.094Z, pid: 78184] > /home/peaches/anaconda3/bin/python -m dvc --version - FAILED with code 1 (17ms)
/home/peaches/anaconda3/bin/python: No module named dvc

[version: 1.2.29, 2025-11-27T14:10:32.099Z, pid: 0] > dvc --version - INITIALIZED
[version: 1.2.29, 2025-11-27T14:10:32.100Z, pid: 0] > dvc --version - FAILED (5ms)
Command failed with ENOENT: dvc --version
spawn dvc ENOENT
[version: 1.2.29, 2025-11-27T14:10:37.106Z, pid: 78200] > /home/peaches/anaconda3/bin/python -m dvc --version - INITIALIZED
[version: 1.2.29, 2025-11-27T14:10:37.116Z, pid: 78200] > /home/peaches/anaconda3/bin/python -m dvc --version - FAILED with code 1 (15ms)
/home/peaches/anaconda3/bin/python: No module named dvc

[version: 1.2.29, 2025-11-27T14:10:37.122Z, pid: 0] > dvc --version - INITIALIZED
[version: 1.2.29, 2025-11-27T14:10:37.123Z, pid: 0] > dvc --version - FAILED (6ms)
Command failed with ENOENT: dvc --version
spawn dvc ENOENT
[version: 1.2.29, 2025-11-27T14:10:42.129Z, pid: 78207] > /home/peaches/anaconda3/bin/python -m dvc --version - INITIALIZED
[version: 1.2.29, 2025-11-27T14:10:42.139Z, pid: 78207] > /home/peaches/anaconda3/bin/python -m dvc --version - FAILED with code 1 (15ms)
/home/peaches/anaconda3/bin/python: No module named dvc

[version: 1.2.29, 2025-11-27T14:10:42.144Z, pid: 0] > dvc --version - INITIALIZED
[version: 1.2.29, 2025-11-27T14:10:42.144Z, pid: 0] > dvc --version - FAILED (5ms)
Command failed with ENOENT: dvc --version
spawn dvc ENOENT
[version: 1.2.29, 2025-11-27T14:10:47.150Z, pid: 78231] > /home/peaches/anaconda3/bin/python -m dvc --version - INITIALIZED
[version: 1.2.29, 2025-11-27T14:10:47.160Z, pid: 78231] > /home/peaches/anaconda3/bin/python -m dvc --version - FAILED with code 1 (16ms)
/home/peaches/anaconda3/bin/python: No module named dvc

[version: 1.2.29, 2025-11-27T14:10:47.166Z, pid: 0] > dvc --version - INITIALIZED
[version: 1.2.29, 2025-11-27T14:10:47.167Z, pid: 0] > dvc --version - FAILED (5ms)
Command failed with ENOENT: dvc --version
spawn dvc ENOENT
[version: 1.2.29, 2025-11-27T14:10:52.173Z, pid: 78248] > /home/peaches/anaconda3/bin/python -m dvc --version - INITIALIZED
[version: 1.2.29, 2025-11-27T14:10:52.183Z, pid: 78248] > /home/peaches/anaconda3/bin/python -m dvc --version - FAILED with code 1 (15ms)
/home/peaches/anaconda3/bin/python: No module named dvc

[version: 1.2.29, 2025-11-27T14:10:52.188Z, pid: 0] > dvc --version - INITIALIZED
[version: 1.2.29, 2025-11-27T14:10:52.189Z, pid: 0] > dvc --version - FAILED (5ms)
Command failed with ENOENT: dvc --version
spawn dvc ENOENT
[version: 1.2.29, 2025-11-27T14:10:57.196Z, pid: 78264] > /home/peaches/anaconda3/bin/python -m dvc --version - INITIALIZED
[version: 1.2.29, 2025-11-27T14:10:57.207Z, pid: 78264] > /home/peaches/anaconda3/bin/python -m dvc --version - FAILED with code 1 (17ms)
/home/peaches/anaconda3/bin/python: No module named dvc

[version: 1.2.29, 2025-11-27T14:10:57.212Z, pid: 0] > dvc --version - INITIALIZED
[version: 1.2.29, 2025-11-27T14:10:57.213Z, pid: 0] > dvc --version - FAILED (6ms)
Command failed with ENOENT: dvc --version
spawn dvc ENOENT
[version: 1.2.29, 2025-11-27T14:11:02.218Z, pid: 78282] > /home/peaches/anaconda3/bin/python -m dvc --version - INITIALIZED
[version: 1.2.29, 2025-11-27T14:11:02.228Z, pid: 78282] > /home/peaches/anaconda3/bin/python -m dvc --version - FAILED with code 1 (15ms)
/home/peaches/anaconda3/bin/python: No module named dvc

[version: 1.2.29, 2025-11-27T14:11:02.233Z, pid: 0] > dvc --version - INITIALIZED
[version: 1.2.29, 2025-11-27T14:11:02.234Z, pid: 0] > dvc --version - FAILED (5ms)
Command failed with ENOENT: dvc --version
spawn dvc ENOENT
[version: 1.2.29, 2025-11-27T14:11:07.240Z, pid: 78322] > /home/peaches/anaconda3/bin/python -m dvc --version - INITIALIZED
[version: 1.2.29, 2025-11-27T14:11:07.250Z, pid: 78322] > /home/peaches/anaconda3/bin/python -m dvc --version - FAILED with code 1 (15ms)
/home/peaches/anaconda3/bin/python: No module named dvc

[version: 1.2.29, 2025-11-27T14:11:07.255Z, pid: 0] > dvc --version - INITIALIZED
[version: 1.2.29, 2025-11-27T14:11:07.256Z, pid: 0] > dvc --version - FAILED (5ms)
Command failed with ENOENT: dvc --version
spawn dvc ENOENT
[version: 1.2.29, 2025-11-27T14:11:12.264Z, pid: 78328] > /home/peaches/anaconda3/bin/python -m dvc --version - INITIALIZED
[version: 1.2.29, 2025-11-27T14:11:12.275Z, pid: 78328] > /home/peaches/anaconda3/bin/python -m dvc --version - FAILED with code 1 (19ms)
/home/peaches/anaconda3/bin/python: No module named dvc

[version: 1.2.29, 2025-11-27T14:11:12.280Z, pid: 0] > dvc --version - INITIALIZED
[version: 1.2.29, 2025-11-27T14:11:12.281Z, pid: 0] > dvc --version - FAILED (6ms)
Command failed with ENOENT: dvc --version
spawn dvc ENOENT
[version: 1.2.29, 2025-11-27T14:11:17.289Z, pid: 78332] > /home/peaches/anaconda3/bin/python -m dvc --version - INITIALIZED
[version: 1.2.29, 2025-11-27T14:11:17.301Z, pid: 78332] > /home/peaches/anaconda3/bin/python -m dvc --version - FAILED with code 1 (19ms)
/home/peaches/anaconda3/bin/python: No module named dvc

[version: 1.2.29, 2025-11-27T14:11:17.306Z, pid: 0] > dvc --version - INITIALIZED
[version: 1.2.29, 2025-11-27T14:11:17.307Z, pid: 0] > dvc --version - FAILED (6ms)
Command failed with ENOENT: dvc --version
spawn dvc ENOENT
[version: 1.2.29, 2025-11-27T14:11:22.313Z, pid: 78342] > /home/peaches/anaconda3/bin/python -m dvc --version - INITIALIZED
[version: 1.2.29, 2025-11-27T14:11:22.325Z, pid: 78342] > /home/peaches/anaconda3/bin/python -m dvc --version - FAILED with code 1 (17ms)
/home/peaches/anaconda3/bin/python: No module named dvc

[version: 1.2.29, 2025-11-27T14:11:22.330Z, pid: 0] > dvc --version - INITIALIZED
[version: 1.2.29, 2025-11-27T14:11:22.331Z, pid: 0] > dvc --version - FAILED (6ms)
Command failed with ENOENT: dvc --version
spawn dvc ENOENT
[version: 1.2.29, 2025-11-27T14:11:27.338Z, pid: 78345] > /home/peaches/anaconda3/bin/python -m dvc --version - INITIALIZED
[version: 1.2.29, 2025-11-27T14:11:27.348Z, pid: 78345] > /home/peaches/anaconda3/bin/python -m dvc --version - FAILED with code 1 (16ms)
/home/peaches/anaconda3/bin/python: No module named dvc

[version: 1.2.29, 2025-11-27T14:11:27.353Z, pid: 0] > dvc --version - INITIALIZED
[version: 1.2.29, 2025-11-27T14:11:27.354Z, pid: 0] > dvc --version - FAILED (6ms)
Command failed with ENOENT: dvc --version
spawn dvc ENOENT
[version: 1.2.29, 2025-11-27T14:11:32.361Z, pid: 78347] > /home/peaches/anaconda3/bin/python -m dvc --version - INITIALIZED
[version: 1.2.29, 2025-11-27T14:11:32.374Z, pid: 78347] > /home/peaches/anaconda3/bin/python -m dvc --version - FAILED with code 1 (19ms)
/home/peaches/anaconda3/bin/python: No module named dvc

[version: 1.2.29, 2025-11-27T14:11:32.379Z, pid: 0] > dvc --version - INITIALIZED
[version: 1.2.29, 2025-11-27T14:11:32.380Z, pid: 0] > dvc --version - FAILED (6ms)
Command failed with ENOENT: dvc --version
spawn dvc ENOENT
[version: 1.2.29, 2025-11-27T14:11:37.386Z, pid: 78349] > /home/peaches/anaconda3/bin/python -m dvc --version - INITIALIZED
[version: 1.2.29, 2025-11-27T14:11:37.397Z, pid: 78349] > /home/peaches/anaconda3/bin/python -m dvc --version - FAILED with code 1 (17ms)
/home/peaches/anaconda3/bin/python: No module named dvc

[version: 1.2.29, 2025-11-27T14:11:37.402Z, pid: 0] > dvc --version - INITIALIZED
[version: 1.2.29, 2025-11-27T14:11:37.403Z, pid: 0] > dvc --version - FAILED (6ms)
Command failed with ENOENT: dvc --version
spawn dvc ENOENT
[version: 1.2.29, 2025-11-27T14:11:42.410Z, pid: 78351] > /home/peaches/anaconda3/bin/python -m dvc --version - INITIALIZED
[version: 1.2.29, 2025-11-27T14:11:42.420Z, pid: 78351] > /home/peaches/anaconda3/bin/python -m dvc --version - FAILED with code 1 (16ms)
/home/peaches/anaconda3/bin/python: No module named dvc

[version: 1.2.29, 2025-11-27T14:11:42.425Z, pid: 0] > dvc --version - INITIALIZED
[version: 1.2.29, 2025-11-27T14:11:42.426Z, pid: 0] > dvc --version - FAILED (6ms)
Command failed with ENOENT: dvc --version
spawn dvc ENOENT
[version: 1.2.29, 2025-11-27T14:11:47.436Z, pid: 78355] > /home/peaches/anaconda3/bin/python -m dvc --version - INITIALIZED
[version: 1.2.29, 2025-11-27T14:11:47.446Z, pid: 78355] > /home/peaches/anaconda3/bin/python -m dvc --version - FAILED with code 1 (19ms)
/home/peaches/anaconda3/bin/python: No module named dvc

[version: 1.2.29, 2025-11-27T14:11:47.452Z, pid: 0] > dvc --version - INITIALIZED
[version: 1.2.29, 2025-11-27T14:11:47.453Z, pid: 0] > dvc --version - FAILED (7ms)
Command failed with ENOENT: dvc --version
spawn dvc ENOENT
[version: 1.2.29, 2025-11-27T14:11:52.459Z, pid: 78365] > /home/peaches/anaconda3/bin/python -m dvc --version - INITIALIZED
[version: 1.2.29, 2025-11-27T14:11:52.470Z, pid: 78365] > /home/peaches/anaconda3/bin/python -m dvc --version - FAILED with code 1 (16ms)
/home/peaches/anaconda3/bin/python: No module named dvc

[version: 1.2.29, 2025-11-27T14:11:52.475Z, pid: 0] > dvc --version - INITIALIZED
[version: 1.2.29, 2025-11-27T14:11:52.476Z, pid: 0] > dvc --version - FAILED (6ms)
Command failed with ENOENT: dvc --version
spawn dvc ENOENT
[version: 1.2.29, 2025-11-27T14:11:57.482Z, pid: 78371] > /home/peaches/anaconda3/bin/python -m dvc --version - INITIALIZED
[version: 1.2.29, 2025-11-27T14:11:57.493Z, pid: 78371] > /home/peaches/anaconda3/bin/python -m dvc --version - FAILED with code 1 (17ms)
/home/peaches/anaconda3/bin/python: No module named dvc

[version: 1.2.29, 2025-11-27T14:11:57.498Z, pid: 0] > dvc --version - INITIALIZED
[version: 1.2.29, 2025-11-27T14:11:57.498Z, pid: 0] > dvc --version - FAILED (5ms)
Command failed with ENOENT: dvc --version
spawn dvc ENOENT
[version: 1.2.29, 2025-11-27T14:12:02.505Z, pid: 78373] > /home/peaches/anaconda3/bin/python -m dvc --version - INITIALIZED
[version: 1.2.29, 2025-11-27T14:12:02.517Z, pid: 78373] > /home/peaches/anaconda3/bin/python -m dvc --version - FAILED with code 1 (18ms)
/home/peaches/anaconda3/bin/python: No module named dvc

[version: 1.2.29, 2025-11-27T14:12:02.523Z, pid: 0] > dvc --version - INITIALIZED
[version: 1.2.29, 2025-11-27T14:12:02.524Z, pid: 0] > dvc --version - FAILED (6ms)
Command failed with ENOENT: dvc --version
spawn dvc ENOENT
[version: 1.2.29, 2025-11-27T14:12:07.529Z, pid: 78418] > /home/peaches/anaconda3/bin/python -m dvc --version - INITIALIZED
[version: 1.2.29, 2025-11-27T14:12:07.540Z, pid: 78418] > /home/peaches/anaconda3/bin/python -m dvc --version - FAILED with code 1 (16ms)
/home/peaches/anaconda3/bin/python: No module named dvc

[version: 1.2.29, 2025-11-27T14:12:07.545Z, pid: 0] > dvc --version - INITIALIZED
[version: 1.2.29, 2025-11-27T14:12:07.545Z, pid: 0] > dvc --version - FAILED (5ms)
Command failed with ENOENT: dvc --version
spawn dvc ENOENT
[version: 1.2.29, 2025-11-27T14:12:12.551Z, pid: 78431] > /home/peaches/anaconda3/bin/python -m dvc --version - INITIALIZED
[version: 1.2.29, 2025-11-27T14:12:12.561Z, pid: 78431] > /home/peaches/anaconda3/bin/python -m dvc --version - FAILED with code 1 (15ms)
/home/peaches/anaconda3/bin/python: No module named dvc

[version: 1.2.29, 2025-11-27T14:12:12.567Z, pid: 0] > dvc --version - INITIALIZED
[version: 1.2.29, 2025-11-27T14:12:12.568Z, pid: 0] > dvc --version - FAILED (6ms)
Command failed with ENOENT: dvc --version
spawn dvc ENOENT
[version: 1.2.29, 2025-11-27T14:12:17.574Z, pid: 78441] > /home/peaches/anaconda3/bin/python -m dvc --version - INITIALIZED
[version: 1.2.29, 2025-11-27T14:12:17.585Z, pid: 78441] > /home/peaches/anaconda3/bin/python -m dvc --version - FAILED with code 1 (17ms)
/home/peaches/anaconda3/bin/python: No module named dvc

[version: 1.2.29, 2025-11-27T14:12:17.590Z, pid: 0] > dvc --version - INITIALIZED
[version: 1.2.29, 2025-11-27T14:12:17.591Z, pid: 0] > dvc --version - FAILED (5ms)
Command failed with ENOENT: dvc --version
spawn dvc ENOENT
[version: 1.2.29, 2025-11-27T14:12:22.596Z, pid: 78465] > /home/peaches/anaconda3/bin/python -m dvc --version - INITIALIZED
[version: 1.2.29, 2025-11-27T14:12:22.607Z, pid: 78465] > /home/peaches/anaconda3/bin/python -m dvc --version - FAILED with code 1 (16ms)
/home/peaches/anaconda3/bin/python: No module named dvc

[version: 1.2.29, 2025-11-27T14:12:22.613Z, pid: 0] > dvc --version - INITIALIZED
[version: 1.2.29, 2025-11-27T14:12:22.614Z, pid: 0] > dvc --version - FAILED (7ms)
Command failed with ENOENT: dvc --version
spawn dvc ENOENT
[version: 1.2.29, 2025-11-27T14:12:27.620Z, pid: 78471] > /home/peaches/anaconda3/bin/python -m dvc --version - INITIALIZED
[version: 1.2.29, 2025-11-27T14:12:27.631Z, pid: 78471] > /home/peaches/anaconda3/bin/python -m dvc --version - FAILED with code 1 (16ms)
/home/peaches/anaconda3/bin/python: No module named dvc

[version: 1.2.29, 2025-11-27T14:12:27.636Z, pid: 0] > dvc --version - INITIALIZED
[version: 1.2.29, 2025-11-27T14:12:27.637Z, pid: 0] > dvc --version - FAILED (5ms)
Command failed with ENOENT: dvc --version
spawn dvc ENOENT
[version: 1.2.29, 2025-11-27T14:12:32.644Z, pid: 78474] > /home/peaches/anaconda3/bin/python -m dvc --version - INITIALIZED
[version: 1.2.29, 2025-11-27T14:12:32.655Z, pid: 78474] > /home/peaches/anaconda3/bin/python -m dvc --version - FAILED with code 1 (17ms)
/home/peaches/anaconda3/bin/python: No module named dvc

[version: 1.2.29, 2025-11-27T14:12:32.662Z, pid: 0] > dvc --version - INITIALIZED
[version: 1.2.29, 2025-11-27T14:12:32.663Z, pid: 0] > dvc --version - FAILED (8ms)
Command failed with ENOENT: dvc --version
spawn dvc ENOENT
[version: 1.2.29, 2025-11-27T14:12:37.669Z, pid: 78476] > /home/peaches/anaconda3/bin/python -m dvc --version - INITIALIZED
[version: 1.2.29, 2025-11-27T14:12:37.680Z, pid: 78476] > /home/peaches/anaconda3/bin/python -m dvc --version - FAILED with code 1 (16ms)
/home/peaches/anaconda3/bin/python: No module named dvc

[version: 1.2.29, 2025-11-27T14:12:37.684Z, pid: 0] > dvc --version - INITIALIZED
[version: 1.2.29, 2025-11-27T14:12:37.686Z, pid: 0] > dvc --version - FAILED (5ms)
Command failed with ENOENT: dvc --version
spawn dvc ENOENT
[version: 1.2.29, 2025-11-27T14:12:42.692Z, pid: 78480] > /home/peaches/anaconda3/bin/python -m dvc --version - INITIALIZED
[version: 1.2.29, 2025-11-27T14:12:42.703Z, pid: 78480] > /home/peaches/anaconda3/bin/python -m dvc --version - FAILED with code 1 (16ms)
/home/peaches/anaconda3/bin/python: No module named dvc

[version: 1.2.29, 2025-11-27T14:12:42.708Z, pid: 0] > dvc --version - INITIALIZED
[version: 1.2.29, 2025-11-27T14:12:42.709Z, pid: 0] > dvc --version - FAILED (5ms)
Command failed with ENOENT: dvc --version
spawn dvc ENOENT
[version: 1.2.29, 2025-11-27T14:12:47.717Z, pid: 78489] > /home/peaches/anaconda3/bin/python -m dvc --version - INITIALIZED
[version: 1.2.29, 2025-11-27T14:12:47.728Z, pid: 78489] > /home/peaches/anaconda3/bin/python -m dvc --version - FAILED with code 1 (18ms)
/home/peaches/anaconda3/bin/python: No module named dvc

[version: 1.2.29, 2025-11-27T14:12:47.733Z, pid: 0] > dvc --version - INITIALIZED
[version: 1.2.29, 2025-11-27T14:12:47.734Z, pid: 0] > dvc --version - FAILED (5ms)
Command failed with ENOENT: dvc --version
spawn dvc ENOENT
[version: 1.2.29, 2025-11-27T14:12:52.742Z, pid: 78547] > /home/peaches/anaconda3/bin/python -m dvc --version - INITIALIZED
[version: 1.2.29, 2025-11-27T14:12:52.755Z, pid: 78547] > /home/peaches/anaconda3/bin/python -m dvc --version - FAILED with code 1 (20ms)
/home/peaches/anaconda3/bin/python: No module named dvc

[version: 1.2.29, 2025-11-27T14:12:52.760Z, pid: 0] > dvc --version - INITIALIZED
[version: 1.2.29, 2025-11-27T14:12:52.761Z, pid: 0] > dvc --version - FAILED (5ms)
Command failed with ENOENT: dvc --version
spawn dvc ENOENT
[version: 1.2.29, 2025-11-27T14:12:57.767Z, pid: 78551] > /home/peaches/anaconda3/bin/python -m dvc --version - INITIALIZED
[version: 1.2.29, 2025-11-27T14:12:57.777Z, pid: 78551] > /home/peaches/anaconda3/bin/python -m dvc --version - FAILED with code 1 (15ms)
/home/peaches/anaconda3/bin/python: No module named dvc

[version: 1.2.29, 2025-11-27T14:12:57.782Z, pid: 0] > dvc --version - INITIALIZED
[version: 1.2.29, 2025-11-27T14:12:57.783Z, pid: 0] > dvc --version - FAILED (5ms)
Command failed with ENOENT: dvc --version
spawn dvc ENOENT
[version: 1.2.29, 2025-11-27T14:13:02.789Z, pid: 78554] > /home/peaches/anaconda3/bin/python -m dvc --version - INITIALIZED
[version: 1.2.29, 2025-11-27T14:13:02.801Z, pid: 78554] > /home/peaches/anaconda3/bin/python -m dvc --version - FAILED with code 1 (18ms)
/home/peaches/anaconda3/bin/python: No module named dvc

[version: 1.2.29, 2025-11-27T14:13:02.806Z, pid: 0] > dvc --version - INITIALIZED
[version: 1.2.29, 2025-11-27T14:13:02.807Z, pid: 0] > dvc --version - FAILED (6ms)
Command failed with ENOENT: dvc --version
spawn dvc ENOENT
[version: 1.2.29, 2025-11-27T14:13:07.812Z, pid: 78680] > /home/peaches/anaconda3/bin/python -m dvc --version - INITIALIZED
[version: 1.2.29, 2025-11-27T14:13:07.824Z, pid: 78680] > /home/peaches/anaconda3/bin/python -m dvc --version - FAILED with code 1 (16ms)
/home/peaches/anaconda3/bin/python: No module named dvc

[version: 1.2.29, 2025-11-27T14:13:07.831Z, pid: 0] > dvc --version - INITIALIZED
[version: 1.2.29, 2025-11-27T14:13:07.832Z, pid: 0] > dvc --version - FAILED (8ms)
Command failed with ENOENT: dvc --version
spawn dvc ENOENT
[version: 1.2.29, 2025-11-27T14:13:12.838Z, pid: 78811] > /home/peaches/anaconda3/bin/python -m dvc --version - INITIALIZED
[version: 1.2.29, 2025-11-27T14:13:12.848Z, pid: 78811] > /home/peaches/anaconda3/bin/python -m dvc --version - FAILED with code 1 (15ms)
/home/peaches/anaconda3/bin/python: No module named dvc

[version: 1.2.29, 2025-11-27T14:13:12.853Z, pid: 0] > dvc --version - INITIALIZED
[version: 1.2.29, 2025-11-27T14:13:12.854Z, pid: 0] > dvc --version - FAILED (6ms)
Command failed with ENOENT: dvc --version
spawn dvc ENOENT
[version: 1.2.29, 2025-11-27T14:13:17.862Z, pid: 78845] > /home/peaches/anaconda3/bin/python -m dvc --version - INITIALIZED
[version: 1.2.29, 2025-11-27T14:13:17.874Z, pid: 78845] > /home/peaches/anaconda3/bin/python -m dvc --version - FAILED with code 1 (19ms)
/home/peaches/anaconda3/bin/python: No module named dvc

[version: 1.2.29, 2025-11-27T14:13:17.879Z, pid: 0] > dvc --version - INITIALIZED
[version: 1.2.29, 2025-11-27T14:13:17.880Z, pid: 0] > dvc --version - FAILED (6ms)
Command failed with ENOENT: dvc --version
spawn dvc ENOENT
[version: 1.2.29, 2025-11-27T14:13:22.887Z, pid: 78850] > /home/peaches/anaconda3/bin/python -m dvc --version - INITIALIZED
[version: 1.2.29, 2025-11-27T14:13:22.898Z, pid: 78850] > /home/peaches/anaconda3/bin/python -m dvc --version - FAILED with code 1 (17ms)
/home/peaches/anaconda3/bin/python: No module named dvc

[version: 1.2.29, 2025-11-27T14:13:22.903Z, pid: 0] > dvc --version - INITIALIZED
[version: 1.2.29, 2025-11-27T14:13:22.904Z, pid: 0] > dvc --version - FAILED (6ms)
Command failed with ENOENT: dvc --version
spawn dvc ENOENT
[version: 1.2.29, 2025-11-27T14:13:27.913Z, pid: 78870] > /home/peaches/anaconda3/bin/python -m dvc --version - INITIALIZED
[version: 1.2.29, 2025-11-27T14:13:27.924Z, pid: 78870] > /home/peaches/anaconda3/bin/python -m dvc --version - FAILED with code 1 (19ms)
/home/peaches/anaconda3/bin/python: No module named dvc

[version: 1.2.29, 2025-11-27T14:13:27.929Z, pid: 0] > dvc --version - INITIALIZED
[version: 1.2.29, 2025-11-27T14:13:27.930Z, pid: 0] > dvc --version - FAILED (6ms)
Command failed with ENOENT: dvc --version
spawn dvc ENOENT
[version: 1.2.29, 2025-11-27T14:13:32.936Z, pid: 78882] > /home/peaches/anaconda3/bin/python -m dvc --version - INITIALIZED
[version: 1.2.29, 2025-11-27T14:13:32.948Z, pid: 78882] > /home/peaches/anaconda3/bin/python -m dvc --version - FAILED with code 1 (17ms)
/home/peaches/anaconda3/bin/python: No module named dvc

[version: 1.2.29, 2025-11-27T14:13:32.953Z, pid: 0] > dvc --version - INITIALIZED
[version: 1.2.29, 2025-11-27T14:13:32.954Z, pid: 0] > dvc --version - FAILED (6ms)
Command failed with ENOENT: dvc --version
spawn dvc ENOENT
[version: 1.2.29, 2025-11-27T14:13:37.961Z, pid: 78890] > /home/peaches/anaconda3/bin/python -m dvc --version - INITIALIZED
[version: 1.2.29, 2025-11-27T14:13:37.971Z, pid: 78890] > /home/peaches/anaconda3/bin/python -m dvc --version - FAILED with code 1 (17ms)
/home/peaches/anaconda3/bin/python: No module named dvc

[version: 1.2.29, 2025-11-27T14:13:37.976Z, pid: 0] > dvc --version - INITIALIZED
[version: 1.2.29, 2025-11-27T14:13:37.977Z, pid: 0] > dvc --version - FAILED (6ms)
Command failed with ENOENT: dvc --version
spawn dvc ENOENT
[version: 1.2.29, 2025-11-27T14:13:42.985Z, pid: 78902] > /home/peaches/anaconda3/bin/python -m dvc --version - INITIALIZED
[version: 1.2.29, 2025-11-27T14:13:42.997Z, pid: 78902] > /home/peaches/anaconda3/bin/python -m dvc --version - FAILED with code 1 (19ms)
/home/peaches/anaconda3/bin/python: No module named dvc

[version: 1.2.29, 2025-11-27T14:13:43.003Z, pid: 0] > dvc --version - INITIALIZED
[version: 1.2.29, 2025-11-27T14:13:43.004Z, pid: 0] > dvc --version - FAILED (6ms)
Command failed with ENOENT: dvc --version
spawn dvc ENOENT
[version: 1.2.29, 2025-11-27T14:13:48.010Z, pid: 78914] > /home/peaches/anaconda3/bin/python -m dvc --version - INITIALIZED
[version: 1.2.29, 2025-11-27T14:13:48.021Z, pid: 78914] > /home/peaches/anaconda3/bin/python -m dvc --version - FAILED with code 1 (16ms)
/home/peaches/anaconda3/bin/python: No module named dvc

[version: 1.2.29, 2025-11-27T14:13:48.026Z, pid: 0] > dvc --version - INITIALIZED
[version: 1.2.29, 2025-11-27T14:13:48.027Z, pid: 0] > dvc --version - FAILED (6ms)
Command failed with ENOENT: dvc --version
spawn dvc ENOENT
[version: 1.2.29, 2025-11-27T14:13:53.033Z, pid: 78916] > /home/peaches/anaconda3/bin/python -m dvc --version - INITIALIZED
[version: 1.2.29, 2025-11-27T14:13:53.044Z, pid: 78916] > /home/peaches/anaconda3/bin/python -m dvc --version - FAILED with code 1 (17ms)
/home/peaches/anaconda3/bin/python: No module named dvc

[version: 1.2.29, 2025-11-27T14:13:53.049Z, pid: 0] > dvc --version - INITIALIZED
[version: 1.2.29, 2025-11-27T14:13:53.050Z, pid: 0] > dvc --version - FAILED (5ms)
Command failed with ENOENT: dvc --version
spawn dvc ENOENT
[version: 1.2.29, 2025-11-27T14:13:58.056Z, pid: 78926] > /home/peaches/anaconda3/bin/python -m dvc --version - INITIALIZED
[version: 1.2.29, 2025-11-27T14:13:58.066Z, pid: 78926] > /home/peaches/anaconda3/bin/python -m dvc --version - FAILED with code 1 (15ms)
/home/peaches/anaconda3/bin/python: No module named dvc

[version: 1.2.29, 2025-11-27T14:13:58.072Z, pid: 0] > dvc --version - INITIALIZED
[version: 1.2.29, 2025-11-27T14:13:58.073Z, pid: 0] > dvc --version - FAILED (5ms)
Command failed with ENOENT: dvc --version
spawn dvc ENOENT
[version: 1.2.29, 2025-11-27T14:14:03.082Z, pid: 78931] > /home/peaches/anaconda3/bin/python -m dvc --version - INITIALIZED
[version: 1.2.29, 2025-11-27T14:14:03.093Z, pid: 78931] > /home/peaches/anaconda3/bin/python -m dvc --version - FAILED with code 1 (18ms)
/home/peaches/anaconda3/bin/python: No module named dvc

[version: 1.2.29, 2025-11-27T14:14:03.098Z, pid: 0] > dvc --version - INITIALIZED
[version: 1.2.29, 2025-11-27T14:14:03.099Z, pid: 0] > dvc --version - FAILED (6ms)
Command failed with ENOENT: dvc --version
spawn dvc ENOENT
